t,attack_active,innovation_norm,nis,anis,nis_alarm,anis_alarm,p_trace,invert_ok,filt_x,filt_y,filt_z,true_x,true_y,true_z,spoof_error,lambda_k
1,0,6.504631,1.132178,1.132178,0,0,63.611138,1,4180485.5638,851787.9529,4725999.7099,4180483.8852,851790.4574,4726000.1391,6.5350,1.000000
2,0,9.454538,2.312140,1.722159,0,0,73.205792,1,4180481.4691,851789.0190,4725999.9122,4180483.1551,851790.3086,4726000.8072,5.5805,1.000000
3,0,9.337377,1.376351,1.606890,0,0,75.173785,1,4180483.3754,851788.6586,4725997.4564,4180482.4250,851790.1598,4726001.4754,9.2442,1.000000
4,0,22.845877,5.021908,2.460645,0,0,71.358176,1,4180480.3196,851785.2225,4726005.3287,4180481.6948,851790.0111,4726002.1435,18.2463,1.000000
5,0,10.059712,2.546237,2.477763,0,0,65.515268,1,4180475.8903,851786.8858,4726008.0904,4180480.9647,851789.8623,4726002.8117,11.5792,1.000000
6,0,6.720739,1.202338,2.265192,0,0,59.581536,1,4180476.3348,851785.0507,4726009.1522,4180480.2346,851789.7135,4726003.4798,7.9327,1.000000
7,0,26.258052,11.212253,3.543344,0,0,54.217664,1,4180479.3779,851788.7989,4726004.0063,4180479.5045,851789.5648,4726004.1480,16.7445,1.000000
8,0,27.888779,6.448304,3.906464,0,0,49.554253,1,4180479.0698,851790.4612,4726013.0733,4180478.7744,851789.4160,4726004.8161,27.5636,1.000000
9,0,6.513598,0.330240,3.509106,0,0,45.544164,1,4180478.5318,851790.7535,4726016.6737,4180478.0442,851789.2672,4726005.4843,15.9191,1.000000
10,0,31.925170,9.514962,4.109691,0,0,42.095053,1,4180475.8427,851790.0062,4726010.4294,4180477.3141,851789.1185,4726006.1525,19.6072,1.000000
11,0,10.701103,1.417574,4.138231,0,0,39.114046,1,4180475.0023,851788.8837,4726009.0871,4180476.5840,851788.9697,4726006.8206,6.2611,1.000000
12,0,7.482127,1.626169,4.069634,0,0,36.520552,1,4180475.6922,851789.8301,4726010.4820,4180475.8539,851788.8209,4726007.4888,7.5517,1.000000
13,0,16.661562,2.717341,4.203733,0,0,34.248163,1,4180474.7291,851788.9338,4726007.8295,4180475.1237,851788.6722,4726008.1569,13.2975,1.000000
14,0,4.980264,0.470428,3.748585,0,0,32.243169,1,4180474.5249,851789.4892,4726007.6083,4180474.3936,851788.5234,4726008.8251,5.3905,1.000000
15,0,11.008255,2.529308,3.746892,0,0,30.462339,1,4180472.7663,851788.2619,4726009.5917,4180473.6635,851788.3746,4726009.4932,9.3252,1.000000
16,0,13.585917,3.380991,3.964757,0,0,28.870804,1,4180473.4874,851789.1498,4726008.2508,4180472.9334,851788.2259,4726010.1614,13.0883,1.000000
17,0,18.965413,4.333630,3.276895,0,0,27.440301,1,4180472.1051,851788.0077,4726011.7907,4180472.2032,851788.0771,4726010.8295,16.5250,1.000000
18,0,7.375924,1.465522,2.778616,0,0,26.147768,1,4180471.9493,851786.8920,4726013.1044,4180471.4731,851787.9283,4726011.4977,7.9005,1.000000
19,0,2.920835,0.220284,2.767621,0,0,24.974256,1,4180471.4681,851787.1244,4726014.0845,4180470.7430,851787.7796,4726012.1658,3.8167,1.000000
20,0,7.643376,1.527849,1.968910,0,0,23.904076,1,4180470.0624,851786.2494,4726015.4756,4180470.0129,851787.6308,4726012.8340,8.8665,1.000000
21,0,19.378838,6.628691,2.490021,0,0,22.924151,1,4180471.0658,851785.3082,4726013.9482,4180469.2828,851787.4820,4726013.5021,17.7257,1.000000
22,0,29.320970,8.121690,3.139573,0,0,22.023498,1,4180470.6753,851784.3508,4726010.4989,4180468.5526,851787.3333,4726014.1703,29.4988,1.000000
23,0,17.975081,5.187356,3.386575,0,0,21.192840,1,4180469.4018,851785.3037,4726012.9881,4180467.8225,851787.1845,4726014.8384,12.6751,1.000000
24,0,5.573596,0.536027,3.393135,0,0,20.424284,1,4180469.1604,851784.8299,4726014.1126,4180467.0924,851787.0357,4726015.5066,6.2658,1.000000
25,0,7.588018,1.226867,3.262891,0,0,19.711080,1,4180467.8604,851784.4482,4726015.3616,4180466.3623,851786.8870,4726016.1747,6.0066,1.000000
26,0,12.476224,4.362955,3.361087,0,0,19.047420,1,4180466.1825,851785.1882,4726016.7484,4180465.6321,851786.7382,4726016.8429,9.6071,1.000000
27,0,8.453223,1.292016,3.056926,0,0,18.428284,1,4180465.8866,851785.5265,4726016.5652,4180464.9020,851786.5895,4726017.5110,8.1925,1.000000
28,0,16.205675,9.309740,3.841348,0,0,17.849306,1,4180466.5148,851786.9502,4726017.0629,4180464.1719,851786.4407,4726018.1792,16.1958,1.000000
29,0,4.313386,0.622304,3.881550,0,0,17.306677,1,4180465.5809,851786.4928,4726017.5132,4180463.4418,851786.2919,4726018.8473,3.5206,1.000000
30,0,8.435429,1.963726,3.925137,0,0,16.797056,1,4180465.1996,851787.2005,4726017.5921,4180462.7116,851786.1432,4726019.5155,10.2017,1.000000
31,0,10.252018,3.749459,3.637214,0,0,16.317501,1,4180463.7894,851786.2807,4726018.2489,4180461.9815,851785.9944,4726020.1836,7.7751,1.000000
32,0,5.778391,0.761407,2.901186,0,0,15.865413,1,4180462.6775,851786.2130,4726019.2299,4180461.2514,851785.8456,4726020.8518,3.0602,1.000000
33,0,12.899979,4.863192,2.868769,0,0,15.438483,1,4180460.9186,851785.5815,4726020.4569,4180460.5213,851785.6969,4726021.5199,10.7525,1.000000
34,0,17.516298,3.746018,3.189768,0,0,15.034658,1,4180459.7010,851785.0876,4726019.4601,4180459.7911,851785.5481,4726022.1881,18.4976,1.000000
35,0,5.988422,1.296530,3.196735,0,0,14.652104,1,4180459.5158,851785.2414,4726019.9666,4180459.0610,851785.3993,4726022.8563,6.5436,1.000000
36,0,20.554447,5.911250,3.351564,0,0,14.289178,1,4180459.1773,851785.9063,4726022.2260,4180458.3309,851785.2506,4726023.5244,17.9079,1.000000
37,0,5.704842,0.586311,3.280994,0,0,13.944402,1,4180458.1917,851785.6898,4726023.2497,4180457.6008,851785.1018,4726024.1926,3.9787,1.000000
38,0,11.983481,5.144568,2.864476,0,0,13.616446,1,4180457.9470,851784.5459,4726024.0270,4180456.8706,851784.9530,4726024.8607,11.5687,1.000000
39,0,11.329243,4.655557,3.267802,0,0,13.304107,1,4180456.3920,851784.9983,4726024.5387,4180456.1405,851784.8043,4726025.5289,10.3298,1.000000
40,0,18.402639,3.513407,3.422770,0,0,13.006297,1,4180455.9703,851784.7010,4726026.6639,4180455.4104,851784.6555,4726026.1970,17.4075,1.000000
41,0,18.030827,3.638678,3.411692,0,0,12.722026,1,4180455.6027,851784.3126,4726025.8916,4180454.6803,851784.5067,4726026.8652,17.7165,1.000000
42,0,4.329207,0.569769,3.392528,0,0,12.450395,1,4180455.0726,851784.4627,4726026.3303,4180453.9501,851784.3580,4726027.5333,5.2504,1.000000
43,0,13.820942,2.202198,3.126428,0,0,12.190583,1,4180454.1957,851784.0522,4726027.9755,4180453.2200,851784.2092,4726028.2015,12.4335,1.000000
44,0,10.543476,2.382805,2.990107,0,0,11.941839,1,4180454.0283,851783.6733,4726027.9981,4180452.4899,851784.0604,4726028.8696,11.4009,1.000000
45,0,7.971379,2.344058,3.094860,0,0,11.703477,1,4180453.4729,851782.8886,4726028.5793,4180451.7598,851783.9117,4726029.5378,8.8628,1.000000
46,0,17.157650,2.797923,2.783527,0,0,11.474866,1,4180452.7141,851782.8068,4726030.4565,4180451.0296,851783.7629,4726030.2059,16.0946,1.000000
47,0,7.690384,2.086003,2.933497,0,0,11.255427,1,4180451.5743,851783.0127,4726031.2392,4180450.2995,851783.6141,4726030.8740,5.9056,1.000000
48,0,5.095381,0.790779,2.498118,0,0,11.044627,1,4180450.7376,851783.1741,4726032.0606,4180449.5694,851783.4654,4726031.5422,4.4917,1.000000
49,0,10.367147,1.163643,2.148926,0,0,10.841972,1,4180450.1227,851782.8677,4726031.9985,4180448.8393,851783.3166,4726032.2103,10.1539,1.000000
50,0,9.896990,3.151196,2.112705,0,0,10.647010,1,4180449.8901,851783.2001,4726032.9150,4180448.1091,851783.1678,4726032.8785,10.4099,1.000000
51,0,16.541126,3.777468,2.126584,0,0,10.459318,1,4180448.8273,851783.3672,4726032.5205,4180447.3790,851783.0191,4726033.5466,16.0745,1.000000
52,0,5.510485,0.662000,2.135807,0,0,10.278507,1,4180447.8750,851783.1889,4726032.8536,4180446.6489,851782.8703,4726034.2148,5.6190,1.000000
53,0,20.356061,9.570408,2.872628,0,0,10.104215,1,4180446.3879,851783.7012,4726032.4993,4180445.9187,851782.7215,4726034.8829,20.9283,1.000000
54,0,16.278984,6.884038,3.322752,0,0,9.936106,1,4180446.1328,851784.3373,4726033.7398,4180445.1886,851782.5728,4726035.5511,15.7798,1.000000
55,0,9.044261,2.993107,3.387657,0,0,9.773867,1,4180445.5433,851783.6505,4726034.2276,4180444.4585,851782.4240,4726036.2192,8.1767,1.000000
56,0,13.296356,5.893420,3.697206,0,0,9.617207,1,4180444.0483,851783.3227,4726035.1334,4180443.7284,851782.2752,4726036.8874,11.3135,1.000000
57,0,13.404773,4.918302,3.980436,0,0,9.465853,1,4180442.6620,851782.9765,4726035.2373,4180442.9982,851782.1265,4726037.5555,14.1148,1.000000
58,0,11.236276,2.769435,4.178302,0,0,9.319551,1,4180442.4191,851782.8662,4726036.3304,4180442.2681,851781.9777,4726038.2237,9.3669,1.000000
59,0,2.401318,0.112922,4.073230,0,0,9.178065,1,4180441.6060,851782.7562,4726037.0426,4180441.5380,851781.8289,4726038.8918,1.5899,1.000000
60,0,7.934117,2.335515,3.991662,0,0,9.041171,1,4180440.4598,851782.9006,4726037.5810,4180440.8079,851781.6802,4726039.5600,8.8555,1.000000
61,0,11.376840,2.363849,3.850300,0,0,8.908661,1,4180439.3547,851782.6695,4726038.7247,4180440.0777,851781.5314,4726040.2281,9.7917,1.000000
62,0,9.667458,2.220762,4.006176,0,0,8.780339,1,4180438.9455,851782.8266,4726039.7194,4180439.3476,851781.3826,4726040.8963,8.8937,1.000000
63,0,9.791895,1.112939,3.160429,0,0,8.656023,1,4180438.2608,851782.5585,4726039.8082,4180438.6175,851781.2339,4726041.5644,10.7044,1.000000
64,0,13.689496,2.672003,2.739225,0,0,8.535539,1,4180437.8702,851782.3932,4726041.1085,4180437.8873,851781.0851,4726042.2326,11.8874,1.000000
65,0,7.285481,0.789779,2.518893,0,0,8.418724,1,4180436.9935,851782.1734,4726042.0932,4180437.1572,851780.9363,4726042.9007,6.0462,1.000000
66,0,3.794456,0.541834,1.983734,0,0,8.305427,1,4180436.0673,851781.9706,4726042.7414,4180436.4271,851780.7876,4726043.5689,3.7664,1.000000
67,0,13.182977,3.666888,1.858593,0,0,8.195502,1,4180435.4668,851781.3646,4726042.8327,4180435.6970,851780.6388,4726044.2370,13.1385,1.000000
68,0,9.532112,2.147510,1.796400,0,0,8.088814,1,4180434.3691,851781.1586,4726043.0965,4180434.9668,851780.4900,4726044.9052,10.7078,1.000000
69,0,28.523372,14.980333,3.283141,1,0,7.985234,1,4180434.5178,851780.8238,4726044.9279,4180434.2367,851780.3413,4726045.5733,26.5824,1.000000
70,0,11.887013,2.744191,3.324009,0,0,7.884640,1,4180434.1984,851780.6736,4726046.0439,4180433.5066,851780.1925,4726046.2414,11.5466,1.000000
71,0,8.218161,1.485689,3.236193,0,0,7.786918,1,4180433.2021,851780.5219,4726046.9854,4180432.7764,851780.0437,4726046.9096,7.5981,1.000000
72,0,15.438873,9.024915,3.916608,0,0,7.691960,1,4180433.3280,851780.2761,4726047.6648,4180432.0463,851779.8950,4726047.5777,15.8516,1.000000
73,0,18.693108,4.285053,4.233819,0,0,7.599661,1,4180432.8485,851780.3534,4726047.4268,4180431.3162,851779.7462,4726048.2459,19.0450,1.000000
74,0,4.701661,0.817329,4.048352,0,0,7.509924,1,4180432.4116,851780.2327,4726048.0892,4180430.5861,851779.5974,4726048.9140,6.2742,1.000000
75,0,10.288556,1.213850,4.090759,0,0,7.422657,1,4180431.7474,851779.9425,4726048.2305,4180429.8559,851779.4487,4726049.5822,11.1950,1.000000
76,0,7.944246,2.282333,4.264809,0,0,7.337772,1,4180431.0819,851780.1808,4726048.7453,4180429.1258,851779.2999,4726050.2503,9.1210,1.000000
77,0,8.223447,0.810495,3.979170,0,0,7.255184,1,4180430.4784,851779.9335,4726049.7248,4180428.3957,851779.1511,4726050.9185,7.2809,1.000000
78,0,15.795994,2.968065,4.061225,0,0,7.174815,1,4180429.8128,851779.5533,4726051.0460,4180427.6655,851779.0024,4726051.5866,14.5921,1.000000
79,0,12.915606,5.763473,3.139539,0,0,7.096589,1,4180428.8611,851778.8552,4726051.4665,4180426.9354,851778.8536,4726052.2548,11.9315,1.000000
80,0,3.278650,0.370321,2.902152,0,0,7.020433,1,4180428.0248,851778.7340,4726052.0356,4180426.2053,851778.7048,4726052.9229,2.4159,1.000000
81,0,16.620708,7.142061,3.467789,0,0,6.946280,1,4180427.1653,851779.1598,4726052.1655,4180425.4752,851778.5561,4726053.5911,16.9940,1.000000
82,0,9.600710,1.230738,2.688372,0,0,6.874063,1,4180426.3027,851779.0463,4726053.1730,4180424.7450,851778.4073,4726054.2592,7.7686,1.000000
83,0,5.711989,1.202511,2.380117,0,0,6.803720,1,4180425.4741,851779.1307,4726053.7342,4180424.0149,851778.2585,4726054.9273,6.1356,1.000000
84,0,11.715090,4.050512,2.703436,0,0,6.735192,1,4180425.0597,851778.6188,4726054.6304,4180423.2848,851778.1098,4726055.5955,11.4359,1.000000
85,0,5.521656,0.748321,2.656883,0,0,6.668422,1,4180424.4481,851778.2895,4726055.4149,4180422.5546,851777.9610,4726056.2636,5.5307,1.000000
86,0,2.576186,0.193834,2.448033,0,0,6.603354,1,4180423.8061,851778.0374,4726056.0973,4180421.8245,851777.8122,4726056.9318,3.4738,1.000000
87,0,16.631888,3.440013,2.710985,0,0,6.539938,1,4180423.1634,851778.1081,4726057.3862,4180421.0944,851777.6635,4726057.5999,16.1384,1.000000
88,0,14.398993,3.002294,2.714408,0,0,6.478124,1,4180422.4605,851778.2219,4726058.5681,4180420.3642,851777.5147,4726058.2681,14.4924,1.000000
89,0,24.096766,6.218154,2.759876,0,0,6.417862,1,4180421.9612,851778.1526,4726058.2320,4180419.6341,851777.3659,4726058.9362,24.3705,1.000000
90,0,4.982905,0.941161,2.816960,0,0,6.359109,1,4180421.4797,851778.0788,4726058.8369,4180418.9040,851777.2172,4726059.6044,7.5570,1.000000
91,0,10.553067,2.704531,2.373207,0,0,6.301820,1,4180420.4753,851777.8183,4726059.1653,4180418.1739,851777.0684,4726060.2725,9.4819,1.000000
92,0,13.274810,5.952279,2.845361,0,0,6.245954,1,4180419.3037,851777.4162,4726060.0036,4180417.4437,851776.9196,4726060.9406,10.6104,1.000000
93,0,26.319163,7.693666,3.494477,0,0,6.191468,1,4180418.3438,851777.2077,4726061.6545,4180416.7136,851776.7709,4726061.6088,24.9802,1.000000
94,0,9.855914,1.742204,3.263646,0,0,6.138326,1,4180417.5917,851777.2756,4726061.9674,4180415.9835,851776.6221,4726062.2769,10.0308,1.000000
95,0,3.246944,0.388980,3.227712,0,0,6.086490,1,4180416.9158,851776.9898,4726062.5745,4180415.2533,851776.4733,4726062.9451,3.5473,1.000000
96,0,11.521282,3.629059,3.571234,0,0,6.035924,1,4180415.8228,851776.8839,4726063.4863,4180414.5232,851776.3246,4726063.6132,10.0554,1.000000
97,0,10.226394,2.057342,3.432967,0,0,5.986593,1,4180414.8500,851776.7297,4726064.4423,4180413.7931,851776.1758,4726064.2814,9.3857,1.000000
98,0,4.143862,0.288513,3.161589,0,0,5.938465,1,4180414.1268,851776.6697,4726064.9502,4180413.0629,851776.0270,4726064.9495,4.4549,1.000000
99,0,9.854516,2.809260,2.820700,0,0,5.891507,1,4180413.5507,851776.8318,4726065.3824,4180412.3328,851775.8783,4726065.6176,10.7652,1.000000
100,0,7.229775,1.338733,2.860457,0,0,5.845689,1,4180412.9906,851776.5409,4726066.2093,4180411.6027,851775.7295,4726066.2858,7.3930,1.000000
101,0,31.106411,11.028395,3.692843,0,0,5.800981,1,4180412.4661,851776.1498,4726065.7372,4180410.8725,851775.5807,4726066.9539,31.2897,1.000000
102,0,13.475623,3.528263,3.450442,0,0,5.757355,1,4180411.7244,851776.3297,4726066.7747,4180410.1424,851775.4320,4726067.6221,12.8792,1.000000
103,0,4.324110,0.716565,2.752731,0,0,5.714782,1,4180410.8856,851776.0598,4726067.4206,4180409.4123,851775.2832,4726068.2902,2.7332,1.000000
104,0,5.239487,0.562204,2.634731,0,0,5.673237,1,4180410.0654,851775.8308,4726068.2004,4180408.6821,851775.1344,4726068.9584,3.6417,1.000000
105,0,19.161943,6.670885,3.262922,0,0,5.632693,1,4180408.9481,851775.8573,4726068.2474,4180407.9520,851774.9857,4726069.6265,19.3640,1.000000
106,0,10.327567,3.338619,3.233878,0,0,5.593126,1,4180408.5463,851775.8639,4726068.6836,4180407.2219,851774.8369,4726070.2946,12.1509,1.000000
107,0,14.418086,7.260831,3.754227,0,0,5.554512,1,4180407.2964,851775.8816,4726069.1249,4180406.4917,851774.6881,4726070.9628,14.2571,1.000000
108,0,17.090659,3.290867,4.054462,0,0,5.516826,1,4180406.6085,851775.6059,4726070.3299,4180405.7616,851774.5394,4726071.6309,15.0940,1.000000
109,0,10.608595,1.283158,3.901852,0,0,5.480047,1,4180405.7792,851775.5282,4726070.5969,4180405.0315,851774.3906,4726072.2991,11.9531,1.000000
110,0,7.483479,1.247862,3.892765,0,0,5.444153,1,4180404.8775,851775.2886,4726071.4139,4180404.3014,851774.2418,4726072.9672,5.3662,1.000000
111,0,19.204492,4.729576,3.262883,0,0,5.409123,1,4180403.8863,851775.1689,4726072.6646,4180403.5712,851774.0931,4726073.6354,17.5626,1.000000
112,0,7.690118,1.658637,3.075920,0,0,5.374935,1,4180402.9482,851774.8932,4726073.4571,4180402.8411,851773.9443,4726074.3035,6.4131,1.000000
113,0,12.089439,2.530057,3.257269,0,0,5.341571,1,4180402.0039,851774.6174,4726073.7400,4180402.1110,851773.7955,4726074.9716,12.5728,1.000000
114,0,5.745112,0.778351,3.278884,0,0,5.309011,1,4180401.1351,851774.5868,4726074.2312,4180401.3808,851773.6468,4726075.6398,7.1452,1.000000
115,0,9.305569,0.929861,2.704782,0,0,5.277236,1,4180400.3237,851774.4966,4726075.1657,4180400.6507,851773.4980,4726076.3079,8.1287,1.000000
116,0,4.731606,0.719270,2.442847,0,0,5.246227,1,4180399.5516,851774.2086,4726075.8705,4180399.9206,851773.3492,4726076.9761,3.3906,1.000000
117,0,4.281467,0.699902,1.786754,0,0,5.215968,1,4180398.6398,851774.1327,4726076.4848,4180399.1904,851773.2004,4726077.6442,5.2226,1.000000
118,0,13.123899,4.809985,1.938666,0,0,5.186440,1,4180398.1092,851773.6862,4726077.3774,4180398.4603,851773.0517,4726078.3123,11.5156,1.000000
119,0,25.969621,8.038775,2.614228,0,0,5.157628,1,4180397.1299,851773.3920,4726078.8284,4180397.7302,851772.9029,4726078.9805,25.0294,1.000000
120,0,8.015970,2.217050,2.711147,0,0,5.129514,1,4180396.4428,851773.5302,4726079.3762,4180397.0000,851772.7541,4726079.6486,8.4124,1.000000
121,0,6.798475,1.124458,2.350635,0,0,5.102084,1,4180395.7461,851773.2331,4726080.1712,4180396.2699,851772.6054,4726080.3168,5.9360,1.000000
122,0,4.388394,0.690159,2.253787,0,0,5.075321,1,4180395.0394,851772.9553,4726080.8521,4180395.5398,851772.4566,4726080.9849,3.5961,1.000000
123,0,9.205212,1.691703,2.169951,0,0,5.049210,1,4180394.2597,851773.0224,4726081.7229,4180394.8096,851772.3078,4726081.6530,9.4370,1.000000
124,0,13.868469,3.599005,2.452017,0,0,5.023737,1,4180393.7559,851772.7500,4726082.7247,4180394.0795,851772.1591,4726082.3212,13.4489,1.000000
125,0,9.846181,3.685956,2.727626,0,0,4.998887,1,4180393.3680,851772.5790,4726083.3257,4180393.3493,851772.0103,4726082.9893,9.4287,1.000000
126,0,13.763592,2.435491,2.899248,0,0,4.974646,1,4180392.7535,851772.5520,4726083.5628,4180392.6192,851771.8615,4726083.6575,13.6161,1.000000
127,0,12.086850,1.711865,3.000445,0,0,4.951002,1,4180391.9705,851772.5158,4726083.8391,4180391.8891,851771.7128,4726084.3256,12.3756,1.000000
128,0,8.982176,1.592194,2.678666,0,0,4.927940,1,4180391.4136,851772.2955,4726084.2516,4180391.1589,851771.5640,4726084.9937,9.2978,1.000000
129,0,8.811483,2.160974,2.090885,0,0,4.905447,1,4180390.8968,851772.2818,4726084.7218,4180390.4288,851771.4152,4726085.6619,9.7698,1.000000
130,0,8.183662,1.168681,1.986049,0,0,4.883511,1,4180390.3187,851772.1614,4726085.5720,4180389.6987,851771.2665,4726086.3300,7.7585,1.000000
131,0,14.646822,5.094233,2.383026,0,0,4.862120,1,4180389.9397,851771.8921,4726086.5306,4180388.9685,851771.1177,4726086.9982,14.3343,1.000000
132,0,11.095586,1.447732,2.458783,0,0,4.841261,1,4180389.1369,851771.6707,4726087.4952,4180388.2384,851770.9689,4726087.6663,10.3414,1.000000
133,0,4.459848,0.365776,2.326191,0,0,4.820922,1,4180388.4960,851771.4901,4726088.2533,4180387.5083,851770.8202,4726088.3344,4.7970,1.000000
134,0,9.708611,3.207395,2.287030,0,0,4.801093,1,4180387.7250,851771.0195,4726088.7864,4180386.7781,851770.6714,4726089.0026,9.0671,1.000000
135,0,30.344963,10.216380,2.940072,0,0,4.781760,1,4180386.9032,851771.0779,4726088.5484,4180386.0480,851770.5226,4726089.6707,30.5774,1.000000
136,0,8.713756,1.976406,2.894164,0,0,4.762915,1,4180386.3528,851771.0766,4726089.3529,4180385.3179,851770.3739,4726090.3389,8.8424,1.000000
137,0,24.746880,7.456713,3.468648,0,0,4.744545,1,4180385.6219,851770.6621,4726090.6859,4180384.5877,851770.2251,4726091.0070,23.5810,1.000000
138,0,10.679101,2.589316,3.568361,0,0,4.726640,1,4180384.6522,851770.5428,4726091.5604,4180383.8576,851770.0763,4726091.6751,9.8103,1.000000
139,0,5.877906,0.839490,3.436212,0,0,4.709189,1,4180383.7872,851770.3458,4726092.3274,4180383.1275,851769.9276,4726092.3433,5.1851,1.000000
140,0,23.291387,6.473051,3.966649,0,0,4.692184,1,4180383.0670,851770.4090,4726093.6298,4180382.3973,851769.7788,4726093.0114,23.3837,1.000000
141,0,17.785742,6.382089,4.095435,0,0,4.675612,1,4180381.9668,851770.2044,4726094.7031,4180381.6672,851769.6300,4726093.6796,17.8624,1.000000
142,0,22.717861,6.069590,4.557621,0,1,4.659466,1,4180381.1285,851770.2245,4726096.0044,4180380.9370,851769.4813,4726094.3477,23.7997,1.000000
143,0,18.237707,2.163228,4.737366,0,1,86.635110,1,4180380.9961,851770.5879,4726086.4864,4180380.2069,851769.3325,4726095.0158,16.6448,42.982136
144,0,16.401722,2.441963,4.660823,0,1,89.813891,1,4180377.8360,851767.3839,4726095.9557,4180379.4768,851769.1837,4726095.6840,8.1079,2.508537
145,0,7.803810,0.635448,3.702729,0,0,71.862230,1,4180375.4649,851767.0789,4726093.2656,4180378.7466,851769.0349,4726096.3521,8.6805,1.488006
146,0,11.527811,3.895565,3.894645,0,0,49.696795,1,4180376.8704,851770.0008,4726094.5091,4180378.0165,851768.8862,4726097.0202,8.0505,1.000000
147,0,13.056670,1.695670,3.318541,0,0,38.379346,1,4180376.7906,851769.1482,4726098.2815,4180377.2864,851768.7374,4726097.6884,10.1721,1.000000
148,0,4.027285,0.303344,3.089944,0,0,31.589605,1,4180376.3916,851769.4556,4726098.3095,4180376.5562,851768.5886,4726098.3565,3.6915,1.000000
149,0,10.281711,3.557857,3.361780,0,0,27.130345,1,4180374.6865,851767.6737,4726098.8812,4180375.8261,851768.4399,4726099.0247,9.6265,1.000000
150,1,713.873280,17458.674004,1748.581876,1,1,24.033742,1,4180458.8356,851851.6531,4726100.8008,4180375.0960,851768.2911,4726099.6928,712.4808,1.000000
151,1,583.445462,6812.994837,2429.243151,1,1,481.722461,1,4180873.3419,852266.5170,4726094.4081,4180374.3658,851768.1423,4726100.3609,706.2135,3352.588617
152,1,29.940880,17.067998,2430.342991,1,1,17116.801011,1,4180869.7201,852271.7855,4726102.5185,4180373.6357,851767.9936,4726101.0291,707.0070,173.264528
153,1,16.786149,5.405741,2430.667243,0,1,1012.882375,1,4180876.5128,852265.0885,4726111.5529,4180372.9055,851767.8448,4726101.6972,707.7806,4.911752
154,1,27.083603,9.780666,2431.401113,0,1,5584.070143,1,4180867.6912,852271.3844,4726102.4883,4180372.1754,851767.6960,4726102.3653,706.5645,65.054777
155,1,17.620054,5.727402,2431.910308,0,1,2300.371570,1,4180877.6816,852268.1711,4726091.8369,4180371.4453,851767.5473,4726103.0335,712.0678,14.636312
156,1,27.835384,12.555694,2432.776321,1,1,4108.729282,1,4180864.8413,852274.5377,4726095.4512,4180370.7151,851767.3985,4726103.7016,708.0936,32.937182
157,1,36.522138,13.024005,2433.909155,1,1,2844.731549,1,4180865.7916,852262.7018,4726127.6105,4180369.9850,851767.2497,4726104.3698,701.3054,19.499658
158,1,65.627807,31.327193,2437.011540,1,1,3643.507806,1,4180877.6734,852274.6168,4726097.4603,4180369.2549,851767.1010,4726105.0379,718.4578,27.433761
159,1,39.601298,10.725702,2437.728324,0,1,3105.748979,1,4180879.0144,852274.3560,4726109.9422,4180368.5247,851766.9522,4726105.7060,719.7514,21.933173
160,1,21.887055,9.217470,692.782671,0,1,1567.244089,1,4180861.0445,852267.7810,4726114.6888,4180367.7946,851766.8034,4726106.3742,703.0134,10.332677
161,1,25.020738,12.855608,12.768748,1,1,342.561807,1,4180867.7208,852262.4150,4726116.9451,4180367.0644,851766.6547,4726107.0423,706.0124,1.000000
162,1,14.699004,2.028933,11.264841,0,1,208.664171,1,4180864.9066,852254.8399,4726108.7091,4180366.3343,851766.5059,4726107.7104,696.9474,1.582875
163,1,32.654871,14.072035,12.131471,1,1,195.582103,1,4180866.7743,852267.9224,4726125.6054,4180365.6042,851766.3571,4726108.3786,711.6627,2.816445
164,1,12.005286,2.825164,11.435921,0,1,202.123323,1,4180859.1492,852264.7571,4726127.4071,4180364.8740,851766.2083,4726109.0467,700.7497,3.030532
165,1,32.305501,7.016896,11.564870,0,1,226.449801,1,4180863.0049,852259.4985,4726104.4712,4180364.1439,851766.0596,4726109.7148,701.8795,3.308426
166,1,28.387404,9.164555,11.225756,0,1,245.088785,1,4180867.3664,852271.7996,4726116.9900,4180363.4138,851765.9108,4726110.3830,716.1137,3.031836
167,1,19.424770,2.807885,10.204144,0,1,238.575740,1,4180871.4969,852270.5255,4726103.1506,4180362.6836,851765.7620,4726111.0511,716.3981,2.522480
168,1,15.493327,4.491850,7.520610,0,1,181.775545,1,4180864.4597,852269.0738,4726103.1617,4180361.9535,851765.6133,4726111.7192,708.6158,1.400836
169,1,17.445874,2.365673,6.684607,0,1,146.846625,1,4180861.8337,852265.1564,4726111.9593,4180361.2233,851765.4645,4726112.3874,705.9518,1.305026
170,1,10.617309,2.585582,6.021418,0,1,131.387770,1,4180865.5915,852267.8921,4726115.2695,4180360.4932,851765.3157,4726113.0555,715.6700,1.455711
171,1,22.857991,7.342994,5.470157,0,1,124.836846,1,4180857.0392,852261.4667,4726106.0655,4180359.7631,851765.1670,4726113.7236,697.9278,1.621080
172,1,13.472411,1.144815,5.381745,0,1,122.185828,1,4180853.5405,852260.5430,4726114.0068,4180359.0329,851765.0182,4726114.3918,700.1565,1.742315
173,1,15.117365,2.972783,4.271820,0,0,108.253429,1,4180855.8262,852261.2038,4726107.9230,4180358.3028,851764.8694,4726115.0599,706.1227,1.362419
174,1,14.245650,4.983119,4.487615,0,1,86.843243,1,4180854.9948,852267.0506,4726105.0520,4180357.5726,851764.7207,4726115.7281,712.1932,1.000000
175,1,11.001187,1.332810,3.919207,0,0,85.401165,1,4180856.1045,852268.8034,4726108.8653,4180356.8425,851764.5719,4726116.3962,711.9326,1.269585
176,1,10.458369,3.021868,3.304938,0,0,72.670931,1,4180857.7114,852265.6984,4726108.7657,4180356.1124,851764.4231,4726117.0643,707.7666,1.000000
177,1,14.495280,4.548957,3.479045,0,0,64.503636,1,4180853.7482,852262.6753,4726112.0437,4180355.3822,851764.2744,4726117.7325,697.7241,1.000000
178,1,10.706243,2.478145,3.277675,0,0,58.495449,1,4180855.5180,852260.4910,4726110.3301,4180354.6521,851764.1256,4726118.4006,706.6409,1.000000
179,1,22.504930,4.977836,3.538891,0,0,53.698694,1,4180852.8949,852261.0164,4726117.8338,4180353.9219,851763.9768,4726119.0687,703.3742,1.000000
180,1,7.215295,1.297216,3.410054,0,0,49.684108,1,4180853.7448,852259.3177,4726120.3567,4180353.1918,851763.8280,4726119.7369,705.2755,1.000000
181,1,8.448422,1.697479,2.845503,0,0,46.231396,1,4180852.7301,852260.6116,4726123.3198,4180352.4617,851763.6793,4726120.4050,707.8863,1.000000
182,1,10.819297,3.179914,3.049013,0,0,43.212677,1,4180854.8479,852260.1604,4726123.8168,4180351.7315,851763.5305,4726121.0731,712.0677,1.000000
183,1,12.780464,1.382064,2.889941,0,0,40.544875,1,4180854.1087,852259.4100,4726128.7641,4180351.0014,851763.3817,4726121.7413,705.3105,1.000000
184,1,7.667068,0.534854,2.445114,0,0,38.168927,1,4180853.7922,852258.4760,4726132.6361,4180350.2712,851763.2330,4726122.4094,705.6298,1.000000
185,1,15.708961,4.889511,2.800784,0,0,36.040056,1,4180851.7638,852259.8591,4726132.1686,4180349.5411,851763.0842,4726123.0775,707.0168,1.000000
186,1,4.526447,0.630116,2.561609,0,0,34.122847,1,4180851.6063,852258.5802,4726133.8102,4180348.8110,851762.9354,4726123.7457,704.7612,1.000000
187,1,14.709876,3.913210,2.498034,0,0,32.388513,1,4180849.4287,852259.1382,4726133.2676,4180348.0808,851762.7867,4726124.4138,703.7137,1.000000
188,1,11.501903,1.831247,2.433345,0,0,30.813240,1,4180848.2910,852259.7490,4726136.9931,4180347.3507,851762.6379,4726125.0819,707.3456,1.000000
189,1,23.537200,4.756552,2.411216,0,0,29.377084,1,4180847.2049,852259.3508,4726134.2878,4180346.6205,851762.4891,4726125.7501,703.8728,1.000000
190,1,12.795218,2.810630,2.562558,0,0,28.063201,1,4180845.1638,852259.4824,4726133.8357,4180345.8904,851762.3404,4726126.4182,701.7939,1.000000
191,1,25.048391,7.389715,3.131781,0,0,26.857264,1,4180844.9130,852260.7152,4726130.9994,4180345.1603,851762.1916,4726127.0863,712.8011,1.000000
192,1,19.881967,4.545153,3.268305,0,0,25.747021,1,4180844.0964,852261.7148,4726128.8218,4180344.4301,851762.0428,4726127.7545,710.6042,1.000000
193,1,13.002411,2.398385,3.369937,0,0,24.721936,1,4180844.0995,852261.0335,4726131.4948,4180343.7000,851761.8940,4726128.4226,707.5177,1.000000
194,1,14.251010,5.228720,3.839324,0,0,23.772915,1,4180844.5988,852262.2747,4726131.1041,4180342.9698,851761.7453,4726129.0907,718.3923,1.000000
195,1,10.608123,3.661649,3.716538,0,0,22.892070,1,4180843.0581,852260.9963,4726131.4724,4180342.2397,851761.5965,4726129.7589,698.7719,1.000000
196,1,3.431151,0.396282,3.693154,0,0,22.072533,1,4180841.8749,852260.8363,4726132.3911,4180341.5095,851761.4477,4726130.4270,704.6986,1.000000
197,1,32.797090,13.476101,4.649443,1,1,21.308304,1,4180841.3766,852258.9837,4726128.9166,4180340.7794,851761.2990,4726131.0951,700.0174,1.000000
198,1,11.673266,3.301204,4.796439,0,1,85.215308,1,4180844.4829,852263.8651,4726131.2229,4180340.0493,851761.1502,4726131.7632,717.0090,8.203843
199,1,9.948341,2.603979,4.581182,0,1,75.340636,1,4180839.7457,852261.4522,4726132.5638,4180339.3191,851761.0014,4726132.4314,702.9536,1.578433
200,1,7.918836,1.142852,4.414404,0,1,72.846088,1,4180839.8733,852258.6413,4726135.7747,4180338.5890,851760.8527,4726133.0995,705.0498,1.667750
201,1,7.113919,1.407316,3.816164,0,0,53.387658,1,4180837.1358,852257.1842,4726137.3213,4180337.8588,851760.7039,4726133.7676,699.8368,1.010201
202,1,10.461801,1.144280,3.476077,0,0,43.026398,1,4180837.0035,852256.1400,4726135.4041,4180337.1287,851760.5551,4726134.4358,703.7752,1.000000
203,1,9.262870,1.917797,3.428018,0,0,36.856094,1,4180835.2878,852257.2441,4726137.5478,4180336.3986,851760.4064,4726135.1039,705.1739,1.000000
204,1,3.541386,0.311597,2.936306,0,0,32.856664,1,4180834.8209,852257.5243,4726138.7802,4180335.6684,851760.2576,4726135.7720,706.8213,1.000000
205,1,7.494145,1.064460,2.676587,0,0,30.116472,1,4180833.0628,852257.2130,4726140.7299,4180334.9383,851760.1088,4726136.4402,700.7631,1.000000
206,1,11.138727,2.960334,2.932992,0,0,28.158589,1,4180831.3298,852258.3447,4726140.3414,4180334.2081,851759.9600,4726137.1083,705.4663,1.000000
207,1,10.012181,3.335692,1.918951,0,0,26.707139,1,4180828.9696,852257.2502,4726140.8536,4180333.4780,851759.8113,4726137.7764,694.1430,1.000000
208,1,20.263706,7.454980,2.334329,0,0,25.591192,1,4180829.2188,852258.7219,4726144.3461,4180332.7478,851759.6625,4726138.4446,714.4208,1.000000
209,1,13.647708,3.016212,2.375552,0,0,24.699959,1,4180829.0767,852259.5661,4726143.4609,4180332.0177,851759.5137,4726139.1127,711.2702,1.000000
210,1,8.030757,1.396367,2.400904,0,0,23.959672,1,4180829.0420,852259.8828,4726143.4129,4180331.2876,851759.3650,4726139.7808,710.2508,1.000000
211,1,3.586424,0.224286,2.282601,0,0,23.320579,1,4180828.5153,852259.7710,4726143.7456,4180330.5574,851759.2162,4726140.4489,706.6759,1.000000
212,1,12.752045,1.883463,2.356519,0,0,22.749068,1,4180828.3558,852259.8202,4726146.3019,4180329.8273,851759.0674,4726141.1171,709.4671,1.000000
213,1,8.816647,2.646135,2.429353,0,0,22.222599,1,4180827.2808,852258.5949,4726146.9458,4180329.0971,851758.9187,4726141.7852,699.2238,1.000000
214,1,10.530652,3.378637,2.736057,0,0,21.726287,1,4180827.6400,852259.3111,4726147.1796,4180328.3670,851758.7699,4726142.4533,715.0564,1.000000
215,1,14.585247,5.301577,3.159768,0,0,21.250539,1,4180828.1363,852258.2024,4726149.2744,4180327.6368,851758.6211,4726143.1215,707.8426,1.000000
216,1,7.310528,0.528845,2.916619,0,0,20.789391,1,4180827.6612,852258.2568,4726151.1632,4180326.9067,851758.4723,4726143.7896,708.9080,1.000000
217,1,8.177251,2.069691,2.790019,0,0,20.339328,1,4180826.0535,852258.0052,4726151.6864,4180326.1766,851758.3236,4726144.4577,701.5378,1.000000
218,1,23.923175,5.952160,2.639737,0,0,19.898450,1,4180824.6294,852257.7597,4726149.5683,4180325.4464,851758.1748,4726145.1259,702.2168,1.000000
219,1,7.632521,2.054257,2.543542,0,0,19.465896,1,4180824.6970,852258.2524,4726150.4060,4180324.7163,851758.0260,4726145.7940,713.8377,1.000000
220,1,18.118796,3.931881,2.797093,0,0,19.041439,1,4180823.5523,852257.5609,4726149.0223,4180323.9861,851757.8773,4726146.4621,701.3353,1.000000
221,1,9.219859,1.306137,2.905278,0,0,18.625212,1,4180823.2753,852257.8295,4726150.6587,4180323.2560,851757.7285,4726147.1302,711.2386,1.000000
222,1,5.797572,0.688373,2.785769,0,0,18.217531,1,4180823.0416,852257.8848,4726151.8865,4180322.5258,851757.5797,4726147.7984,710.6938,1.000000
223,1,15.817325,8.517923,3.372948,0,0,17.818774,1,4180822.4356,852259.6258,4726153.0861,4180321.7957,851757.4310,4726148.4665,719.0038,1.000000
224,1,11.031164,1.319698,3.167054,0,0,17.429315,1,4180821.8516,852259.3163,4726155.0646,4180321.0655,851757.2822,4726149.1346,707.8357,1.000000
225,1,17.561559,6.441238,3.281020,0,0,17.049477,1,4180822.0662,852260.3278,4726154.3877,4180320.3354,851757.1334,4726149.8028,720.9453,1.000000
226,1,22.919187,5.574092,3.785545,0,0,16.679516,1,4180821.9284,852259.9738,4726157.5846,4180319.6053,851756.9846,4726150.4709,711.7291,1.000000
227,1,6.986186,1.356378,3.714214,0,0,16.319611,1,4180821.0110,852259.4680,4726158.8548,4180318.8751,851756.8359,4726151.1390,705.5198,1.000000
228,1,20.801958,10.195723,4.138570,0,0,15.969862,1,4180818.8018,852259.2645,4726158.2206,4180318.1450,851756.6871,4726151.8071,698.6915,1.000000
229,1,16.090288,2.855072,4.218652,0,0,15.630299,1,4180817.7148,852259.0751,4726157.4140,4180317.4148,851756.5383,4726152.4753,705.5379,1.000000
230,1,17.439754,3.912070,4.216670,0,0,15.300887,1,4180816.6478,852258.5208,4726156.5006,4180316.6847,851756.3896,4726153.1434,702.9352,1.000000
231,1,6.022405,1.053258,4.191383,0,0,14.981535,1,4180816.1795,852258.9479,4726157.4711,4180315.9545,851756.2408,4726153.8115,713.6368,1.000000
232,1,4.268422,0.661232,4.188668,0,0,14.672106,1,4180815.5524,852258.5269,4726158.1142,4180315.2244,851756.0920,4726154.4797,706.8264,1.000000
233,1,7.377840,1.939577,3.530834,0,0,14.372422,1,4180815.4773,852258.1781,4726158.6609,4180314.4942,851755.9433,4726155.1478,711.3453,1.000000
234,1,13.264123,1.739166,3.572781,0,0,14.082278,1,4180814.6245,852258.2293,4726160.5520,4180313.7641,851755.7945,4726155.8159,708.9447,1.000000
235,1,4.093968,0.569360,2.985593,0,0,13.801441,1,4180813.6506,852258.3964,4726161.3804,4180313.0339,851755.6457,4726156.4840,708.8166,1.000000
236,1,8.794586,2.065234,2.634707,0,0,13.529664,1,4180813.2143,852257.7956,4726161.6186,4180312.3038,851755.4969,4726157.1522,707.0549,1.000000
237,1,12.348303,4.074103,2.906480,0,0,13.266683,1,4180812.7695,852256.9179,4726162.9737,4180311.5737,851755.3482,4726157.8203,704.8279,1.000000
238,1,13.315502,6.260989,2.513006,0,0,13.012230,1,4180813.1890,852256.5848,4726163.4285,4180310.8435,851755.1994,4726158.4884,715.9944,1.000000
239,1,18.344029,4.260365,2.653536,0,0,12.766029,1,4180812.2624,852256.0378,4726162.6850,4180310.1134,851755.0506,4726159.1565,703.6622,1.000000
240,1,12.120181,1.407204,2.403049,0,0,12.527805,1,4180811.5029,852255.9301,4726162.3429,4180309.3832,851754.9019,4726159.8247,708.4209,1.000000
241,1,14.158039,2.454900,2.543213,0,0,12.297282,1,4180810.7096,852256.1874,4726161.8753,4180308.6531,851754.7531,4726160.4928,711.3499,1.000000
242,1,14.532059,4.553288,2.932419,0,0,12.074187,1,4180809.3606,852256.4602,4726163.3333,4180307.9229,851754.6043,4726161.1609,706.8996,1.000000
243,1,6.563649,0.591109,2.797572,0,0,11.858252,1,4180808.6261,852256.1870,4726164.4219,4180307.1928,851754.4556,4726161.8291,707.3050,1.000000
244,1,13.008799,4.163237,3.039979,0,0,11.649215,1,4180807.2857,852255.7462,4726165.7277,4180306.4626,851754.3068,4726162.4972,700.2457,1.000000
245,1,18.643819,3.449395,3.327982,0,0,11.446819,1,4180806.3867,852255.7413,4726167.7821,4180305.7325,851754.1580,4726163.1653,708.0425,1.000000
246,1,12.352915,4.857144,3.607173,0,0,11.250815,1,4180806.0163,852254.8886,4726168.0681,4180305.0023,851754.0092,4726163.8334,704.7265,1.000000
247,1,8.763510,0.766919,3.276455,0,0,11.060964,1,4180805.2439,852254.7203,4726168.1089,4180304.2722,851753.8605,4726164.5016,707.1842,1.000000
248,1,6.834243,0.957231,2.746079,0,0,10.877030,1,4180804.2375,852254.5962,4726168.3848,4180303.5420,851753.7117,4726165.1697,705.3517,1.000000
249,1,16.666504,5.822293,2.902272,0,0,10.698791,1,4180803.1007,852255.1094,4726168.1268,4180302.8119,851753.5629,4726165.8378,710.3702,1.000000
250,1,6.980854,0.661168,2.827669,0,0,10.526029,1,4180802.2710,852255.1544,4726168.2980,4180302.0817,851753.4142,4726166.5059,708.8015,1.000000
251,1,12.805063,5.044031,3.086582,0,0,10.358536,1,4180800.8273,852255.3071,4726168.4759,4180301.3516,851753.2654,4726167.1741,703.7940,1.000000
252,1,1.321214,0.065279,2.637781,0,0,10.196112,1,4180800.0800,852255.2977,4726169.0660,4180300.6215,851753.1166,4726167.8422,708.9864,1.000000
253,1,24.573288,6.549013,3.233571,0,0,10.038566,1,4180799.0883,852255.4763,4726168.0631,4180299.8913,851752.9679,4726168.5103,708.8610,1.000000
254,1,18.208587,5.130006,3.330248,0,0,9.885713,1,4180798.2541,852254.8346,4726169.6733,4180299.1612,851752.8191,4726169.1784,701.5867,1.000000
255,1,11.867923,2.898836,3.275192,0,0,9.737378,1,4180797.4274,852254.2504,4726169.6573,4180298.4310,851752.6703,4726169.8466,701.8146,1.000000
256,1,14.054490,2.319625,3.021440,0,0,9.593392,1,4180796.4866,852253.9707,4726171.0791,4180297.7009,851752.5215,4726170.5147,703.6308,1.000000
257,1,6.429244,1.165938,3.061342,0,0,9.453594,1,4180796.0022,852254.0646,4726171.9005,4180296.9707,851752.3728,4726171.1828,712.5323,1.000000
258,1,11.732745,2.622402,3.227859,0,0,9.317828,1,4180794.9537,852254.2347,4726171.9021,4180296.2406,851752.2240,4726171.8509,707.3306,1.000000
259,1,12.622163,4.575795,3.103209,0,0,9.185948,1,4180793.7303,852253.7130,4726172.0391,4180295.5104,851752.0752,4726172.5191,697.2867,1.000000
260,1,10.259808,1.271785,3.164271,0,0,9.057812,1,4180793.0940,852253.7525,4726172.0101,4180294.7803,851751.9265,4726173.1872,710.2164,1.000000
261,1,7.539922,1.949198,2.854788,0,0,8.933285,1,4180792.6393,852253.3412,4726172.7114,4180294.0501,851751.7777,4726173.8553,707.2007,1.000000
262,1,8.977483,2.634851,3.111745,0,0,8.812238,1,4180791.9535,852253.7018,4726173.0369,4180293.3200,851751.6289,4726174.5234,713.6898,1.000000
263,1,10.669515,1.420064,2.598850,0,0,8.694547,1,4180791.1626,852253.4012,4726174.1608,4180292.5898,851751.4801,4726175.1916,704.7082,1.000000
264,1,12.427879,3.327391,2.418589,0,0,8.580095,1,4180790.8749,852253.4039,4726174.1832,4180291.8597,851751.3314,4726175.8597,714.4634,1.000000
265,1,12.332750,1.461417,2.274847,0,0,8.468769,1,4180790.1839,852253.2740,4726174.0387,4180291.1295,851751.1826,4726176.5278,708.1497,1.000000
266,1,11.447479,4.948613,2.537745,0,0,8.360461,1,4180789.2214,852252.5737,4726174.6091,4180290.3994,851751.0338,4726177.1959,697.4942,1.000000
267,1,18.270117,4.634873,2.884639,0,0,8.255067,1,4180788.4415,852252.8524,4726174.2264,4180289.6692,851750.8851,4726177.8641,712.1802,1.000000
268,1,14.293223,2.477061,2.870105,0,0,8.152489,1,4180787.8192,852252.5321,4726175.4817,4180288.9391,851750.7363,4726178.5322,706.5186,1.000000
269,1,14.035544,4.704209,2.882946,0,0,8.052633,1,4180786.8215,852251.9425,4726176.5443,4180288.2089,851750.5875,4726179.2003,698.0437,1.000000
270,1,9.674299,3.006760,3.056444,0,0,7.955408,1,4180785.6353,852251.6876,4726176.8586,4180287.4788,851750.4388,4726179.8684,699.6048,1.000000
271,1,9.829934,1.923376,3.053862,0,0,7.860727,1,4180784.5792,852251.4693,4726176.9896,4180286.7486,851750.2900,4726180.5365,701.6123,1.000000
272,1,13.387743,3.902629,3.180639,0,0,7.768508,1,4180784.2773,852251.2745,4726177.0013,4180286.0185,851750.1412,4726181.2047,711.9333,1.000000
273,1,10.898627,1.276008,3.166234,0,0,7.678671,1,4180783.6431,852251.1272,4726176.9802,4180285.2883,851749.9924,4726181.8728,708.2993,1.000000
274,1,19.551513,4.169129,3.250408,0,0,7.591141,1,4180783.0810,852251.1073,4726178.4476,4180284.5582,851749.8437,4726182.5409,711.0875,1.000000
275,1,12.248510,3.969696,3.501235,0,0,7.505845,1,4180782.8172,852250.9855,4726179.3657,4180283.8280,851749.6949,4726183.2090,713.8785,1.000000
276,1,8.990602,2.811392,3.287513,0,0,7.422713,1,4180782.4902,852250.7144,4726179.7554,4180283.0979,851749.5461,4726183.8772,711.2030,1.000000
277,1,20.245179,14.311117,4.255138,1,0,7.341678,1,4180780.8519,852250.8215,4726180.6216,4180282.3677,851749.3974,4726184.5453,698.2885,1.000000
278,1,11.357809,2.731538,4.280585,0,0,7.262675,1,4180779.9162,852250.9784,4726181.5843,4180281.6376,851749.2486,4726185.2134,708.5880,1.000000
279,1,19.979016,4.953426,4.305507,0,0,7.185645,1,4180779.3338,852250.5788,4726181.2359,4180280.9074,851749.0998,4726185.8815,705.9669,1.000000
280,1,6.910673,1.456529,4.150484,0,0,7.110526,1,4180778.6853,852250.1653,4726181.6034,4180280.1773,851748.9510,4726186.5496,704.4199,1.000000
281,1,9.500309,2.370269,4.195173,0,0,7.037264,1,4180778.1147,852249.7090,4726182.4211,4180279.4471,851748.8023,4726187.2178,704.7936,1.000000
282,1,11.889059,4.455448,4.250455,0,0,6.965802,1,4180777.3970,852249.0587,4726182.6977,4180278.7170,851748.6535,4726187.8859,699.7463,1.000000
283,1,5.846081,1.305462,4.253401,0,0,6.896090,1,4180776.9033,852249.0240,4726183.2307,4180277.9868,851748.5047,4726188.5540,712.0915,1.000000
284,1,4.540985,0.673841,3.903872,0,0,6.828076,1,4180776.3393,852248.7562,4726183.6784,4180277.2567,851748.3560,4726189.2221,707.7051,1.000000
285,1,13.308026,4.868289,3.993731,0,0,6.761713,1,4180776.0285,852248.3235,4726184.5770,4180276.5265,851748.2072,4726189.8903,709.1146,1.000000
286,1,4.102761,0.340574,3.746649,0,0,6.696954,1,4180775.2034,852248.1111,4726184.9775,4180275.7964,851748.0584,4726190.5584,704.6629,1.000000
287,1,10.890462,2.369700,2.552508,0,0,6.633753,1,4180774.5459,852248.2215,4726185.8958,4180275.0662,851747.9096,4726191.2265,712.2304,1.000000
288,1,10.997446,1.327355,2.412089,0,0,6.572069,1,4180773.8048,852247.9367,4726186.9024,4180274.3361,851747.7609,4726191.8946,704.9593,1.000000
289,1,11.362088,1.431524,2.059899,0,0,6.511860,1,4180773.1571,852247.8459,4726187.9291,4180273.6059,851747.6121,4726192.5627,709.4513,1.000000
290,1,8.134301,1.291039,2.043350,0,0,6.453086,1,4180772.2866,852247.5210,4726188.7724,4180272.8758,851747.4633,4726193.2309,702.1644,1.000000
291,1,13.360085,3.066766,2.113000,0,0,6.395708,1,4180771.8644,852247.3661,4726188.8629,4180272.1456,851747.3146,4726193.8990,712.1123,1.000000
292,1,10.670926,2.562087,1.923664,0,0,6.339689,1,4180771.2967,852246.9183,4726189.0956,4180271.4155,851747.1658,4726194.5671,705.1231,1.000000
293,1,25.087670,6.232325,2.416350,0,0,6.284994,1,4180770.6898,852246.7101,4726190.6748,4180270.6853,851747.0170,4726195.2352,708.3890,1.000000
294,1,12.567173,3.570808,2.706047,0,0,6.231588,1,4180770.3355,852246.5990,4726191.6190,4180269.9552,851746.8682,4726195.9033,713.9442,1.000000
295,1,21.560280,7.302629,2.949481,0,0,6.179438,1,4180769.9876,852246.6467,4726191.4146,4180269.2250,851746.7195,4726196.5715,717.2715,1.000000
296,1,5.623925,1.208681,3.036291,0,0,6.128512,1,4180769.1725,852246.2625,4726191.9547,4180268.4949,851746.5707,4726197.2396,702.1976,1.000000
297,1,5.083803,0.976400,2.896961,0,0,6.078778,1,4180768.5703,852246.2706,4726192.5414,4180267.7647,851746.4219,4726197.9077,712.1353,1.000000
298,1,7.519677,1.670389,2.931265,0,0,6.030207,1,4180767.6188,852246.1263,4726193.2657,4180267.0346,851746.2732,4726198.5758,703.7605,1.000000
299,1,9.104354,3.169203,3.105033,0,0,5.982770,1,4180767.1952,852246.2091,4726193.8016,4180266.3044,851746.1244,4726199.2439,716.5211,1.000000
