counter,iter,mu,sigma
hpmcounter3,0,38.1,0.43588989435406733
hpmcounter3,1,9054.95,3.106042498099471
hpmcounter3,2,18639.6,1356.484736368235
hpmcounter3,3,28220.8,2709.946818666374
hpmcounter3,4,38005.55,3713.5254607313523
hpmcounter3,5,47598.45,4880.782964596971
hpmcounter3,6,56999.95,5675.989644766804
hpmcounter3,7,66601.25,6547.440796792285
hpmcounter3,8,76205.3,7587.313873170136
hpmcounter3,9,85415.15,8028.556266695775
hpmcounter3,10,94428.1,8028.882661367023
hpmcounter3,11,103847.35,8662.844453613374
hpmcounter3,12,113268.8,9408.208211981706
hpmcounter3,13,122689.6,10238.901847366249
hpmcounter3,14,132108.95,11138.311126355737
hpmcounter3,15,141731.65,12017.172717719423
hpmcounter3,16,150952.45,12398.467947593363
hpmcounter3,17,160173.5,12828.135006695244
hpmcounter3,18,169392.7,13300.177408967145
hpmcounter3,19,178814.15,13792.367589630867
hpmcounter3,20,188437.35,14285.10769044112
hpmcounter3,21,197658.55,14857.100021454391
hpmcounter3,22,206878.65,15457.40668829995
hpmcounter3,23,216099.95,15424.48382110403
hpmcounter3,24,225120.15,15424.145406715408
hpmcounter3,25,234339.35,15441.43690941682
hpmcounter3,26,243358.6,15441.780008794325
hpmcounter3,27,252377.25,15442.121077996377
hpmcounter3,28,261600.8,15400.879811231565
hpmcounter3,29,270821.6,15408.828804941668
hpmcounter3,30,280241.0,15566.527021143798
hpmcounter3,31,289861.75,15710.309872421358
hpmcounter3,32,299277.55,15798.288089141177
hpmcounter3,33,308895.25,15851.266201395396
hpmcounter3,34,318115.85,16075.868030296218
hpmcounter3,35,327536.75,16273.188304309024
hpmcounter3,36,336958.85,16556.880866500793
hpmcounter3,37,346178.4,16904.04885641307
hpmcounter3,38,355198.95,16903.596204580255
hpmcounter3,39,364218.75,16903.802947487882
hpmcounter3,40,373436.65,16923.264529265623
hpmcounter3,41,382657.2,16985.17084871389
hpmcounter3,42,392074.65,17462.525803202123
hpmcounter3,43,401095.15,17463.31292817889
hpmcounter3,44,410118.8,17463.133131256833
hpmcounter3,45,419339.05,17607.099952788933
hpmcounter3,46,428759.9,17965.19156285287
hpmcounter3,47,438178.85,18394.629355534726
hpmcounter3,48,447397.65,18640.08642757592
hpmcounter3,49,456617.9,18922.621356196927
hpmcounter3,50,465639.0,18922.526379952546
hpmcounter3,51,474859.55,19166.402835365323
hpmcounter3,52,484081.6,19446.32058359627
hpmcounter3,53,493301.55,19761.672071145702
hpmcounter3,54,502321.7,19760.685082000575
hpmcounter3,55,511542.2,19624.86434755665
hpmcounter3,56,521163.4,19689.054086979395
hpmcounter3,57,530783.95,19855.58465136446
hpmcounter3,58,540203.8,19757.79451153392
hpmcounter3,59,549823.4,20441.087151616957
hpmcounter3,60,559446.1,20822.79211561216
hpmcounter3,61,569266.15,21578.26296826276
hpmcounter3,62,579284.05,22261.895008006395
hpmcounter3,63,589104.75,23011.349749362813
hpmcounter3,64,598524.1,23537.40643295263
hpmcounter3,65,607743.85,23975.250449734616
hpmcounter3,66,616763.75,23975.403258078895
hpmcounter3,67,625984.6,23812.33689791911
hpmcounter3,68,635206.9,23680.472180469707
hpmcounter3,69,644427.6,23579.550764168514
hpmcounter3,70,653647.45,23511.940493023965
hpmcounter3,71,662667.05,23512.640150512663
hpmcounter3,72,671886.15,23475.770850549296
hpmcounter3,73,681105.95,23938.90974851403
hpmcounter3,74,690326.35,24424.394117920307
hpmcounter3,75,699346.15,24424.737640914387
hpmcounter3,76,708570.0,24251.651030393787
hpmcounter3,77,717989.9,24097.499438530962
hpmcounter3,78,727410.4,23865.401983624746
hpmcounter3,79,736630.55,23781.034305670983
hpmcounter3,80,745650.4,23780.79302378287
hpmcounter3,81,754870.25,23691.238103727293
hpmcounter3,82,764090.0,23633.978179730977
hpmcounter3,83,773306.05,23609.288814945274
hpmcounter3,84,782326.75,23609.532597819467
hpmcounter3,85,791346.55,23610.239783778143
hpmcounter3,86,800567.05,23619.14217213445
hpmcounter3,87,809784.25,23659.397623090492
hpmcounter3,88,818804.1,23659.629548875022
hpmcounter3,89,827823.7,23658.971695955006
hpmcounter3,90,836844.5,23658.42293877595
hpmcounter3,91,845864.1,23658.029983284745
hpmcounter3,92,854886.1,23657.59906435985
hpmcounter3,93,863906.0,23657.003616265523
hpmcounter3,94,872925.95,23657.257768970183
hpmcounter3,95,881945.75,23656.760397135953
hpmcounter3,96,890965.7,23656.176018325532
hpmcounter3,97,899984.7,23656.089171923577
hpmcounter3,98,909004.55,23655.721300512057
hpmcounter3,99,918024.45,23655.563473472786
hpmcounter3,100,927046.9,23655.718253521707
hpmcounter3,101,936066.7,23655.976574853128
hpmcounter3,102,945086.75,23655.734689235505
hpmcounter3,103,954307.15,23798.643396788397
hpmcounter3,104,963527.95,23971.84681970707
hpmcounter3,105,972547.75,23971.52715384441
hpmcounter3,106,981568.6,23971.924554361503
hpmcounter3,107,990587.95,23972.107453194432
hpmcounter3,108,999608.45,23971.923937129035
hpmcounter3,109,1008628.2,23971.78644281648
hpmcounter3,110,1017648.05,23971.9622444117
hpmcounter3,111,1026667.6,23971.381527563237
hpmcounter3,112,1035687.7,23971.143172781725
hpmcounter3,113,1044707.4,23971.678294187084
hpmcounter3,114,1053728.35,23971.87791407882
hpmcounter3,115,1062747.75,23972.855578497525
hpmcounter3,116,1071969.75,23775.618744577394
hpmcounter3,117,1081390.45,23403.931454939357
hpmcounter3,118,1090611.05,23332.9622111617
hpmcounter3,119,1099830.8,23697.70823223208
hpmcounter3,120,1108850.65,23697.8181301043
hpmcounter3,121,1117870.05,23698.424007674013
hpmcounter3,122,1126889.95,23698.157022171577
hpmcounter3,123,1136109.95,23558.461311119194
hpmcounter3,124,1145329.05,24043.69644101131
hpmcounter3,125,1154349.5,24043.567090804143
hpmcounter3,126,1163369.45,24043.03895408191
hpmcounter3,127,1172591.05,24194.061073897865
hpmcounter3,128,1181611.65,24194.052218003904
hpmcounter3,129,1190631.8,24193.69581027256
hpmcounter3,130,1199651.8,24193.673405665373
hpmcounter3,131,1208672.15,24194.035724275105
hpmcounter3,132,1217894.15,24084.939315420746
hpmcounter3,133,1227114.35,24041.27764964874
hpmcounter3,134,1236135.05,24040.70134683054
hpmcounter3,135,1245155.4,24039.65781453638
hpmcounter3,136,1254375.3,24090.05768797576
hpmcounter3,137,1263595.3,24009.625494996795
hpmcounter3,138,1272815.75,23993.370836285176
hpmcounter3,139,1282235.55,24086.610138155596
hpmcounter3,140,1291657.05,24630.56453976441
hpmcounter3,141,1301076.2,25217.666094625012
hpmcounter3,142,1310496.75,25847.604333622487
hpmcounter3,143,1320117.95,26303.423842676828
hpmcounter3,144,1329737.65,26828.708062959347
hpmcounter3,145,1339353.9,27415.264279047176
hpmcounter3,146,1348775.75,27820.272408578247
hpmcounter3,147,1358195.55,28271.509010795657
hpmcounter3,148,1367818.65,28635.245459529415
hpmcounter3,149,1377238.85,29169.90954266914
hpmcounter3,150,1386459.05,29091.75896791908
hpmcounter3,151,1395479.3,29091.584673406844
hpmcounter3,152,1404700.1,28984.91555430169
hpmcounter3,153,1413920.25,28904.56204109483
hpmcounter3,154,1423140.0,28849.570151043845
hpmcounter3,155,1432559.45,28567.36524510967
hpmcounter3,156,1441982.9,28417.89045284678
hpmcounter3,157,1451403.25,28318.687942549528
hpmcounter3,158,1461023.8,28426.9261116991
hpmcounter3,159,1470242.9,28385.019448469644
hpmcounter3,160,1479462.7,28369.606271677443
hpmcounter3,161,1488883.0,28163.704369276424
hpmcounter3,162,1498102.15,27972.34190638138
hpmcounter3,163,1507321.85,27807.987588595835
hpmcounter3,164,1516343.4,27808.472394937486
hpmcounter3,165,1525763.5,27471.840645468226
hpmcounter3,166,1535183.3,27992.20096223232
hpmcounter3,167,1544403.05,27878.144790274335
hpmcounter3,168,1553621.95,27733.717532049326
hpmcounter3,169,1562641.55,27734.026380017385
hpmcounter3,170,1571660.3,27733.806666413468
hpmcounter3,171,1580880.2,27615.925698046045
hpmcounter3,172,1590302.3,27286.945448510716
hpmcounter3,173,1599923.1,26937.98464603468
hpmcounter3,174,1609343.75,26705.6894516412
hpmcounter3,175,1618563.7,26692.25009080351
hpmcounter3,176,1627584.6,26692.581610627327
hpmcounter3,177,1636604.0,26693.272305957544
hpmcounter3,178,1645624.0,26693.826246905857
hpmcounter3,179,1654644.2,26693.859830680165
hpmcounter3,180,1663667.1,26693.43979126706
hpmcounter3,181,1672687.5,26693.289399210433
hpmcounter3,182,1681707.4,26693.05507505651
hpmcounter3,183,1690727.85,26692.426089201785
hpmcounter3,184,1699948.55,26707.916997540262
hpmcounter3,185,1709167.9,26751.07372779642
hpmcounter3,186,1718388.45,26822.694986661947
hpmcounter3,187,1727607.3,26922.13991141863
hpmcounter3,188,1736828.3,27049.597949137802
hpmcounter3,189,1746048.25,27204.076707131597
hpmcounter3,190,1755067.85,27203.323288295123
hpmcounter3,191,1764288.3,27207.668897022395
hpmcounter3,192,1773507.6,27240.639405858296
hpmcounter3,193,1782727.05,27300.642280860353
hpmcounter3,194,1791946.95,27388.277851071616
hpmcounter3,195,1800966.85,27388.257670532825
hpmcounter3,196,1809988.3,27388.898745842263
hpmcounter3,197,1819008.0,27389.043953741795
hpmcounter3,198,1828027.25,27388.763504172657
hpmcounter3,199,1837247.55,27270.929247964763
hpmcounter3,200,1846267.0,27270.872450290255
hpmcounter3,201,1855287.0,27270.982530888028
hpmcounter3,202,1864708.0,27085.523807008052
hpmcounter3,203,1873924.75,27107.075638797705
hpmcounter3,204,1882947.0,27107.295604689156
hpmcounter3,205,1891966.45,27108.25229053876
hpmcounter3,206,1900986.55,27108.240829081846
hpmcounter3,207,1910206.35,27158.001709026754
hpmcounter3,208,1919422.6,27234.353857582155
hpmcounter3,209,1928442.35,27234.59424936417
hpmcounter3,210,1937461.3,27233.463527616164
hpmcounter3,211,1946480.95,27233.22448494669
hpmcounter3,212,1955503.35,27233.276369682368
hpmcounter3,213,1964522.7,27233.262806905823
hpmcounter3,214,1973542.0,27232.991317517804
hpmcounter3,215,1982561.9,27231.971268896417
hpmcounter3,216,1991581.95,27231.72918577702
hpmcounter3,217,2000600.8,27232.431185261445
hpmcounter3,218,2009620.5,27232.943670304907
hpmcounter3,219,2018640.6,27233.297156973116
hpmcounter3,220,2027662.0,27233.713310894644
hpmcounter3,221,2036681.7,27234.245798442815
hpmcounter3,222,2045701.15,27234.733775594355
hpmcounter3,223,2054922.35,27277.187784438112
hpmcounter3,224,2064142.7,27324.78592432153
hpmcounter3,225,2073361.7,27399.57975060932
hpmcounter3,226,2082582.75,27501.81994864158
hpmcounter3,227,2091802.55,27631.59028987474
hpmcounter3,228,2101024.1,27788.70843148346
hpmcounter3,229,2110243.9,27972.57118124825
hpmcounter3,230,2119464.55,28181.308820697097
hpmcounter3,231,2128684.35,28415.41209146015
hpmcounter3,232,2137900.5,28669.606121291585
hpmcounter3,233,2146920.7,28669.753956216646
hpmcounter3,234,2155940.55,28669.548336998614
hpmcounter3,235,2164960.75,28669.295385263656
hpmcounter3,236,2173981.95,28669.274820746687
hpmcounter3,237,2183001.6,28669.46642579872
hpmcounter3,238,2192021.75,28669.87260849793
hpmcounter3,239,2201041.05,28670.1232269326
hpmcounter3,240,2210060.2,28670.316769439436
hpmcounter3,241,2219080.15,28670.87822909337
hpmcounter3,242,2228100.5,28670.89738829254
hpmcounter3,243,2237321.4,28395.13178240242
hpmcounter3,244,2246543.2,28143.778365031234
hpmcounter3,245,2255963.3,27743.271862020887
hpmcounter3,246,2265383.65,27389.929199023132
hpmcounter3,247,2274803.1,27085.252175122903
hpmcounter3,248,2284022.85,26986.922168478195
hpmcounter3,249,2293042.55,26986.597700479026
hpmcounter3,250,2302061.95,26987.404537070623
hpmcounter3,251,2311082.45,26988.108574842736
hpmcounter3,252,2320104.35,26988.24928052022
hpmcounter3,253,2329325.45,27032.41641710004
hpmcounter3,254,2338541.45,27103.775073732806
hpmcounter3,255,2347761.5,27203.421287588073
hpmcounter3,256,2356980.25,27330.075488141265
hpmcounter3,257,2365999.65,27330.457160967875
hpmcounter3,258,2375018.95,27330.39987902665
hpmcounter3,259,2384239.0,27168.587186307646
hpmcounter3,260,2393460.5,27322.243012790877
hpmcounter3,261,2402877.3,27363.846650461997
hpmcounter3,262,2411897.6,27363.891134851412
hpmcounter3,263,2421117.9,27542.62311563661
hpmcounter3,264,2430534.1,27634.53923245329
hpmcounter3,265,2439754.05,27552.07893694231
hpmcounter3,266,2449174.5,27323.7792764837
hpmcounter3,267,2458795.6,27026.474848562844
hpmcounter3,268,2468417.8,26802.957918110456
hpmcounter3,269,2477836.85,26635.42643412153
hpmcounter3,270,2487255.85,26521.84526626117
hpmcounter3,271,2496876.85,26444.196654984626
hpmcounter3,272,2506096.55,26425.33385309446
hpmcounter3,273,2515316.5,26436.026703156433
hpmcounter3,274,2524336.6,26436.45818637588
hpmcounter3,275,2533556.85,26686.196106367428
hpmcounter3,276,2542778.9,26961.99403215571
hpmcounter3,277,2551999.05,27261.064936049366
hpmcounter3,278,2561419.15,27613.629999105513
hpmcounter3,279,2570839.5,28013.550466693792
hpmcounter3,280,2580059.85,28093.721514379333
hpmcounter3,281,2589080.3,28094.16056959168
hpmcounter3,282,2598099.75,28094.74237802333
hpmcounter3,283,2607119.75,28094.41925876917
hpmcounter3,284,2616140.45,28094.75495973403
hpmcounter3,285,2625360.7,28202.209603327185
hpmcounter3,286,2634379.8,28202.026921127497
hpmcounter3,287,2643398.7,28202.670708817634
hpmcounter3,288,2652418.15,28202.691359646866
hpmcounter3,289,2661437.85,28202.79515096864
hpmcounter3,290,2670457.2,28202.779832137116
hpmcounter3,291,2679476.9,28202.243616244436
hpmcounter3,292,2688698.7,28389.450776829053
hpmcounter3,293,2697915.7,28597.624539636156
hpmcounter3,294,2707336.9,28600.954892975165
hpmcounter3,295,2716556.95,28862.036599095016
hpmcounter3,296,2725777.55,29147.18811905361
hpmcounter3,297,2734997.5,29454.5052351928
hpmcounter3,298,2744218.85,29192.943123767087
hpmcounter4,0,0.0,1e-09
hpmcounter4,1,11.0,1e-09
hpmcounter4,2,23.5,3.570714214271425
hpmcounter4,3,36.0,7.14142842854285
hpmcounter4,4,49.0,9.746794344808963
hpmcounter4,5,61.5,12.757350822173073
hpmcounter4,6,73.5,14.79019945774904
hpmcounter4,7,86.0,17.0
hpmcounter4,8,98.5,19.615045245933032
hpmcounter4,9,110.0,20.71231517720798
hpmcounter4,10,121.0,20.71231517720798
hpmcounter4,11,133.0,22.271057451320086
hpmcounter4,12,145.0,24.1039415863879
hpmcounter4,13,157.0,26.153393661244042
hpmcounter4,14,169.0,28.372521918222215
hpmcounter4,15,181.5,30.540956108150905
hpmcounter4,16,193.0,31.480152477394387
hpmcounter4,17,204.5,32.53843880704789
hpmcounter4,18,216.0,33.704599092705436
hpmcounter4,19,228.0,34.91418050019218
hpmcounter4,20,240.5,36.12132334231402
hpmcounter4,21,252.0,37.53664875824692
hpmcounter4,22,263.5,39.02242944769072
hpmcounter4,23,275.0,38.93584466786357
hpmcounter4,24,286.0,38.93584466786357
hpmcounter4,25,297.5,38.97114317029974
hpmcounter4,26,308.5,38.97114317029974
hpmcounter4,27,319.5,38.97114317029974
hpmcounter4,28,331.0,38.87158345115362
hpmcounter4,29,342.5,38.89408695418881
hpmcounter4,30,354.5,39.303307748839664
hpmcounter4,31,367.0,39.67366884975475
hpmcounter4,32,379.0,39.88734135035826
hpmcounter4,33,391.5,40.03436024217197
hpmcounter4,34,403.0,40.607881008493905
hpmcounter4,35,415.0,41.10960958218893
hpmcounter4,36,427.0,41.82104733265297
hpmcounter4,37,438.5,42.69367634673782
hpmcounter4,38,449.5,42.69367634673782
hpmcounter4,39,460.5,42.69367634673782
hpmcounter4,40,472.0,42.731721238442994
hpmcounter4,41,483.5,42.88064831599448
hpmcounter4,42,495.5,44.07663780280887
hpmcounter4,43,506.5,44.07663780280887
hpmcounter4,44,517.5,44.07663780280887
hpmcounter4,45,529.0,44.429719783046124
hpmcounter4,46,541.0,45.332107826572546
hpmcounter4,47,553.0,46.411205543489174
hpmcounter4,48,564.5,47.039876700518676
hpmcounter4,49,576.0,47.75981574503821
hpmcounter4,50,587.0,47.75981574503821
hpmcounter4,51,598.5,48.36062447901185
hpmcounter4,52,610.0,49.05099387372289
hpmcounter4,53,621.5,49.82720140646071
hpmcounter4,54,632.5,49.82720140646071
hpmcounter4,55,644.0,49.48737212663449
hpmcounter4,56,656.5,49.646248599466205
hpmcounter4,57,669.0,50.05996404313531
hpmcounter4,58,681.0,49.80963762164909
hpmcounter4,59,693.5,51.52426612771889
hpmcounter4,60,706.0,52.478567053607705
hpmcounter4,61,719.0,54.36910887627275
hpmcounter4,62,732.5,56.078070580218785
hpmcounter4,63,745.5,57.954723707390755
hpmcounter4,64,757.5,59.268457040824
hpmcounter4,65,769.0,60.36555309114628
hpmcounter4,66,780.0,60.36555309114628
hpmcounter4,67,791.5,59.956234037837966
hpmcounter4,68,803.0,59.62382074305537
hpmcounter4,69,814.5,59.36960501805617
hpmcounter4,70,826.0,59.19459434779497
hpmcounter4,71,837.0,59.19459434779497
hpmcounter4,72,848.5,59.099492383606815
hpmcounter4,73,860.0,60.25777958073132
hpmcounter4,74,871.5,61.47153812944654
hpmcounter4,75,882.5,61.47153812944654
hpmcounter4,76,894.0,61.04096984812741
hpmcounter4,77,906.0,60.654760736483
hpmcounter4,78,918.0,60.08327554319921
hpmcounter4,79,929.5,59.87278179607158
hpmcounter4,80,940.5,59.87278179607158
hpmcounter4,81,952.0,59.65735495309862
hpmcounter4,82,963.5,59.52100469582146
hpmcounter4,83,975.0,59.464274989274024
hpmcounter4,84,986.0,59.464274989274024
hpmcounter4,85,997.0,59.464274989274024
hpmcounter4,86,1008.5,59.48739362251468
hpmcounter4,87,1020.0,59.590267661758325
hpmcounter4,88,1031.0,59.590267661758325
hpmcounter4,89,1042.0,59.590267661758325
hpmcounter4,90,1053.0,59.590267661758325
hpmcounter4,91,1064.0,59.590267661758325
hpmcounter4,92,1075.0,59.590267661758325
hpmcounter4,93,1086.0,59.590267661758325
hpmcounter4,94,1097.0,59.590267661758325
hpmcounter4,95,1108.0,59.590267661758325
hpmcounter4,96,1119.0,59.590267661758325
hpmcounter4,97,1130.0,59.590267661758325
hpmcounter4,98,1141.0,59.590267661758325
hpmcounter4,99,1152.0,59.590267661758325
hpmcounter4,100,1163.0,59.590267661758325
hpmcounter4,101,1174.0,59.590267661758325
hpmcounter4,102,1185.0,59.590267661758325
hpmcounter4,103,1196.5,59.93955288455195
hpmcounter4,104,1208.0,60.36555309114628
hpmcounter4,105,1219.0,60.36555309114628
hpmcounter4,106,1230.0,60.36555309114628
hpmcounter4,107,1241.0,60.36555309114628
hpmcounter4,108,1252.0,60.36555309114628
hpmcounter4,109,1263.0,60.36555309114628
hpmcounter4,110,1274.0,60.36555309114628
hpmcounter4,111,1285.0,60.36555309114628
hpmcounter4,112,1296.0,60.36555309114628
hpmcounter4,113,1307.0,60.36555309114628
hpmcounter4,114,1318.0,60.36555309114628
hpmcounter4,115,1329.0,60.36555309114628
hpmcounter4,116,1340.5,59.87278179607158
hpmcounter4,117,1352.5,58.94701010229441
hpmcounter4,118,1364.0,58.770741019660456
hpmcounter4,119,1375.5,59.68877616436779
hpmcounter4,120,1386.5,59.68877616436779
hpmcounter4,121,1397.5,59.68877616436779
hpmcounter4,122,1408.5,59.68877616436779
hpmcounter4,123,1420.0,59.33801479658719
hpmcounter4,124,1431.5,60.57020719792859
hpmcounter4,125,1442.5,60.57020719792859
hpmcounter4,126,1453.5,60.57020719792859
hpmcounter4,127,1465.0,60.959002616512684
hpmcounter4,128,1476.0,60.959002616512684
hpmcounter4,129,1487.0,60.959002616512684
hpmcounter4,130,1498.0,60.959002616512684
hpmcounter4,131,1509.0,60.959002616512684
hpmcounter4,132,1520.5,60.68566552325186
hpmcounter4,133,1532.0,60.572270883631234
hpmcounter4,134,1543.0,60.572270883631234
hpmcounter4,135,1554.0,60.572270883631234
hpmcounter4,136,1565.5,60.70214164261422
hpmcounter4,137,1577.0,60.4979338490167
hpmcounter4,138,1588.5,60.45452836636806
hpmcounter4,139,1600.5,60.68566552325186
hpmcounter4,140,1612.5,62.03829462517486
hpmcounter4,141,1624.5,63.503936885834094
hpmcounter4,142,1636.5,65.07495678062337
hpmcounter4,143,1649.0,66.2117814289874
hpmcounter4,144,1661.5,67.51851597895202
hpmcounter4,145,1674.0,68.98550572402873
hpmcounter4,146,1686.0,70.0
hpmcounter4,147,1698.0,71.12664760833313
hpmcounter4,148,1710.5,72.0329785584353
hpmcounter4,149,1722.5,73.36722701588224
hpmcounter4,150,1734.0,73.17103251970687
hpmcounter4,151,1745.0,73.17103251970687
hpmcounter4,152,1756.5,72.90233192429444
hpmcounter4,153,1768.0,72.69800547470336
hpmcounter4,154,1779.5,72.55859700958943
hpmcounter4,155,1791.5,71.85227901743966
hpmcounter4,156,1803.5,71.47552028491992
hpmcounter4,157,1815.5,71.22324058900999
hpmcounter4,158,1828.0,71.48426400264607
hpmcounter4,159,1839.5,71.377517468738
hpmcounter4,160,1851.0,71.33722730804723
hpmcounter4,161,1863.0,70.8237248385031
hpmcounter4,162,1874.5,70.34735247328075
hpmcounter4,163,1886.0,69.93568473962345
hpmcounter4,164,1897.0,69.93568473962345
hpmcounter4,165,1909.0,69.0941386804988
hpmcounter4,166,1921.0,70.39176088151227
hpmcounter4,167,1932.5,70.1052779753422
hpmcounter4,168,1944.0,69.74238309665078
hpmcounter4,169,1955.0,69.74238309665078
hpmcounter4,170,1966.0,69.74238309665078
hpmcounter4,171,1977.5,69.44602220429907
hpmcounter4,172,1989.5,68.62033226384145
hpmcounter4,173,2002.0,67.7421582177598
hpmcounter4,174,2014.0,67.15653356152326
hpmcounter4,175,2025.5,67.11743439673481
hpmcounter4,176,2036.5,67.11743439673481
hpmcounter4,177,2047.5,67.11743439673481
hpmcounter4,178,2058.5,67.11743439673481
hpmcounter4,179,2069.5,67.11743439673481
hpmcounter4,180,2080.5,67.11743439673481
hpmcounter4,181,2091.5,67.11743439673481
hpmcounter4,182,2102.5,67.11743439673481
hpmcounter4,183,2113.5,67.11743439673481
hpmcounter4,184,2125.0,67.14908785679818
hpmcounter4,185,2136.5,67.25139403759597
hpmcounter4,186,2148.0,67.42403132415029
hpmcounter4,187,2159.5,67.66646141183976
hpmcounter4,188,2171.0,67.97793759742936
hpmcounter4,189,2182.5,68.35751604615253
hpmcounter4,190,2193.5,68.35751604615253
hpmcounter4,191,2205.0,68.36665854054884
hpmcounter4,192,2216.5,68.44523358130937
hpmcounter4,193,2228.0,68.59300255857006
hpmcounter4,194,2239.5,68.80951969022891
hpmcounter4,195,2250.5,68.80951969022891
hpmcounter4,196,2261.5,68.80951969022891
hpmcounter4,197,2272.5,68.80951969022891
hpmcounter4,198,2283.5,68.80951969022891
hpmcounter4,199,2295.0,68.51277253184256
hpmcounter4,200,2306.0,68.51277253184256
hpmcounter4,201,2317.0,68.51277253184256
hpmcounter4,202,2329.0,68.05145112339633
hpmcounter4,203,2340.5,68.10836952974282
hpmcounter4,204,2351.5,68.10836952974282
hpmcounter4,205,2362.5,68.10836952974282
hpmcounter4,206,2373.5,68.10836952974282
hpmcounter4,207,2385.0,68.23488843692792
hpmcounter4,208,2396.5,68.4306218004776
hpmcounter4,209,2407.5,68.4306218004776
hpmcounter4,210,2418.5,68.4306218004776
hpmcounter4,211,2429.5,68.4306218004776
hpmcounter4,212,2440.5,68.4306218004776
hpmcounter4,213,2451.5,68.4306218004776
hpmcounter4,214,2462.5,68.4306218004776
hpmcounter4,215,2473.5,68.4306218004776
hpmcounter4,216,2484.5,68.4306218004776
hpmcounter4,217,2495.5,68.4306218004776
hpmcounter4,218,2506.5,68.4306218004776
hpmcounter4,219,2517.5,68.4306218004776
hpmcounter4,220,2528.5,68.4306218004776
hpmcounter4,221,2539.5,68.4306218004776
hpmcounter4,222,2550.5,68.4306218004776
hpmcounter4,223,2562.0,68.54925236645546
hpmcounter4,224,2573.5,68.66403716648185
hpmcounter4,225,2585.0,68.84765791223403
hpmcounter4,226,2596.5,69.09956584523523
hpmcounter4,227,2608.0,69.41901756723442
hpmcounter4,228,2619.5,69.80508577460527
hpmcounter4,229,2631.0,70.25667228100119
hpmcounter4,230,2642.5,70.77252291673655
hpmcounter4,231,2654.0,71.35124385741288
hpmcounter4,232,2665.5,71.99131892110326
hpmcounter4,233,2676.5,71.99131892110326
hpmcounter4,234,2687.5,71.99131892110326
hpmcounter4,235,2698.5,71.99131892110326
hpmcounter4,236,2709.5,71.99131892110326
hpmcounter4,237,2720.5,71.99131892110326
hpmcounter4,238,2731.5,71.99131892110326
hpmcounter4,239,2742.5,71.99131892110326
hpmcounter4,240,2753.5,71.99131892110326
hpmcounter4,241,2764.5,71.99131892110326
hpmcounter4,242,2775.5,71.99131892110326
hpmcounter4,243,2787.0,71.30217387990355
hpmcounter4,244,2798.5,70.67354526270775
hpmcounter4,245,2810.5,69.67603605257693
hpmcounter4,246,2822.5,68.79498528235906
hpmcounter4,247,2834.5,68.03491750564558
hpmcounter4,248,2846.0,67.79380502671317
hpmcounter4,249,2857.0,67.79380502671317
hpmcounter4,250,2868.0,67.79380502671317
hpmcounter4,251,2879.0,67.79380502671317
hpmcounter4,252,2890.0,67.79380502671317
hpmcounter4,253,2901.5,67.9172290365265
hpmcounter4,254,2913.0,68.11020481543129
hpmcounter4,255,2924.5,68.37214345038483
hpmcounter4,256,2936.0,68.70225614927067
hpmcounter4,257,2947.0,68.70225614927067
hpmcounter4,258,2958.0,68.70225614927067
hpmcounter4,259,2969.5,68.29897510211994
hpmcounter4,260,2981.0,68.69497798238238
hpmcounter4,261,2993.0,68.81860213634101
hpmcounter4,262,3004.0,68.81860213634101
hpmcounter4,263,3015.5,69.27301061741146
hpmcounter4,264,3027.5,69.51798328490261
hpmcounter4,265,3039.0,69.31089380465383
hpmcounter4,266,3051.0,68.7386354243376
hpmcounter4,267,3063.5,67.99080820228569
hpmcounter4,268,3076.0,67.42403132415029
hpmcounter4,269,3088.0,67.0
hpmcounter4,270,3100.0,66.70832032063167
hpmcounter4,271,3112.5,66.50375929223851
hpmcounter4,272,3124.0,66.4529909033446
hpmcounter4,273,3135.5,66.47367900154165
hpmcounter4,274,3146.5,66.47367900154165
hpmcounter4,275,3158.0,67.08949247087803
hpmcounter4,276,3169.5,67.76983104597502
hpmcounter4,277,3181.0,68.51277253184256
hpmcounter4,278,3193.0,69.39020103732227
hpmcounter4,279,3205.0,70.3846574190711
hpmcounter4,280,3216.5,70.58859681279972
hpmcounter4,281,3227.5,70.58859681279972
hpmcounter4,282,3238.5,70.58859681279972
hpmcounter4,283,3249.5,70.58859681279972
hpmcounter4,284,3260.5,70.58859681279972
hpmcounter4,285,3272.0,70.8590149522275
hpmcounter4,286,3283.0,70.8590149522275
hpmcounter4,287,3294.0,70.8590149522275
hpmcounter4,288,3305.0,70.8590149522275
hpmcounter4,289,3316.0,70.8590149522275
hpmcounter4,290,3327.0,70.8590149522275
hpmcounter4,291,3338.0,70.8590149522275
hpmcounter4,292,3349.5,71.33547504573023
hpmcounter4,293,3361.0,71.87489130426563
hpmcounter4,294,3373.0,71.89575787207477
hpmcounter4,295,3384.5,72.55859700958943
hpmcounter4,296,3396.0,73.28028384224504
hpmcounter4,297,3407.5,74.05909802313285
hpmcounter4,298,3419.0,73.40980860893181
hpmcounter5,0,26653.35,1.3143439428094916
hpmcounter5,1,29911.95,14.81038487008356
hpmcounter5,2,33214.0,44.15314258351267
hpmcounter5,3,36487.95,106.8182919728639
hpmcounter5,4,39773.55,166.89951318083587
hpmcounter5,5,43078.8,222.5465344596496
hpmcounter5,6,46353.25,277.4667322401012
hpmcounter5,7,49645.3,345.0163909149825
hpmcounter5,8,52928.05,430.2521905812915
hpmcounter5,9,56182.95,453.58124685661335
hpmcounter5,10,59421.3,465.7174143190268
hpmcounter5,11,62691.15,529.893222734543
hpmcounter5,12,65977.1,600.0679044908168
hpmcounter5,13,69258.85,672.2345033542983
hpmcounter5,14,72554.25,730.8933489230833
hpmcounter5,15,75839.8,803.7919258116494
hpmcounter5,16,79098.4,835.0184668616618
hpmcounter5,17,82386.5,857.4094995974795
hpmcounter5,18,85675.1,884.8227449608199
hpmcounter5,19,88990.65,906.5279518580771
hpmcounter5,20,92306.95,950.9099576195424
hpmcounter5,21,95579.9,999.8898389322694
hpmcounter5,22,98858.8,1042.4122313173418
hpmcounter5,23,102123.05,1041.4392193018275
hpmcounter5,24,105362.05,1051.6521038347234
hpmcounter5,25,108612.45,1060.0362482009753
hpmcounter5,26,111866.8,1061.2817533529917
hpmcounter5,27,115110.15,1068.4768259068608
hpmcounter5,28,118375.2,1074.1235310707982
hpmcounter5,29,121662.6,1080.8513496313913
hpmcounter5,30,124972.1,1083.8683914571916
hpmcounter5,31,128265.8,1091.9196673748484
hpmcounter5,32,131529.7,1111.0562587016016
hpmcounter5,33,134826.95,1104.4086868093711
hpmcounter5,34,138107.9,1111.1128610541775
hpmcounter5,35,141384.7,1138.5314707991167
hpmcounter5,36,144656.9,1167.3035552074705
hpmcounter5,37,147938.65,1191.2471731341066
hpmcounter5,38,151188.9,1199.3895072077294
hpmcounter5,39,154440.6,1209.1055950577681
hpmcounter5,40,157712.8,1212.281881412075
hpmcounter5,41,161006.5,1198.3637803271592
hpmcounter5,42,164288.9,1243.7736088211552
hpmcounter5,43,167557.4,1242.7400532693875
hpmcounter5,44,170800.45,1252.2832936280834
hpmcounter5,45,174054.6,1264.717770888035
hpmcounter5,46,177357.5,1287.1429796258067
hpmcounter5,47,180651.0,1308.1738034374484
hpmcounter5,48,183942.65,1316.6923814999461
hpmcounter5,49,187216.5,1337.3246240161736
hpmcounter5,50,190489.05,1327.5472298566253
hpmcounter5,51,193770.15,1343.6383544317275
hpmcounter5,52,197031.4,1379.341089071155
hpmcounter5,53,200306.75,1396.1501665293745
hpmcounter5,54,203583.25,1377.4837521727798
hpmcounter5,55,206857.45,1367.9376986909892
hpmcounter5,56,210150.25,1373.6124225923409
hpmcounter5,57,213458.45,1379.063975129508
hpmcounter5,58,216753.55,1366.8319016982302
hpmcounter5,59,220052.45,1410.4120133847414
hpmcounter5,60,223351.7,1427.7431876916803
hpmcounter5,61,226670.4,1482.1404926659282
hpmcounter5,62,229995.4,1531.2050613813947
hpmcounter5,63,233307.55,1585.1717406956259
hpmcounter5,64,236602.8,1600.360946786693
hpmcounter5,65,239868.35,1630.4473703557562
hpmcounter5,66,243125.95,1636.8944521562776
hpmcounter5,67,246406.2,1624.014057820929
hpmcounter5,68,249693.85,1600.5449470414756
hpmcounter5,69,252978.25,1585.2193499639097
hpmcounter5,70,256241.85,1587.5734715281685
hpmcounter5,71,259493.2,1596.3922325042804
hpmcounter5,72,262761.85,1596.2939038598124
hpmcounter5,73,266036.2,1640.720774537825
hpmcounter5,74,269318.8,1669.7281096034767
hpmcounter5,75,272573.5,1672.6389179975456
hpmcounter5,76,275852.15,1662.0494961041325
hpmcounter5,77,279138.05,1666.0024752382571
hpmcounter5,78,282433.1,1649.7978936827385
hpmcounter5,79,285713.65,1651.350697913681
hpmcounter5,80,288980.35,1640.071622673839
hpmcounter5,81,292255.25,1638.6449851935593
hpmcounter5,82,295539.95,1618.3695027712304
hpmcounter5,83,298815.0,1611.4730838583685
hpmcounter5,84,302072.85,1608.6529543378836
hpmcounter5,85,305326.05,1619.6360540257183
hpmcounter5,86,308605.75,1630.0564982539715
hpmcounter5,87,311880.2,1652.6197566288502
hpmcounter5,88,315142.05,1644.4862868081327
hpmcounter5,89,318398.15,1639.8839981840179
hpmcounter5,90,321665.3,1639.8623143422747
hpmcounter5,91,324914.7,1638.5849108300736
hpmcounter5,92,328178.5,1642.862912722787
hpmcounter5,93,331443.75,1643.4172895220495
hpmcounter5,94,334701.7,1637.4332077981076
hpmcounter5,95,337964.5,1630.715441148455
hpmcounter5,96,341216.45,1628.0262428781668
hpmcounter5,97,344482.2,1630.6901790346321
hpmcounter5,98,347744.95,1646.75190830313
hpmcounter5,99,351006.5,1641.1857451245426
hpmcounter5,100,354266.3,1636.42131188762
hpmcounter5,101,357522.15,1638.5553171925565
hpmcounter5,102,360789.65,1638.1752737420986
hpmcounter5,103,364074.55,1657.1363997872957
hpmcounter5,104,367360.4,1668.4545963255937
hpmcounter5,105,370606.15,1677.0386779976186
hpmcounter5,106,373867.55,1684.7456328775572
hpmcounter5,107,377127.4,1674.4622241185375
hpmcounter5,108,380381.8,1670.4531301416391
hpmcounter5,109,383646.5,1664.5832661660395
hpmcounter5,110,386903.9,1656.49542408061
hpmcounter5,111,390159.75,1657.1279333533666
hpmcounter5,112,393406.1,1658.9847166264071
hpmcounter5,113,396659.85,1660.7568538169576
hpmcounter5,114,399927.8,1657.3625312525924
hpmcounter5,115,403183.75,1661.077477873925
hpmcounter5,116,406446.6,1647.9265274884074
hpmcounter5,117,409735.95,1624.5468437382779
hpmcounter5,118,413006.45,1628.7494428241564
hpmcounter5,119,416282.0,1654.3583046003064
hpmcounter5,120,419543.9,1650.6961228524165
hpmcounter5,121,422795.65,1658.5045455168338
hpmcounter5,122,426052.4,1655.897080135115
hpmcounter5,123,429340.5,1641.9014434490275
hpmcounter5,124,432605.0,1681.6469011061745
hpmcounter5,125,435851.55,1682.518275532245
hpmcounter5,126,439108.45,1678.3117849493879
hpmcounter5,127,442389.45,1692.4566013638282
hpmcounter5,128,445651.35,1691.8222210090516
hpmcounter5,129,448899.05,1699.8525664009803
hpmcounter5,130,452157.1,1707.1398273135096
hpmcounter5,131,455414.6,1709.4537256094416
hpmcounter5,132,458685.35,1704.606942230378
hpmcounter5,133,461960.0,1702.1879449696498
hpmcounter5,134,465234.0,1701.356517605878
hpmcounter5,135,468494.3,1697.9313030861997
hpmcounter5,136,471764.3,1704.5842044322715
hpmcounter5,137,475029.3,1711.0995909063854
hpmcounter5,138,478298.2,1708.2884592480273
hpmcounter5,139,481585.7,1724.5504660635477
hpmcounter5,140,484869.5,1755.1363052481138
hpmcounter5,141,488158.4,1793.6955817529351
hpmcounter5,142,491447.95,1843.0119770365031
hpmcounter5,143,494752.25,1867.6699086026954
hpmcounter5,144,498050.2,1899.9171192449423
hpmcounter5,145,501345.65,1939.0985089726619
hpmcounter5,146,504635.3,1956.5851144276858
hpmcounter5,147,507930.15,1986.1770131335225
hpmcounter5,148,511235.75,2009.9684294784333
hpmcounter5,149,514516.1,2039.5457803148229
hpmcounter5,150,517796.65,2031.420642678419
hpmcounter5,151,521057.6,2035.2422312835392
hpmcounter5,152,524326.55,2023.8366899283155
hpmcounter5,153,527596.95,2008.4174485151239
hpmcounter5,154,530857.1,2007.5650400422896
hpmcounter5,155,534144.7,1998.6191007793357
hpmcounter5,156,537434.0,2000.0276998081802
hpmcounter5,157,540721.55,1995.5776475747566
hpmcounter5,158,544024.1,2017.1213126631724
hpmcounter5,159,547310.8,2022.2729687161423
hpmcounter5,160,550594.2,2017.2540643161435
hpmcounter5,161,553880.55,2003.1066240966804
hpmcounter5,162,557161.5,1982.538284624032
hpmcounter5,163,560446.05,1974.8110915983837
hpmcounter5,164,563703.5,1968.6833036321511
hpmcounter5,165,566990.3,1939.5841074828386
hpmcounter5,166,570275.05,1974.6262804642301
hpmcounter5,167,573544.25,1966.5294270617972
hpmcounter5,168,576807.85,1957.5666342426252
hpmcounter5,169,580065.95,1960.3779858741527
hpmcounter5,170,583329.25,1962.4777928679855
hpmcounter5,171,586605.25,1949.322674033214
hpmcounter5,172,589885.65,1927.218754449012
hpmcounter5,173,593181.2,1902.8697695848764
hpmcounter5,174,596462.2,1888.182422331063
hpmcounter5,175,599732.7,1879.6535877655756
hpmcounter5,176,602987.5,1880.1427472402195
hpmcounter5,177,606249.4,1870.796204828308
hpmcounter5,178,609511.0,1872.7131921359448
hpmcounter5,179,612769.15,1871.071358206308
hpmcounter5,180,616018.75,1872.885337520693
hpmcounter5,181,619280.25,1873.306858872833
hpmcounter5,182,622543.3,1872.1639110932567
hpmcounter5,183,625801.75,1871.9786290179704
hpmcounter5,184,629079.25,1874.1471360328142
hpmcounter5,185,632353.95,1894.817417985174
hpmcounter5,186,635634.4,1906.8529151457908
hpmcounter5,187,638914.35,1913.876178727349
hpmcounter5,188,642181.75,1928.5686628948424
hpmcounter5,189,645444.5,1944.901861277324
hpmcounter5,190,648701.3,1942.037463593326
hpmcounter5,191,651974.45,1937.9080596096398
hpmcounter5,192,655253.85,1950.3464890885411
hpmcounter5,193,658529.55,1958.9243853451821
hpmcounter5,194,661806.4,1967.3759528875005
hpmcounter5,195,665066.8,1975.6052895252126
hpmcounter5,196,668325.7,1977.6570000887414
hpmcounter5,197,671587.55,1985.8893593299701
hpmcounter5,198,674856.8,1987.9066275859136
hpmcounter5,199,678140.7,1973.4013301910993
hpmcounter5,200,681404.35,1966.6128565378594
hpmcounter5,201,684659.35,1968.2814655175716
hpmcounter5,202,687950.25,1957.883905521469
hpmcounter5,203,691212.9,1966.88911482066
hpmcounter5,204,694476.0,1963.865906827653
hpmcounter5,205,697726.65,1970.3298017083332
hpmcounter5,206,700983.35,1972.1653905035448
hpmcounter5,207,704258.7,1979.5608629188444
hpmcounter5,208,707531.0,2004.7318025112486
hpmcounter5,209,710787.85,2004.6845955162123
hpmcounter5,210,714047.25,2003.034994077737
hpmcounter5,211,717301.4,2008.1374554546808
hpmcounter5,212,720563.15,2000.5763988161011
hpmcounter5,213,723812.3,1989.9250513524375
hpmcounter5,214,727065.95,1987.572299942822
hpmcounter5,215,730325.6,1992.669350394089
hpmcounter5,216,733594.95,1982.5028997456725
hpmcounter5,217,736849.45,1981.059854598038
hpmcounter5,218,740113.4,1987.4875949298403
hpmcounter5,219,743383.4,1995.9180193585107
hpmcounter5,220,746637.0,2001.3002273522081
hpmcounter5,221,749895.6,2009.9976467647916
hpmcounter5,222,753153.05,2010.0172754232733
hpmcounter5,223,756418.85,2015.3227105106516
hpmcounter5,224,759692.05,2021.9128931534121
hpmcounter5,225,762966.2,2027.350083236736
hpmcounter5,226,766241.65,2029.6627127431789
hpmcounter5,227,769511.8,2034.5157065011815
hpmcounter5,228,772787.25,2043.568958342243
hpmcounter5,229,776059.75,2051.8728975012073
hpmcounter5,230,779334.3,2063.38823540312
hpmcounter5,231,782607.75,2082.9402265787658
hpmcounter5,232,785889.95,2092.3579157257013
hpmcounter5,233,789151.75,2096.7087035399077
hpmcounter5,234,792403.7,2106.888418972395
hpmcounter5,235,795663.35,2113.8901881365555
hpmcounter5,236,798929.6,2116.1356383748184
hpmcounter5,237,802190.5,2120.288223331913
hpmcounter5,238,805446.25,2116.054958525416
hpmcounter5,239,808702.0,2116.472466156836
hpmcounter5,240,811957.7,2124.920494983283
hpmcounter5,241,815207.0,2132.3985556175935
hpmcounter5,242,818467.35,2142.0335729161666
hpmcounter5,243,821736.9,2124.6221052224796
hpmcounter5,244,825015.55,2121.0202138357854
hpmcounter5,245,828307.05,2094.4243952694974
hpmcounter5,246,831583.45,2066.225241230975
hpmcounter5,247,834867.05,2047.58571188119
hpmcounter5,248,838134.35,2038.5750237604698
hpmcounter5,249,841396.1,2035.8857016050777
hpmcounter5,250,844653.45,2029.8120965990915
hpmcounter5,251,847923.25,2028.2927765734414
hpmcounter5,252,851185.55,2033.2599557115173
hpmcounter5,253,854468.3,2045.1135689736157
hpmcounter5,254,857742.45,2066.1564915320423
hpmcounter5,255,861013.4,2080.0202258632003
hpmcounter5,256,864290.6,2094.620929905934
hpmcounter5,257,867544.7,2093.608490143274
hpmcounter5,258,870800.45,2092.392732614984
hpmcounter5,259,874078.35,2086.1159189987497
hpmcounter5,260,877354.25,2102.024592505996
hpmcounter5,261,880648.55,2109.7816824259335
hpmcounter5,262,883906.5,2121.089354553457
hpmcounter5,263,887179.0,2128.5676639468147
hpmcounter5,264,890465.5,2129.4416052101546
hpmcounter5,265,893743.3,2119.11583213377
hpmcounter5,266,897037.9,2107.285431544574
hpmcounter5,267,900334.35,2091.2187660548575
hpmcounter5,268,903632.5,2074.8788518850924
hpmcounter5,269,906923.4,2066.136089419088
hpmcounter5,270,910209.7,2051.436328526918
hpmcounter5,271,913507.55,2053.9426349097484
hpmcounter5,272,916780.95,2045.6469019603558
hpmcounter5,273,920045.9,2046.4154490229985
hpmcounter5,274,923297.6,2042.9905628759034
hpmcounter5,275,926584.1,2061.0684826079896
hpmcounter5,276,929850.8,2078.53202044135
hpmcounter5,277,933119.7,2098.4797139834354
hpmcounter5,278,936400.95,2121.458071115241
hpmcounter5,279,939681.25,2145.67949319091
hpmcounter5,280,942952.55,2144.91047540451
hpmcounter5,281,946212.1,2146.4125395645638
hpmcounter5,282,949478.1,2144.388418640616
hpmcounter5,283,952737.9,2143.9622408055607
hpmcounter5,284,955996.55,2137.770648947169
hpmcounter5,285,959264.0,2148.3235091577803
hpmcounter5,286,962524.55,2151.474970223916
hpmcounter5,287,965785.35,2149.0686651431124
hpmcounter5,288,969044.55,2149.5701541238423
hpmcounter5,289,972308.0,2147.86929304369
hpmcounter5,290,975569.75,2153.2301984460464
hpmcounter5,291,978827.75,2159.9426583823933
hpmcounter5,292,982102.05,2172.2083112583837
hpmcounter5,293,985381.1,2184.1456430375697
hpmcounter5,294,988675.85,2190.907877456284
hpmcounter5,295,991952.5,2206.523815869659
hpmcounter5,296,995230.4,2225.2213238237673
hpmcounter5,297,998506.6,2253.3745671769707
hpmcounter5,298,1001773.9,2237.6891852980834
hpmcounter6,0,329484.35,17.861340935103396
hpmcounter6,1,329492.35,17.861340935103396
hpmcounter6,2,329500.35,17.861340935103396
hpmcounter6,3,329508.35,17.861340935103396
hpmcounter6,4,329514.35,17.861340935103396
hpmcounter6,5,329520.35,17.861340935103396
hpmcounter6,6,329526.35,17.861340935103396
hpmcounter6,7,329532.35,17.861340935103396
hpmcounter6,8,329538.35,17.861340935103396
hpmcounter6,9,329544.35,17.861340935103396
hpmcounter6,10,329550.35,17.861340935103396
hpmcounter6,11,329558.35,17.861340935103396
hpmcounter6,12,329566.35,17.861340935103396
hpmcounter6,13,329574.35,17.861340935103396
hpmcounter6,14,329580.35,17.861340935103396
hpmcounter6,15,329586.35,17.861340935103396
hpmcounter6,16,329592.35,17.861340935103396
hpmcounter6,17,329598.35,17.861340935103396
hpmcounter6,18,329604.35,17.861340935103396
hpmcounter6,19,329610.35,17.861340935103396
hpmcounter6,20,329616.35,17.861340935103396
hpmcounter6,21,329624.35,17.861340935103396
hpmcounter6,22,329632.35,17.861340935103396
hpmcounter6,23,329640.35,17.861340935103396
hpmcounter6,24,329646.35,17.861340935103396
hpmcounter6,25,329652.35,17.861340935103396
hpmcounter6,26,329658.35,17.861340935103396
hpmcounter6,27,329664.35,17.861340935103396
hpmcounter6,28,329670.35,17.861340935103396
hpmcounter6,29,329676.35,17.861340935103396
hpmcounter6,30,329682.35,17.861340935103396
hpmcounter6,31,329690.35,17.861340935103396
hpmcounter6,32,329698.35,17.861340935103396
hpmcounter6,33,329706.35,17.861340935103396
hpmcounter6,34,329712.35,17.861340935103396
hpmcounter6,35,329718.35,17.861340935103396
hpmcounter6,36,329724.35,17.861340935103396
hpmcounter6,37,329730.35,17.861340935103396
hpmcounter6,38,329736.35,17.861340935103396
hpmcounter6,39,329742.35,17.861340935103396
hpmcounter6,40,329748.35,17.861340935103396
hpmcounter6,41,329756.35,17.861340935103396
hpmcounter6,42,329764.35,17.861340935103396
hpmcounter6,43,329772.35,17.861340935103396
hpmcounter6,44,329778.35,17.861340935103396
hpmcounter6,45,329784.35,17.861340935103396
hpmcounter6,46,329790.35,17.861340935103396
hpmcounter6,47,329796.35,17.861340935103396
hpmcounter6,48,329802.35,17.861340935103396
hpmcounter6,49,329808.35,17.861340935103396
hpmcounter6,50,329814.35,17.861340935103396
hpmcounter6,51,329822.35,17.861340935103396
hpmcounter6,52,329830.35,17.861340935103396
hpmcounter6,53,329838.35,17.861340935103396
hpmcounter6,54,329844.35,17.861340935103396
hpmcounter6,55,329850.35,17.861340935103396
hpmcounter6,56,329856.35,17.861340935103396
hpmcounter6,57,329862.35,17.861340935103396
hpmcounter6,58,329868.35,17.861340935103396
hpmcounter6,59,329874.35,17.861340935103396
hpmcounter6,60,329880.35,17.861340935103396
hpmcounter6,61,329888.35,17.861340935103396
hpmcounter6,62,329896.35,17.861340935103396
hpmcounter6,63,329904.35,17.861340935103396
hpmcounter6,64,329910.35,17.861340935103396
hpmcounter6,65,329916.35,17.861340935103396
hpmcounter6,66,329922.35,17.861340935103396
hpmcounter6,67,329928.35,17.861340935103396
hpmcounter6,68,329934.35,17.861340935103396
hpmcounter6,69,329940.35,17.861340935103396
hpmcounter6,70,329946.35,17.861340935103396
hpmcounter6,71,329954.35,17.861340935103396
hpmcounter6,72,329962.35,17.861340935103396
hpmcounter6,73,329970.35,17.861340935103396
hpmcounter6,74,329976.35,17.861340935103396
hpmcounter6,75,329982.35,17.861340935103396
hpmcounter6,76,329988.35,17.861340935103396
hpmcounter6,77,329994.35,17.861340935103396
hpmcounter6,78,330000.35,17.861340935103396
hpmcounter6,79,330006.35,17.861340935103396
hpmcounter6,80,330012.35,17.861340935103396
hpmcounter6,81,330020.35,17.861340935103396
hpmcounter6,82,330028.35,17.861340935103396
hpmcounter6,83,330036.35,17.861340935103396
hpmcounter6,84,330042.35,17.861340935103396
hpmcounter6,85,330048.35,17.861340935103396
hpmcounter6,86,330054.35,17.861340935103396
hpmcounter6,87,330060.35,17.861340935103396
hpmcounter6,88,330066.35,17.861340935103396
hpmcounter6,89,330072.35,17.861340935103396
hpmcounter6,90,330078.35,17.861340935103396
hpmcounter6,91,330086.35,17.861340935103396
hpmcounter6,92,330094.35,17.861340935103396
hpmcounter6,93,330102.35,17.861340935103396
hpmcounter6,94,330108.35,17.861340935103396
hpmcounter6,95,330114.35,17.861340935103396
hpmcounter6,96,330120.35,17.861340935103396
hpmcounter6,97,330126.35,17.861340935103396
hpmcounter6,98,330132.35,17.861340935103396
hpmcounter6,99,330138.35,17.861340935103396
hpmcounter6,100,330144.35,17.861340935103396
hpmcounter6,101,330152.35,17.861340935103396
hpmcounter6,102,330160.35,17.861340935103396
hpmcounter6,103,330168.35,17.861340935103396
hpmcounter6,104,330174.35,17.861340935103396
hpmcounter6,105,330180.35,17.861340935103396
hpmcounter6,106,330186.35,17.861340935103396
hpmcounter6,107,330192.35,17.861340935103396
hpmcounter6,108,330198.35,17.861340935103396
hpmcounter6,109,330204.35,17.861340935103396
hpmcounter6,110,330210.35,17.861340935103396
hpmcounter6,111,330218.35,17.861340935103396
hpmcounter6,112,330226.35,17.861340935103396
hpmcounter6,113,330234.35,17.861340935103396
hpmcounter6,114,330240.35,17.861340935103396
hpmcounter6,115,330246.35,17.861340935103396
hpmcounter6,116,330252.35,17.861340935103396
hpmcounter6,117,330258.35,17.861340935103396
hpmcounter6,118,330264.35,17.861340935103396
hpmcounter6,119,330270.35,17.861340935103396
hpmcounter6,120,330276.35,17.861340935103396
hpmcounter6,121,330284.35,17.861340935103396
hpmcounter6,122,330292.35,17.861340935103396
hpmcounter6,123,330300.35,17.861340935103396
hpmcounter6,124,330306.35,17.861340935103396
hpmcounter6,125,330312.35,17.861340935103396
hpmcounter6,126,330318.35,17.861340935103396
hpmcounter6,127,330324.35,17.861340935103396
hpmcounter6,128,330330.35,17.861340935103396
hpmcounter6,129,330336.35,17.861340935103396
hpmcounter6,130,330342.35,17.861340935103396
hpmcounter6,131,330350.35,17.861340935103396
hpmcounter6,132,330358.35,17.861340935103396
hpmcounter6,133,330366.35,17.861340935103396
hpmcounter6,134,330372.35,17.861340935103396
hpmcounter6,135,330378.35,17.861340935103396
hpmcounter6,136,330384.35,17.861340935103396
hpmcounter6,137,330390.35,17.861340935103396
hpmcounter6,138,330396.35,17.861340935103396
hpmcounter6,139,330402.35,17.861340935103396
hpmcounter6,140,330408.35,17.861340935103396
hpmcounter6,141,330416.35,17.861340935103396
hpmcounter6,142,330424.35,17.861340935103396
hpmcounter6,143,330432.35,17.861340935103396
hpmcounter6,144,330438.35,17.861340935103396
hpmcounter6,145,330444.35,17.861340935103396
hpmcounter6,146,330450.35,17.861340935103396
hpmcounter6,147,330456.35,17.861340935103396
hpmcounter6,148,330462.35,17.861340935103396
hpmcounter6,149,330468.35,17.861340935103396
hpmcounter6,150,330474.35,17.861340935103396
hpmcounter6,151,330482.35,17.861340935103396
hpmcounter6,152,330490.35,17.861340935103396
hpmcounter6,153,330498.35,17.861340935103396
hpmcounter6,154,330504.35,17.861340935103396
hpmcounter6,155,330510.35,17.861340935103396
hpmcounter6,156,330516.35,17.861340935103396
hpmcounter6,157,330522.35,17.861340935103396
hpmcounter6,158,330528.35,17.861340935103396
hpmcounter6,159,330534.35,17.861340935103396
hpmcounter6,160,330540.35,17.861340935103396
hpmcounter6,161,330548.35,17.861340935103396
hpmcounter6,162,330556.35,17.861340935103396
hpmcounter6,163,330564.35,17.861340935103396
hpmcounter6,164,330570.35,17.861340935103396
hpmcounter6,165,330576.35,17.861340935103396
hpmcounter6,166,330582.35,17.861340935103396
hpmcounter6,167,330588.35,17.861340935103396
hpmcounter6,168,330594.35,17.861340935103396
hpmcounter6,169,330600.35,17.861340935103396
hpmcounter6,170,330606.35,17.861340935103396
hpmcounter6,171,330614.35,17.861340935103396
hpmcounter6,172,330622.35,17.861340935103396
hpmcounter6,173,330630.35,17.861340935103396
hpmcounter6,174,330636.35,17.861340935103396
hpmcounter6,175,330642.35,17.861340935103396
hpmcounter6,176,330648.35,17.861340935103396
hpmcounter6,177,330654.35,17.861340935103396
hpmcounter6,178,330660.35,17.861340935103396
hpmcounter6,179,330666.35,17.861340935103396
hpmcounter6,180,330672.35,17.861340935103396
hpmcounter6,181,330680.35,17.861340935103396
hpmcounter6,182,330688.35,17.861340935103396
hpmcounter6,183,330696.35,17.861340935103396
hpmcounter6,184,330702.35,17.861340935103396
hpmcounter6,185,330708.35,17.861340935103396
hpmcounter6,186,330714.35,17.861340935103396
hpmcounter6,187,330720.35,17.861340935103396
hpmcounter6,188,330726.35,17.861340935103396
hpmcounter6,189,330732.35,17.861340935103396
hpmcounter6,190,330738.35,17.861340935103396
hpmcounter6,191,330746.35,17.861340935103396
hpmcounter6,192,330754.35,17.861340935103396
hpmcounter6,193,330762.35,17.861340935103396
hpmcounter6,194,330768.35,17.861340935103396
hpmcounter6,195,330774.35,17.861340935103396
hpmcounter6,196,330780.35,17.861340935103396
hpmcounter6,197,330786.35,17.861340935103396
hpmcounter6,198,330792.35,17.861340935103396
hpmcounter6,199,330798.35,17.861340935103396
hpmcounter6,200,330804.35,17.861340935103396
hpmcounter6,201,330812.35,17.861340935103396
hpmcounter6,202,330820.35,17.861340935103396
hpmcounter6,203,330828.35,17.861340935103396
hpmcounter6,204,330834.35,17.861340935103396
hpmcounter6,205,330840.35,17.861340935103396
hpmcounter6,206,330846.35,17.861340935103396
hpmcounter6,207,330852.35,17.861340935103396
hpmcounter6,208,330858.35,17.861340935103396
hpmcounter6,209,330864.35,17.861340935103396
hpmcounter6,210,330870.35,17.861340935103396
hpmcounter6,211,330878.35,17.861340935103396
hpmcounter6,212,330886.35,17.861340935103396
hpmcounter6,213,330894.35,17.861340935103396
hpmcounter6,214,330900.35,17.861340935103396
hpmcounter6,215,330906.35,17.861340935103396
hpmcounter6,216,330912.35,17.861340935103396
hpmcounter6,217,330918.35,17.861340935103396
hpmcounter6,218,330924.35,17.861340935103396
hpmcounter6,219,330930.35,17.861340935103396
hpmcounter6,220,330936.35,17.861340935103396
hpmcounter6,221,330944.35,17.861340935103396
hpmcounter6,222,330952.35,17.861340935103396
hpmcounter6,223,330960.35,17.861340935103396
hpmcounter6,224,330966.35,17.861340935103396
hpmcounter6,225,330972.35,17.861340935103396
hpmcounter6,226,330978.35,17.861340935103396
hpmcounter6,227,330984.35,17.861340935103396
hpmcounter6,228,330990.35,17.861340935103396
hpmcounter6,229,330996.35,17.861340935103396
hpmcounter6,230,331002.35,17.861340935103396
hpmcounter6,231,331010.35,17.861340935103396
hpmcounter6,232,331018.35,17.861340935103396
hpmcounter6,233,331026.35,17.861340935103396
hpmcounter6,234,331032.35,17.861340935103396
hpmcounter6,235,331038.35,17.861340935103396
hpmcounter6,236,331044.35,17.861340935103396
hpmcounter6,237,331050.35,17.861340935103396
hpmcounter6,238,331056.35,17.861340935103396
hpmcounter6,239,331062.35,17.861340935103396
hpmcounter6,240,331068.35,17.861340935103396
hpmcounter6,241,331076.35,17.861340935103396
hpmcounter6,242,331084.35,17.861340935103396
hpmcounter6,243,331092.35,17.861340935103396
hpmcounter6,244,331098.35,17.861340935103396
hpmcounter6,245,331104.35,17.861340935103396
hpmcounter6,246,331110.35,17.861340935103396
hpmcounter6,247,331116.35,17.861340935103396
hpmcounter6,248,331122.35,17.861340935103396
hpmcounter6,249,331128.35,17.861340935103396
hpmcounter6,250,331134.35,17.861340935103396
hpmcounter6,251,331142.35,17.861340935103396
hpmcounter6,252,331150.35,17.861340935103396
hpmcounter6,253,331158.35,17.861340935103396
hpmcounter6,254,331164.35,17.861340935103396
hpmcounter6,255,331170.35,17.861340935103396
hpmcounter6,256,331176.35,17.861340935103396
hpmcounter6,257,331182.35,17.861340935103396
hpmcounter6,258,331188.35,17.861340935103396
hpmcounter6,259,331194.35,17.861340935103396
hpmcounter6,260,331200.35,17.861340935103396
hpmcounter6,261,331208.35,17.861340935103396
hpmcounter6,262,331216.35,17.861340935103396
hpmcounter6,263,331224.35,17.861340935103396
hpmcounter6,264,331230.35,17.861340935103396
hpmcounter6,265,331236.35,17.861340935103396
hpmcounter6,266,331242.35,17.861340935103396
hpmcounter6,267,331248.35,17.861340935103396
hpmcounter6,268,331254.35,17.861340935103396
hpmcounter6,269,331260.35,17.861340935103396
hpmcounter6,270,331266.35,17.861340935103396
hpmcounter6,271,331274.35,17.861340935103396
hpmcounter6,272,331282.35,17.861340935103396
hpmcounter6,273,331290.35,17.861340935103396
hpmcounter6,274,331296.35,17.861340935103396
hpmcounter6,275,331302.35,17.861340935103396
hpmcounter6,276,331308.35,17.861340935103396
hpmcounter6,277,331314.35,17.861340935103396
hpmcounter6,278,331320.35,17.861340935103396
hpmcounter6,279,331326.35,17.861340935103396
hpmcounter6,280,331332.35,17.861340935103396
hpmcounter6,281,331340.35,17.861340935103396
hpmcounter6,282,331348.35,17.861340935103396
hpmcounter6,283,331356.35,17.861340935103396
hpmcounter6,284,331362.35,17.861340935103396
hpmcounter6,285,331368.35,17.861340935103396
hpmcounter6,286,331374.35,17.861340935103396
hpmcounter6,287,331380.35,17.861340935103396
hpmcounter6,288,331386.35,17.861340935103396
hpmcounter6,289,331392.35,17.861340935103396
hpmcounter6,290,331398.35,17.861340935103396
hpmcounter6,291,331406.35,17.861340935103396
hpmcounter6,292,331414.35,17.861340935103396
hpmcounter6,293,331422.35,17.861340935103396
hpmcounter6,294,331428.35,17.861340935103396
hpmcounter6,295,331434.35,17.861340935103396
hpmcounter6,296,331440.35,17.861340935103396
hpmcounter6,297,331446.35,17.861340935103396
hpmcounter6,298,331452.35,17.861340935103396
hpmcounter7,0,0.0,1e-09
hpmcounter7,1,0.0,1e-09
hpmcounter7,2,0.0,1e-09
hpmcounter7,3,0.0,1e-09
hpmcounter7,4,0.0,1e-09
hpmcounter7,5,0.0,1e-09
hpmcounter7,6,0.0,1e-09
hpmcounter7,7,0.0,1e-09
hpmcounter7,8,0.0,1e-09
hpmcounter7,9,0.0,1e-09
hpmcounter7,10,0.0,1e-09
hpmcounter7,11,0.0,1e-09
hpmcounter7,12,0.0,1e-09
hpmcounter7,13,0.0,1e-09
hpmcounter7,14,0.0,1e-09
hpmcounter7,15,0.0,1e-09
hpmcounter7,16,0.0,1e-09
hpmcounter7,17,0.0,1e-09
hpmcounter7,18,0.0,1e-09
hpmcounter7,19,0.0,1e-09
hpmcounter7,20,0.0,1e-09
hpmcounter7,21,0.0,1e-09
hpmcounter7,22,0.0,1e-09
hpmcounter7,23,0.0,1e-09
hpmcounter7,24,0.0,1e-09
hpmcounter7,25,0.0,1e-09
hpmcounter7,26,0.0,1e-09
hpmcounter7,27,0.0,1e-09
hpmcounter7,28,0.0,1e-09
hpmcounter7,29,0.0,1e-09
hpmcounter7,30,0.0,1e-09
hpmcounter7,31,0.0,1e-09
hpmcounter7,32,0.0,1e-09
hpmcounter7,33,0.0,1e-09
hpmcounter7,34,0.0,1e-09
hpmcounter7,35,0.0,1e-09
hpmcounter7,36,0.0,1e-09
hpmcounter7,37,0.0,1e-09
hpmcounter7,38,0.0,1e-09
hpmcounter7,39,0.0,1e-09
hpmcounter7,40,0.0,1e-09
hpmcounter7,41,0.0,1e-09
hpmcounter7,42,0.0,1e-09
hpmcounter7,43,0.0,1e-09
hpmcounter7,44,0.0,1e-09
hpmcounter7,45,0.0,1e-09
hpmcounter7,46,0.0,1e-09
hpmcounter7,47,0.0,1e-09
hpmcounter7,48,0.0,1e-09
hpmcounter7,49,0.0,1e-09
hpmcounter7,50,0.0,1e-09
hpmcounter7,51,0.0,1e-09
hpmcounter7,52,0.0,1e-09
hpmcounter7,53,0.0,1e-09
hpmcounter7,54,0.0,1e-09
hpmcounter7,55,0.0,1e-09
hpmcounter7,56,0.0,1e-09
hpmcounter7,57,0.0,1e-09
hpmcounter7,58,0.0,1e-09
hpmcounter7,59,0.0,1e-09
hpmcounter7,60,0.0,1e-09
hpmcounter7,61,0.0,1e-09
hpmcounter7,62,0.0,1e-09
hpmcounter7,63,0.0,1e-09
hpmcounter7,64,0.0,1e-09
hpmcounter7,65,0.0,1e-09
hpmcounter7,66,0.0,1e-09
hpmcounter7,67,0.0,1e-09
hpmcounter7,68,0.0,1e-09
hpmcounter7,69,0.0,1e-09
hpmcounter7,70,0.0,1e-09
hpmcounter7,71,0.0,1e-09
hpmcounter7,72,0.0,1e-09
hpmcounter7,73,0.0,1e-09
hpmcounter7,74,0.0,1e-09
hpmcounter7,75,0.0,1e-09
hpmcounter7,76,0.0,1e-09
hpmcounter7,77,0.0,1e-09
hpmcounter7,78,0.0,1e-09
hpmcounter7,79,0.0,1e-09
hpmcounter7,80,0.0,1e-09
hpmcounter7,81,0.0,1e-09
hpmcounter7,82,0.0,1e-09
hpmcounter7,83,0.0,1e-09
hpmcounter7,84,0.0,1e-09
hpmcounter7,85,0.0,1e-09
hpmcounter7,86,0.0,1e-09
hpmcounter7,87,0.0,1e-09
hpmcounter7,88,0.0,1e-09
hpmcounter7,89,0.0,1e-09
hpmcounter7,90,0.0,1e-09
hpmcounter7,91,0.0,1e-09
hpmcounter7,92,0.0,1e-09
hpmcounter7,93,0.0,1e-09
hpmcounter7,94,0.0,1e-09
hpmcounter7,95,0.0,1e-09
hpmcounter7,96,0.0,1e-09
hpmcounter7,97,0.0,1e-09
hpmcounter7,98,0.0,1e-09
hpmcounter7,99,0.0,1e-09
hpmcounter7,100,0.0,1e-09
hpmcounter7,101,0.0,1e-09
hpmcounter7,102,0.0,1e-09
hpmcounter7,103,0.0,1e-09
hpmcounter7,104,0.0,1e-09
hpmcounter7,105,0.0,1e-09
hpmcounter7,106,0.0,1e-09
hpmcounter7,107,0.0,1e-09
hpmcounter7,108,0.0,1e-09
hpmcounter7,109,0.0,1e-09
hpmcounter7,110,0.0,1e-09
hpmcounter7,111,0.0,1e-09
hpmcounter7,112,0.0,1e-09
hpmcounter7,113,0.0,1e-09
hpmcounter7,114,0.0,1e-09
hpmcounter7,115,0.0,1e-09
hpmcounter7,116,0.0,1e-09
hpmcounter7,117,0.0,1e-09
hpmcounter7,118,0.0,1e-09
hpmcounter7,119,0.0,1e-09
hpmcounter7,120,0.0,1e-09
hpmcounter7,121,0.0,1e-09
hpmcounter7,122,0.0,1e-09
hpmcounter7,123,0.0,1e-09
hpmcounter7,124,0.0,1e-09
hpmcounter7,125,0.0,1e-09
hpmcounter7,126,0.0,1e-09
hpmcounter7,127,0.0,1e-09
hpmcounter7,128,0.0,1e-09
hpmcounter7,129,0.0,1e-09
hpmcounter7,130,0.0,1e-09
hpmcounter7,131,0.0,1e-09
hpmcounter7,132,0.0,1e-09
hpmcounter7,133,0.0,1e-09
hpmcounter7,134,0.0,1e-09
hpmcounter7,135,0.0,1e-09
hpmcounter7,136,0.0,1e-09
hpmcounter7,137,0.0,1e-09
hpmcounter7,138,0.0,1e-09
hpmcounter7,139,0.0,1e-09
hpmcounter7,140,0.0,1e-09
hpmcounter7,141,0.0,1e-09
hpmcounter7,142,0.0,1e-09
hpmcounter7,143,0.0,1e-09
hpmcounter7,144,0.0,1e-09
hpmcounter7,145,0.0,1e-09
hpmcounter7,146,0.0,1e-09
hpmcounter7,147,0.0,1e-09
hpmcounter7,148,0.0,1e-09
hpmcounter7,149,0.0,1e-09
hpmcounter7,150,0.0,1e-09
hpmcounter7,151,0.0,1e-09
hpmcounter7,152,0.0,1e-09
hpmcounter7,153,0.0,1e-09
hpmcounter7,154,0.0,1e-09
hpmcounter7,155,0.0,1e-09
hpmcounter7,156,0.0,1e-09
hpmcounter7,157,0.0,1e-09
hpmcounter7,158,0.0,1e-09
hpmcounter7,159,0.0,1e-09
hpmcounter7,160,0.0,1e-09
hpmcounter7,161,0.0,1e-09
hpmcounter7,162,0.0,1e-09
hpmcounter7,163,0.0,1e-09
hpmcounter7,164,0.0,1e-09
hpmcounter7,165,0.0,1e-09
hpmcounter7,166,0.0,1e-09
hpmcounter7,167,0.0,1e-09
hpmcounter7,168,0.0,1e-09
hpmcounter7,169,0.0,1e-09
hpmcounter7,170,0.0,1e-09
hpmcounter7,171,0.0,1e-09
hpmcounter7,172,0.0,1e-09
hpmcounter7,173,0.0,1e-09
hpmcounter7,174,0.0,1e-09
hpmcounter7,175,0.0,1e-09
hpmcounter7,176,0.0,1e-09
hpmcounter7,177,0.0,1e-09
hpmcounter7,178,0.0,1e-09
hpmcounter7,179,0.0,1e-09
hpmcounter7,180,0.0,1e-09
hpmcounter7,181,0.0,1e-09
hpmcounter7,182,0.0,1e-09
hpmcounter7,183,0.0,1e-09
hpmcounter7,184,0.0,1e-09
hpmcounter7,185,0.0,1e-09
hpmcounter7,186,0.0,1e-09
hpmcounter7,187,0.0,1e-09
hpmcounter7,188,0.0,1e-09
hpmcounter7,189,0.0,1e-09
hpmcounter7,190,0.0,1e-09
hpmcounter7,191,0.0,1e-09
hpmcounter7,192,0.0,1e-09
hpmcounter7,193,0.0,1e-09
hpmcounter7,194,0.0,1e-09
hpmcounter7,195,0.0,1e-09
hpmcounter7,196,0.0,1e-09
hpmcounter7,197,0.0,1e-09
hpmcounter7,198,0.0,1e-09
hpmcounter7,199,0.0,1e-09
hpmcounter7,200,0.0,1e-09
hpmcounter7,201,0.0,1e-09
hpmcounter7,202,0.0,1e-09
hpmcounter7,203,0.0,1e-09
hpmcounter7,204,0.0,1e-09
hpmcounter7,205,0.0,1e-09
hpmcounter7,206,0.0,1e-09
hpmcounter7,207,0.0,1e-09
hpmcounter7,208,0.0,1e-09
hpmcounter7,209,0.0,1e-09
hpmcounter7,210,0.0,1e-09
hpmcounter7,211,0.0,1e-09
hpmcounter7,212,0.0,1e-09
hpmcounter7,213,0.0,1e-09
hpmcounter7,214,0.0,1e-09
hpmcounter7,215,0.0,1e-09
hpmcounter7,216,0.0,1e-09
hpmcounter7,217,0.0,1e-09
hpmcounter7,218,0.0,1e-09
hpmcounter7,219,0.0,1e-09
hpmcounter7,220,0.0,1e-09
hpmcounter7,221,0.0,1e-09
hpmcounter7,222,0.0,1e-09
hpmcounter7,223,0.0,1e-09
hpmcounter7,224,0.0,1e-09
hpmcounter7,225,0.0,1e-09
hpmcounter7,226,0.0,1e-09
hpmcounter7,227,0.0,1e-09
hpmcounter7,228,0.0,1e-09
hpmcounter7,229,0.0,1e-09
hpmcounter7,230,0.0,1e-09
hpmcounter7,231,0.0,1e-09
hpmcounter7,232,0.0,1e-09
hpmcounter7,233,0.0,1e-09
hpmcounter7,234,0.0,1e-09
hpmcounter7,235,0.0,1e-09
hpmcounter7,236,0.0,1e-09
hpmcounter7,237,0.0,1e-09
hpmcounter7,238,0.0,1e-09
hpmcounter7,239,0.0,1e-09
hpmcounter7,240,0.0,1e-09
hpmcounter7,241,0.0,1e-09
hpmcounter7,242,0.0,1e-09
hpmcounter7,243,0.0,1e-09
hpmcounter7,244,0.0,1e-09
hpmcounter7,245,0.0,1e-09
hpmcounter7,246,0.0,1e-09
hpmcounter7,247,0.0,1e-09
hpmcounter7,248,0.0,1e-09
hpmcounter7,249,0.0,1e-09
hpmcounter7,250,0.0,1e-09
hpmcounter7,251,0.0,1e-09
hpmcounter7,252,0.0,1e-09
hpmcounter7,253,0.0,1e-09
hpmcounter7,254,0.0,1e-09
hpmcounter7,255,0.0,1e-09
hpmcounter7,256,0.0,1e-09
hpmcounter7,257,0.0,1e-09
hpmcounter7,258,0.0,1e-09
hpmcounter7,259,0.0,1e-09
hpmcounter7,260,0.0,1e-09
hpmcounter7,261,0.0,1e-09
hpmcounter7,262,0.0,1e-09
hpmcounter7,263,0.0,1e-09
hpmcounter7,264,0.0,1e-09
hpmcounter7,265,0.0,1e-09
hpmcounter7,266,0.0,1e-09
hpmcounter7,267,0.0,1e-09
hpmcounter7,268,0.0,1e-09
hpmcounter7,269,0.0,1e-09
hpmcounter7,270,0.0,1e-09
hpmcounter7,271,0.0,1e-09
hpmcounter7,272,0.0,1e-09
hpmcounter7,273,0.0,1e-09
hpmcounter7,274,0.0,1e-09
hpmcounter7,275,0.0,1e-09
hpmcounter7,276,0.0,1e-09
hpmcounter7,277,0.0,1e-09
hpmcounter7,278,0.0,1e-09
hpmcounter7,279,0.0,1e-09
hpmcounter7,280,0.0,1e-09
hpmcounter7,281,0.0,1e-09
hpmcounter7,282,0.0,1e-09
hpmcounter7,283,0.0,1e-09
hpmcounter7,284,0.0,1e-09
hpmcounter7,285,0.0,1e-09
hpmcounter7,286,0.0,1e-09
hpmcounter7,287,0.0,1e-09
hpmcounter7,288,0.0,1e-09
hpmcounter7,289,0.0,1e-09
hpmcounter7,290,0.0,1e-09
hpmcounter7,291,0.0,1e-09
hpmcounter7,292,0.0,1e-09
hpmcounter7,293,0.0,1e-09
hpmcounter7,294,0.0,1e-09
hpmcounter7,295,0.0,1e-09
hpmcounter7,296,0.0,1e-09
hpmcounter7,297,0.0,1e-09
hpmcounter7,298,0.0,1e-09
hpmcounter8,0,155140.2,10.23523326553919
hpmcounter8,1,201658.9,33.08005441349818
hpmcounter8,2,248531.2,823.105861964304
hpmcounter8,3,295387.95,1798.6670752254292
hpmcounter8,4,342494.15,2635.840364570662
hpmcounter8,5,389548.65,3673.7688723571055
hpmcounter8,6,436459.1,4451.281162766513
hpmcounter8,7,483544.05,5471.000388183134
hpmcounter8,8,530734.15,6740.214501594144
hpmcounter8,9,577412.95,7336.759539980849
hpmcounter8,10,623884.95,7361.255093222895
hpmcounter8,11,670871.05,8331.788916403248
hpmcounter8,12,717926.3,9440.022373384505
hpmcounter8,13,764911.4,10669.040441389283
hpmcounter8,14,811985.6,11908.895664166346
hpmcounter8,15,859216.65,13194.708053894183
hpmcounter8,16,905948.0,13761.807341334204
hpmcounter8,17,952694.85,14388.18231839936
hpmcounter8,18,999451.35,15076.328161309702
hpmcounter8,19,1046513.35,15782.00213938333
hpmcounter8,20,1093774.9,16555.893412618963
hpmcounter8,21,1140520.15,17372.88737163457
hpmcounter8,22,1187250.35,18242.64678240249
hpmcounter8,23,1234003.65,18216.626186742153
hpmcounter8,24,1280473.25,18224.078165643936
hpmcounter8,25,1327191.35,18268.995172901545
hpmcounter8,26,1373629.25,18298.58417439721
hpmcounter8,27,1420107.95,18293.65233482642
hpmcounter8,28,1466818.25,18243.00919770365
hpmcounter8,29,1513574.4,18246.449157027786
hpmcounter8,30,1560638.85,18353.12314914004
hpmcounter8,31,1607880.3,18490.833404960416
hpmcounter8,32,1654830.0,18657.573617702812
hpmcounter8,33,1702110.9,18679.1485349306
hpmcounter8,34,1748856.2,18905.662745854745
hpmcounter8,35,1795839.0,19170.925647970158
hpmcounter8,36,1842824.25,19523.246755790904
hpmcounter8,37,1889572.05,19930.052560078715
hpmcounter8,38,1936046.25,19949.36187168652
hpmcounter8,39,1982525.75,19959.066363121798
hpmcounter8,40,2029292.05,19989.529445374646
hpmcounter8,41,2076056.2,20067.57897355832
hpmcounter8,42,2123078.95,20677.628346778554
hpmcounter8,43,2169577.7,20664.680220366343
hpmcounter8,44,2216036.75,20690.953882977457
hpmcounter8,45,2262745.3,20919.305645981658
hpmcounter8,46,2309761.85,21346.226402516673
hpmcounter8,47,2356785.95,21839.069569180367
hpmcounter8,48,2403570.75,22056.8376130283
hpmcounter8,49,2450326.55,22352.506207302573
hpmcounter8,50,2496835.7,22329.94804315496
hpmcounter8,51,2543634.1,22661.21130014898
hpmcounter8,52,2590361.75,23109.30573573122
hpmcounter8,53,2637091.95,23556.13009064732
hpmcounter8,54,2683609.6,23533.862019226683
hpmcounter8,55,2730397.7,23339.461855621266
hpmcounter8,56,2777667.4,23395.9424695822
hpmcounter8,57,2824944.7,23598.482690842648
hpmcounter8,58,2871973.95,23495.23461571516
hpmcounter8,59,2919255.35,24340.866799017243
hpmcounter8,60,2966498.9,24856.606914259235
hpmcounter8,61,3014040.3,25835.425042178038
hpmcounter8,62,3061815.0,26709.469479942876
hpmcounter8,63,3109341.3,27671.26204946207
hpmcounter8,64,3156353.7,28326.978294728156
hpmcounter8,65,3203088.6,28887.037849873082
hpmcounter8,66,3249564.05,28917.520114067524
hpmcounter8,67,3296323.8,28709.95464747376
hpmcounter8,68,3343077.15,28525.86347032286
hpmcounter8,69,3389844.75,28373.400428702585
hpmcounter8,70,3436581.0,28330.195668226508
hpmcounter8,71,3483052.1,28351.290296739586
hpmcounter8,72,3529782.1,28333.012294671385
hpmcounter8,73,3576522.85,28967.416186596627
hpmcounter8,74,3623279.25,29583.174432225827
hpmcounter8,75,3669730.25,29590.455983095293
hpmcounter8,76,3716474.1,29381.38091019549
hpmcounter8,77,3763477.85,29228.30225701623
hpmcounter8,78,3810495.0,28899.107854741815
hpmcounter8,79,3857242.45,28806.063454548937
hpmcounter8,80,3903734.95,28777.551142296663
hpmcounter8,81,3950480.75,28644.649446057112
hpmcounter8,82,3997235.3,28507.068120204858
hpmcounter8,83,4043981.85,28447.778465593754
hpmcounter8,84,4090462.85,28452.019839152017
hpmcounter8,85,4136923.1,28466.538725141836
hpmcounter8,86,4183671.6,28483.691294142336
hpmcounter8,87,4230421.45,28553.165455821185
hpmcounter8,88,4276903.15,28541.42816201565
hpmcounter8,89,4323397.65,28518.757661011463
hpmcounter8,90,4369900.5,28533.793434277188
hpmcounter8,91,4416356.7,28542.239409513757
hpmcounter8,92,4462832.15,28559.59268315114
hpmcounter8,93,4509312.95,28563.369289134993
hpmcounter8,94,4555785.55,28559.169297223965
hpmcounter8,95,4602257.25,28573.54326448682
hpmcounter8,96,4648729.1,28577.402380027477
hpmcounter8,97,4695211.95,28580.942651485446
hpmcounter8,98,4741710.85,28605.039579198277
hpmcounter8,99,4788199.3,28609.73952712607
hpmcounter8,100,4834670.35,28621.949892128243
hpmcounter8,101,4881153.0,28626.590395993724
hpmcounter8,102,4927650.05,28612.59591242116
hpmcounter8,103,4974410.6,28874.204620041055
hpmcounter8,104,5021178.95,29144.17026349352
hpmcounter8,105,5067649.05,29154.254923552755
hpmcounter8,106,5114124.5,29171.358697359297
hpmcounter8,107,5160599.55,29160.015818711414
hpmcounter8,108,5207062.7,29138.128388933972
hpmcounter8,109,5253542.25,29136.530881137856
hpmcounter8,110,5300032.95,29116.392737554223
hpmcounter8,111,5346510.75,29127.282310361534
hpmcounter8,112,5392960.25,29131.41066593755
hpmcounter8,113,5439434.9,29126.40027346325
hpmcounter8,114,5485921.8,29132.299223713875
hpmcounter8,115,5532402.6,29145.19145142128
hpmcounter8,116,5579121.9,28881.17537757077
hpmcounter8,117,5626119.5,28422.309704702046
hpmcounter8,118,5672850.6,28354.18949714486
hpmcounter8,119,5719590.35,28790.3644858397
hpmcounter8,120,5766081.0,28779.10524495159
hpmcounter8,121,5812530.85,28797.40447727017
hpmcounter8,122,5858986.3,28807.11962362777
hpmcounter8,123,5905742.35,28629.841547369764
hpmcounter8,124,5952457.8,29263.88885913832
hpmcounter8,125,5998919.6,29274.326189342086
hpmcounter8,126,6045391.6,29265.632507089264
hpmcounter8,127,6092138.75,29383.055780287727
hpmcounter8,128,6138612.2,29400.584221406214
hpmcounter8,129,6185067.0,29433.113430284608
hpmcounter8,130,6231554.7,29442.544547134512
hpmcounter8,131,6278044.7,29435.003550364996
hpmcounter8,132,6324791.3,29308.312761228684
hpmcounter8,133,6371552.1,29264.35173534517
hpmcounter8,134,6418047.05,29263.873514070212
hpmcounter8,135,6464522.8,29260.78606531274
hpmcounter8,136,6511255.2,29322.691158213973
hpmcounter8,137,6557966.8,29249.26382765898
hpmcounter8,138,6604706.9,29243.48578555573
hpmcounter8,139,6651707.35,29393.46159484282
hpmcounter8,140,6698700.15,30116.80151057712
hpmcounter8,141,6745689.2,30920.98387923644
hpmcounter8,142,6792684.0,31767.200932723048
hpmcounter8,143,6839947.9,32368.278574709533
hpmcounter8,144,6887198.65,33069.948833155155
hpmcounter8,145,6934471.6,33859.33270813234
hpmcounter8,146,6981461.5,34383.551387982014
hpmcounter8,147,7028484.25,34980.11663913516
hpmcounter8,148,7075735.8,35469.14996387706
hpmcounter8,149,7122708.95,36167.75970180487
hpmcounter8,150,7169450.45,36081.5858554956
hpmcounter8,151,7215940.65,36075.65771025526
hpmcounter8,152,7262663.1,35922.74795293367
hpmcounter8,153,7309410.25,35824.98913729772
hpmcounter8,154,7356122.85,35757.80045427151
hpmcounter8,155,7403108.45,35425.50440780625
hpmcounter8,156,7450117.7,35276.90311960504
hpmcounter8,157,7497123.6,35189.528674592955
hpmcounter8,158,7544388.75,35385.219010025925
hpmcounter8,159,7591148.1,35382.12018223329
hpmcounter8,160,7637898.65,35368.71270102292
hpmcounter8,161,7684902.15,35114.8891672393
hpmcounter8,162,7731665.45,34884.869256563084
hpmcounter8,163,7778423.9,34678.05159160473
hpmcounter8,164,7824891.6,34676.25750481156
hpmcounter8,165,7871893.55,34226.12498001344
hpmcounter8,166,7918893.6,34903.90789496214
hpmcounter8,167,7965631.55,34748.71977278443
hpmcounter8,168,8012359.4,34594.17676777407
hpmcounter8,169,8058850.7,34597.06554478284
hpmcounter8,170,8105338.35,34596.013452817075
hpmcounter8,171,8152077.75,34440.88059976835
hpmcounter8,172,8199058.9,34010.96539779488
hpmcounter8,173,8246302.25,33578.64165042267
hpmcounter8,174,8293285.35,33272.10073361014
hpmcounter8,175,8340019.6,33262.61154569798
hpmcounter8,176,8386482.55,33267.95316438178
hpmcounter8,177,8432954.7,33259.408655446656
hpmcounter8,178,8479429.9,33267.325643790486
hpmcounter8,179,8525891.5,33262.45259222476
hpmcounter8,180,8572373.3,33265.42199055951
hpmcounter8,181,8618865.75,33255.77505167336
hpmcounter8,182,8665337.05,33246.46476014404
hpmcounter8,183,8711806.0,33249.24020786039
hpmcounter8,184,8758550.8,33286.83521844635
hpmcounter8,185,8805278.25,33396.80478260607
hpmcounter8,186,8852019.0,33537.250520876034
hpmcounter8,187,8898762.15,33672.37911890842
hpmcounter8,188,8945488.85,33846.26624647835
hpmcounter8,189,8992212.95,34087.14011980911
hpmcounter8,190,9038696.8,34091.62667811555
hpmcounter8,191,9085420.3,34108.981000756976
hpmcounter8,192,9132170.2,34176.58811174691
hpmcounter8,193,9178911.6,34291.203744400686
hpmcounter8,194,9225628.6,34410.28084221342
hpmcounter8,195,9272099.55,34430.23593511232
hpmcounter8,196,9318570.45,34437.28608859153
hpmcounter8,197,9365042.1,34463.404558894064
hpmcounter8,198,9411537.45,34465.15524043813
hpmcounter8,199,9458303.6,34307.780195460036
hpmcounter8,200,9504806.15,34288.674298192105
hpmcounter8,201,9551282.25,34278.30749012413
hpmcounter8,202,9598265.65,34033.453511618536
hpmcounter8,203,9644993.85,34064.89937791538
hpmcounter8,204,9691461.6,34069.92778154952
hpmcounter8,205,9737944.0,34088.338133443816
hpmcounter8,206,9784431.8,34100.10746551981
hpmcounter8,207,9831162.75,34174.022319409516
hpmcounter8,208,9877906.7,34304.87707615347
hpmcounter8,209,9924372.4,34315.25625782212
hpmcounter8,210,9970862.6,34307.67042426518
hpmcounter8,211,10017322.9,34305.681934484266
hpmcounter8,212,10063807.5,34282.65890140378
hpmcounter8,213,10110277.15,34257.37948132489
hpmcounter8,214,10156746.65,34250.92801556624
hpmcounter8,215,10203226.95,34270.988253149335
hpmcounter8,216,10249712.75,34246.253393437066
hpmcounter8,217,10296190.9,34241.59328054114
hpmcounter8,218,10342676.35,34247.52488615053
hpmcounter8,219,10389163.5,34262.20573095083
hpmcounter8,220,10435633.2,34272.70473510954
hpmcounter8,221,10482116.05,34309.484871497276
hpmcounter8,222,10528591.55,34314.14242185721
hpmcounter8,223,10575303.1,34285.53151826584
hpmcounter8,224,10622064.25,34362.662921949166
hpmcounter8,225,10668806.25,34481.408613737054
hpmcounter8,226,10715557.15,34616.65441268841
hpmcounter8,227,10762292.1,34807.47591380335
hpmcounter8,228,10809013.6,35025.11121952363
hpmcounter8,229,10855757.2,35280.354578150145
hpmcounter8,230,10902486.9,35581.77217607352
hpmcounter8,231,10949243.45,35912.818570080235
hpmcounter8,232,10995992.6,36250.32545978036
hpmcounter8,233,11042475.9,36257.66688150245
hpmcounter8,234,11088958.75,36262.18411772104
hpmcounter8,235,11135442.1,36282.09406153399
hpmcounter8,236,11181921.85,36307.21304682445
hpmcounter8,237,11228417.1,36316.48037861048
hpmcounter8,238,11274901.95,36320.41363128317
hpmcounter8,239,11321370.05,36330.74807167477
hpmcounter8,240,11367850.5,36338.58040499106
hpmcounter8,241,11414317.7,36365.56939757715
hpmcounter8,242,11460794.2,36394.28304912738
hpmcounter8,243,11507515.05,36028.88872207274
hpmcounter8,244,11554256.4,35728.24003697915
hpmcounter8,245,11601266.25,35217.17479565191
hpmcounter8,246,11648249.85,34765.64162111063
hpmcounter8,247,11695229.95,34365.339434486894
hpmcounter8,248,11741969.2,34236.01497049562
hpmcounter8,249,11788465.2,34217.88798508756
hpmcounter8,250,11834956.0,34206.19913553682
hpmcounter8,251,11881451.4,34210.8226244269
hpmcounter8,252,11927948.75,34224.38609073214
hpmcounter8,253,11974708.9,34228.62291986051
hpmcounter8,254,12021463.6,34272.47467633465
hpmcounter8,255,12068210.7,34338.743650722
hpmcounter8,256,12114961.9,34440.40994079484
hpmcounter8,257,12161429.55,34440.55037376
hpmcounter8,258,12207887.6,34430.34785970075
hpmcounter8,259,12254635.1,34233.90904629501
hpmcounter8,260,12301378.9,34381.68476514785
hpmcounter8,261,12348389.65,34404.12115324994
hpmcounter8,262,12394856.45,34425.35655367276
hpmcounter8,263,12441578.55,34600.259573412164
hpmcounter8,264,12488571.35,34676.91334198446
hpmcounter8,265,12535320.1,34576.350634357
hpmcounter8,266,12582339.6,34313.20944534335
hpmcounter8,267,12629583.25,33973.3737180678
hpmcounter8,268,12676833.75,33713.47351857266
hpmcounter8,269,12723839.95,33526.707280129674
hpmcounter8,270,12770832.4,33381.68579535791
hpmcounter8,271,12818084.0,33331.53280153795
hpmcounter8,272,12864845.85,33308.28158472754
hpmcounter8,273,12911569.0,33322.157506680145
hpmcounter8,274,12958053.25,33326.499232405135
hpmcounter8,275,13004805.75,33671.94086309104
hpmcounter8,276,13051533.95,34065.42546699659
hpmcounter8,277,13098266.9,34472.40052839373
hpmcounter8,278,13145259.5,34958.65230311375
hpmcounter8,279,13192252.25,35495.76369917261
hpmcounter8,280,13238995.85,35606.28147290166
hpmcounter8,281,13285480.9,35622.22871592961
hpmcounter8,282,13331960.5,35622.64998213917
hpmcounter8,283,13378438.7,35633.16995876174
hpmcounter8,284,13424924.05,35633.99343530697
hpmcounter8,285,13471658.9,35784.583961393204
hpmcounter8,286,13518131.45,35788.403795747865
hpmcounter8,287,13564617.95,35783.42268491795
hpmcounter8,288,13611110.35,35780.46185318882
hpmcounter8,289,13657582.65,35792.29314569689
hpmcounter8,290,13704072.7,35813.52214052675
hpmcounter8,291,13750568.35,35827.12349781238
hpmcounter8,292,13797308.2,36024.45848114861
hpmcounter8,293,13844043.05,36270.45081119754
hpmcounter8,294,13891053.35,36265.10354221397
hpmcounter8,295,13937803.5,36572.73223796658
hpmcounter8,296,13984550.3,36925.007129450896
hpmcounter8,297,14031298.85,37322.460192590464
hpmcounter8,298,14078023.7,36992.43563230191
hpmcounter9,0,8680.55,0.6689544080129826
hpmcounter9,1,8687.55,0.6689544080129826
hpmcounter9,2,8690.55,0.6689544080129826
hpmcounter9,3,8693.55,0.6689544080129826
hpmcounter9,4,8696.55,0.6689544080129826
hpmcounter9,5,8699.55,0.6689544080129826
hpmcounter9,6,8702.55,0.6689544080129826
hpmcounter9,7,8705.55,0.6689544080129826
hpmcounter9,8,8708.6,0.6633249580710799
hpmcounter9,9,8711.6,0.6633249580710799
hpmcounter9,10,8714.6,0.6633249580710799
hpmcounter9,11,8717.6,0.6633249580710799
hpmcounter9,12,8720.6,0.6633249580710799
hpmcounter9,13,8723.6,0.6633249580710799
hpmcounter9,14,8726.6,0.6633249580710799
hpmcounter9,15,8729.6,0.6633249580710799
hpmcounter9,16,8732.6,0.6633249580710799
hpmcounter9,17,8735.6,0.6633249580710799
hpmcounter9,18,8738.6,0.6633249580710799
hpmcounter9,19,8741.6,0.6633249580710799
hpmcounter9,20,8744.65,0.7262919523166975
hpmcounter9,21,8747.7,0.7810249675906653
hpmcounter9,22,8750.75,0.8874119674649424
hpmcounter9,23,8753.75,0.8874119674649424
hpmcounter9,24,8756.75,0.8874119674649424
hpmcounter9,25,8759.75,0.8874119674649424
hpmcounter9,26,8762.75,0.8874119674649424
hpmcounter9,27,8765.75,0.8874119674649424
hpmcounter9,28,8768.75,0.8874119674649424
hpmcounter9,29,8771.75,0.8874119674649424
hpmcounter9,30,8774.75,0.8874119674649424
hpmcounter9,31,8777.75,0.8874119674649424
hpmcounter9,32,8780.75,0.8874119674649424
hpmcounter9,33,8783.75,0.8874119674649424
hpmcounter9,34,8786.75,0.8874119674649424
hpmcounter9,35,8789.75,0.8874119674649424
hpmcounter9,36,8792.75,0.8874119674649424
hpmcounter9,37,8795.75,0.8874119674649424
hpmcounter9,38,8798.75,0.8874119674649424
hpmcounter9,39,8801.75,0.8874119674649424
hpmcounter9,40,8804.75,0.8874119674649424
hpmcounter9,41,8807.75,0.8874119674649424
hpmcounter9,42,8810.75,0.8874119674649424
hpmcounter9,43,8813.75,0.8874119674649424
hpmcounter9,44,8816.75,0.8874119674649424
hpmcounter9,45,8819.8,0.9273618495495702
hpmcounter9,46,8822.8,0.9273618495495702
hpmcounter9,47,8825.8,0.9273618495495702
hpmcounter9,48,8828.85,0.9096702699330126
hpmcounter9,49,8831.9,0.9433981132056604
hpmcounter9,50,8835.0,1.0488088481701516
hpmcounter9,51,8838.05,1.1169153951844337
hpmcounter9,52,8841.3,1.268857754044952
hpmcounter9,53,8844.4,1.392838827718412
hpmcounter9,54,8847.4,1.392838827718412
hpmcounter9,55,8850.4,1.392838827718412
hpmcounter9,56,8853.4,1.392838827718412
hpmcounter9,57,8856.4,1.392838827718412
hpmcounter9,58,8859.45,1.3592277219068185
hpmcounter9,59,8862.45,1.3592277219068185
hpmcounter9,60,8865.45,1.3592277219068185
hpmcounter9,61,8868.5,1.3228756555322954
hpmcounter9,62,8871.55,1.3219304066402284
hpmcounter9,63,8874.6,1.3564659966250538
hpmcounter9,64,8877.6,1.3564659966250538
hpmcounter9,65,8880.65,1.3883443376914824
hpmcounter9,66,8883.7,1.452583904633395
hpmcounter9,67,8886.75,1.5124483462254175
hpmcounter9,68,8889.75,1.5124483462254175
hpmcounter9,69,8892.75,1.5124483462254175
hpmcounter9,70,8895.75,1.5124483462254175
hpmcounter9,71,8898.75,1.5124483462254175
hpmcounter9,72,8901.85,1.525614630239236
hpmcounter9,73,8904.85,1.525614630239236
hpmcounter9,74,8907.9,1.5132745950421558
hpmcounter9,75,8911.0,1.70293863659264
hpmcounter9,76,8914.05,1.6575584454250776
hpmcounter9,77,8917.1,1.6703293088490072
hpmcounter9,78,8920.1,1.6703293088490072
hpmcounter9,79,8923.25,1.8131464364468746
hpmcounter9,80,8926.3,1.9
hpmcounter9,81,8929.4,2.059126028197401
hpmcounter9,82,8932.55,2.132486811213612
hpmcounter9,83,8935.55,2.132486811213612
hpmcounter9,84,8938.65,2.2863726730347356
hpmcounter9,85,8941.65,2.2863726730347356
hpmcounter9,86,8944.65,2.2863726730347356
hpmcounter9,87,8947.65,2.2863726730347356
hpmcounter9,88,8950.65,2.2863726730347356
hpmcounter9,89,8953.7,2.389560629069704
hpmcounter9,90,8956.7,2.389560629069704
hpmcounter9,91,8959.7,2.389560629069704
hpmcounter9,92,8962.75,2.342541355024496
hpmcounter9,93,8965.8,2.315167380558045
hpmcounter9,94,8968.85,2.264398374844851
hpmcounter9,95,8971.9,2.211334438749599
hpmcounter9,96,8974.9,2.211334438749599
hpmcounter9,97,8977.95,2.1788758569500923
hpmcounter9,98,8980.95,2.1788758569500923
hpmcounter9,99,8984.05,2.2688102609076854
hpmcounter9,100,8987.1,2.256102834535696
hpmcounter9,101,8990.1,2.256102834535696
hpmcounter9,102,8993.1,2.256102834535696
hpmcounter9,103,8996.1,2.256102834535696
hpmcounter9,104,8999.15,2.264398374844851
hpmcounter9,105,9002.2,2.2494443758403984
hpmcounter9,106,9005.2,2.2494443758403984
hpmcounter9,107,9008.2,2.2494443758403984
hpmcounter9,108,9011.3,2.325940669922601
hpmcounter9,109,9014.3,2.325940669922601
hpmcounter9,110,9017.3,2.325940669922601
hpmcounter9,111,9020.35,2.434645764787971
hpmcounter9,112,9023.4,2.557342370508885
hpmcounter9,113,9026.4,2.557342370508885
hpmcounter9,114,9029.4,2.557342370508885
hpmcounter9,115,9032.4,2.557342370508885
hpmcounter9,116,9035.4,2.557342370508885
hpmcounter9,117,9038.4,2.557342370508885
hpmcounter9,118,9041.4,2.557342370508885
hpmcounter9,119,9044.4,2.557342370508885
hpmcounter9,120,9047.5,2.4596747752497685
hpmcounter9,121,9050.65,2.3722352328552923
hpmcounter9,122,9053.65,2.3722352328552923
hpmcounter9,123,9056.65,2.3722352328552923
hpmcounter9,124,9059.65,2.3722352328552923
hpmcounter9,125,9062.65,2.3722352328552923
hpmcounter9,126,9065.65,2.3722352328552923
hpmcounter9,127,9068.65,2.3722352328552923
hpmcounter9,128,9071.8,2.336664289109584
hpmcounter9,129,9074.8,2.336664289109584
hpmcounter9,130,9077.9,2.385372088375313
hpmcounter9,131,9080.9,2.385372088375313
hpmcounter9,132,9084.0,2.5099800796022267
hpmcounter9,133,9087.0,2.5099800796022267
hpmcounter9,134,9090.0,2.5099800796022267
hpmcounter9,135,9093.0,2.5099800796022267
hpmcounter9,136,9096.0,2.5099800796022267
hpmcounter9,137,9099.0,2.5099800796022267
hpmcounter9,138,9102.0,2.5099800796022267
hpmcounter9,139,9105.0,2.5099800796022267
hpmcounter9,140,9108.2,2.76767050061961
hpmcounter9,141,9111.35,2.868361901852694
hpmcounter9,142,9114.35,2.868361901852694
hpmcounter9,143,9117.35,2.868361901852694
hpmcounter9,144,9120.35,2.868361901852694
hpmcounter9,145,9123.35,2.868361901852694
hpmcounter9,146,9126.35,2.868361901852694
hpmcounter9,147,9129.35,2.868361901852694
hpmcounter9,148,9132.35,2.868361901852694
hpmcounter9,149,9135.35,2.868361901852694
hpmcounter9,150,9138.35,2.868361901852694
hpmcounter9,151,9141.35,2.868361901852694
hpmcounter9,152,9144.4,2.8354893757515653
hpmcounter9,153,9147.4,2.8354893757515653
hpmcounter9,154,9150.4,2.8354893757515653
hpmcounter9,155,9153.45,2.8892040426387338
hpmcounter9,156,9156.45,2.8892040426387338
hpmcounter9,157,9159.5,3.0083217912982647
hpmcounter9,158,9162.55,3.138072656902642
hpmcounter9,159,9165.6,3.2771939216347885
hpmcounter9,160,9168.7,3.4510867853474805
hpmcounter9,161,9171.75,3.4478254016118624
hpmcounter9,162,9174.75,3.4478254016118624
hpmcounter9,163,9177.75,3.4478254016118624
hpmcounter9,164,9180.75,3.4478254016118624
hpmcounter9,165,9183.75,3.4478254016118624
hpmcounter9,166,9186.75,3.4478254016118624
hpmcounter9,167,9189.75,3.4478254016118624
hpmcounter9,168,9192.75,3.4478254016118624
hpmcounter9,169,9195.75,3.4478254016118624
hpmcounter9,170,9198.75,3.4478254016118624
hpmcounter9,171,9201.75,3.4478254016118624
hpmcounter9,172,9204.75,3.4478254016118624
hpmcounter9,173,9207.75,3.4478254016118624
hpmcounter9,174,9210.75,3.4478254016118624
hpmcounter9,175,9213.75,3.4478254016118624
hpmcounter9,176,9216.75,3.4478254016118624
hpmcounter9,177,9219.75,3.4478254016118624
hpmcounter9,178,9222.75,3.4478254016118624
hpmcounter9,179,9225.75,3.4478254016118624
hpmcounter9,180,9228.75,3.4478254016118624
hpmcounter9,181,9231.75,3.4478254016118624
hpmcounter9,182,9234.75,3.4478254016118624
hpmcounter9,183,9237.75,3.4478254016118624
hpmcounter9,184,9240.8,3.4146742157927754
hpmcounter9,185,9243.85,3.3952172242729923
hpmcounter9,186,9246.85,3.3952172242729923
hpmcounter9,187,9249.95,3.3686050525402957
hpmcounter9,188,9252.95,3.3686050525402957
hpmcounter9,189,9255.95,3.3686050525402957
hpmcounter9,190,9258.95,3.3686050525402957
hpmcounter9,191,9261.95,3.3686050525402957
hpmcounter9,192,9264.95,3.3686050525402957
hpmcounter9,193,9267.95,3.3686050525402957
hpmcounter9,194,9270.95,3.3686050525402957
hpmcounter9,195,9273.95,3.3686050525402957
hpmcounter9,196,9276.95,3.3686050525402957
hpmcounter9,197,9279.95,3.3686050525402957
hpmcounter9,198,9282.95,3.3686050525402957
hpmcounter9,199,9285.95,3.3686050525402957
hpmcounter9,200,9289.0,3.3763886032268267
hpmcounter9,201,9292.0,3.3763886032268267
hpmcounter9,202,9295.0,3.3763886032268267
hpmcounter9,203,9298.0,3.3763886032268267
hpmcounter9,204,9301.0,3.3763886032268267
hpmcounter9,205,9304.0,3.3763886032268267
hpmcounter9,206,9307.05,3.353729267546802
hpmcounter9,207,9310.1,3.5057096285916214
hpmcounter9,208,9313.1,3.5057096285916214
hpmcounter9,209,9316.2,3.586084215408223
hpmcounter9,210,9319.2,3.586084215408223
hpmcounter9,211,9322.3,3.782856063875549
hpmcounter9,212,9325.45,3.8791107228332646
hpmcounter9,213,9328.45,3.8791107228332646
hpmcounter9,214,9331.5,3.9179076048319463
hpmcounter9,215,9334.5,3.9179076048319463
hpmcounter9,216,9337.5,3.9179076048319463
hpmcounter9,217,9340.5,3.9179076048319463
hpmcounter9,218,9343.5,3.9179076048319463
hpmcounter9,219,9346.5,3.9179076048319463
hpmcounter9,220,9349.5,3.9179076048319463
hpmcounter9,221,9352.5,3.9179076048319463
hpmcounter9,222,9355.5,3.9179076048319463
hpmcounter9,223,9358.5,3.9179076048319463
hpmcounter9,224,9361.5,3.9179076048319463
hpmcounter9,225,9364.5,3.9179076048319463
hpmcounter9,226,9367.5,3.9179076048319463
hpmcounter9,227,9370.55,3.968311983702896
hpmcounter9,228,9373.6,4.029888335921976
hpmcounter9,229,9376.6,4.029888335921976
hpmcounter9,230,9379.6,4.029888335921976
hpmcounter9,231,9382.6,4.029888335921976
hpmcounter9,232,9385.6,4.029888335921976
hpmcounter9,233,9388.6,4.029888335921976
hpmcounter9,234,9391.6,4.029888335921976
hpmcounter9,235,9394.6,4.029888335921976
hpmcounter9,236,9397.6,4.029888335921976
hpmcounter9,237,9400.6,4.029888335921976
hpmcounter9,238,9403.6,4.029888335921976
hpmcounter9,239,9406.6,4.029888335921976
hpmcounter9,240,9409.6,4.029888335921976
hpmcounter9,241,9412.6,4.029888335921976
hpmcounter9,242,9415.6,4.029888335921976
hpmcounter9,243,9418.6,4.029888335921976
hpmcounter9,244,9421.6,4.029888335921976
hpmcounter9,245,9424.6,4.029888335921976
hpmcounter9,246,9427.6,4.029888335921976
hpmcounter9,247,9430.6,4.029888335921976
hpmcounter9,248,9433.6,4.029888335921976
hpmcounter9,249,9436.6,4.029888335921976
hpmcounter9,250,9439.6,4.029888335921976
hpmcounter9,251,9442.6,4.029888335921976
hpmcounter9,252,9445.65,4.028337125911881
hpmcounter9,253,9448.7,4.038564101261736
hpmcounter9,254,9451.7,4.038564101261736
hpmcounter9,255,9454.7,4.038564101261736
hpmcounter9,256,9457.8,4.118252056394802
hpmcounter9,257,9460.85,4.138538389335055
hpmcounter9,258,9463.85,4.138538389335055
hpmcounter9,259,9466.85,4.138538389335055
hpmcounter9,260,9469.95,4.283398183685473
hpmcounter9,261,9472.95,4.283398183685473
hpmcounter9,262,9475.95,4.283398183685473
hpmcounter9,263,9478.95,4.283398183685473
hpmcounter9,264,9481.95,4.283398183685473
hpmcounter9,265,9484.95,4.283398183685473
hpmcounter9,266,9487.95,4.283398183685473
hpmcounter9,267,9490.95,4.283398183685473
hpmcounter9,268,9493.95,4.283398183685473
hpmcounter9,269,9496.95,4.283398183685473
hpmcounter9,270,9499.95,4.283398183685473
hpmcounter9,271,9502.95,4.283398183685473
hpmcounter9,272,9506.0,4.33589667773576
hpmcounter9,273,9509.05,4.421255477802658
hpmcounter9,274,9512.05,4.421255477802658
hpmcounter9,275,9515.05,4.421255477802658
hpmcounter9,276,9518.1,4.403407771260799
hpmcounter9,277,9521.1,4.403407771260799
hpmcounter9,278,9524.1,4.403407771260799
hpmcounter9,279,9527.1,4.403407771260799
hpmcounter9,280,9530.2,4.478839135311739
hpmcounter9,281,9533.25,4.537345038676252
hpmcounter9,282,9536.3,4.605431575867783
hpmcounter9,283,9539.3,4.605431575867783
hpmcounter9,284,9542.35,4.650537603331467
hpmcounter9,285,9545.35,4.650537603331467
hpmcounter9,286,9548.35,4.650537603331467
hpmcounter9,287,9551.35,4.650537603331467
hpmcounter9,288,9554.35,4.650537603331467
hpmcounter9,289,9557.4,4.705316142407436
hpmcounter9,290,9560.4,4.705316142407436
hpmcounter9,291,9563.4,4.705316142407436
hpmcounter9,292,9566.4,4.705316142407436
hpmcounter9,293,9569.4,4.705316142407436
hpmcounter9,294,9572.4,4.705316142407436
hpmcounter9,295,9575.45,4.727314248069406
hpmcounter9,296,9578.45,4.727314248069406
hpmcounter9,297,9581.5,4.706378650300037
hpmcounter9,298,9584.5,4.706378650300037
hpmcounter10,0,5057.7,0.6403124237432849
hpmcounter10,1,5512.7,0.6403124237432849
hpmcounter10,2,5971.15,7.938986081358248
hpmcounter10,3,6430.15,17.4507163176759
hpmcounter10,4,6891.35,25.89068365261914
hpmcounter10,5,7351.6,36.76057670929552
hpmcounter10,6,7810.5,45.22333468465146
hpmcounter10,7,8271.95,55.67807018925854
hpmcounter10,8,8734.0,69.2271622992016
hpmcounter10,9,9191.55,75.64223357357977
hpmcounter10,10,9646.55,75.64223357357977
hpmcounter10,11,10108.05,86.0955718954233
hpmcounter10,12,10569.55,98.22243888236538
hpmcounter10,13,11031.05,111.47801352733192
hpmcounter10,14,11492.55,125.50516921625183
hpmcounter10,15,11956.8,139.2665071005947
hpmcounter10,16,12415.55,145.49208741371473
hpmcounter10,17,12874.3,152.40770977873788
hpmcounter10,18,13333.05,159.9238803306123
hpmcounter10,19,13794.55,167.96531636025335
hpmcounter10,20,14258.8,176.20289441436543
hpmcounter10,21,14717.55,184.96417896446874
hpmcounter10,22,15176.3,194.0706314721524
hpmcounter10,23,15635.05,193.84129462010924
hpmcounter10,24,16091.05,193.84129462010924
hpmcounter10,25,16549.8,194.35241187080752
hpmcounter10,26,17005.8,194.35241187080752
hpmcounter10,27,17461.8,194.35241187080752
hpmcounter10,28,17920.55,193.71924917261066
hpmcounter10,29,18379.3,193.8267525394779
hpmcounter10,30,18840.8,195.1121728647395
hpmcounter10,31,19305.05,196.48472586946798
hpmcounter10,32,19766.5,198.06981092534016
hpmcounter10,33,20230.7,198.4041582225534
hpmcounter10,34,20689.45,200.76615128053834
hpmcounter10,35,21150.95,203.00824490645695
hpmcounter10,36,21612.45,206.54817234727594
hpmcounter10,37,22071.2,210.80052182098598
hpmcounter10,38,22527.2,210.80052182098598
hpmcounter10,39,22983.2,210.80052182098598
hpmcounter10,40,23441.95,211.320721889738
hpmcounter10,41,23900.7,212.51684639105676
hpmcounter10,42,24362.15,218.9925284113593
hpmcounter10,43,24818.15,218.9925284113593
hpmcounter10,44,25274.15,218.9925284113593
hpmcounter10,45,25732.9,221.40255192747895
hpmcounter10,46,26194.4,225.67995037220297
hpmcounter10,47,26655.9,231.05906171366664
hpmcounter10,48,27114.65,233.47703848558638
hpmcounter10,49,27573.4,236.47862482685406
hpmcounter10,50,28029.4,236.47862482685406
hpmcounter10,51,28488.15,240.38537289111412
hpmcounter10,52,28946.9,244.81725837857104
hpmcounter10,53,29405.65,249.74632629930716
hpmcounter10,54,29861.65,249.74632629930716
hpmcounter10,55,30320.4,247.9391860920738
hpmcounter10,56,30784.65,248.6803721647529
hpmcounter10,57,31248.9,250.96093321471375
hpmcounter10,58,31710.4,249.92546889022734
hpmcounter10,59,32174.65,258.9176075511281
hpmcounter10,60,32638.9,264.4367410175825
hpmcounter10,61,33105.9,274.7234791567696
hpmcounter10,62,33575.6,284.1445758764365
hpmcounter10,63,34042.6,294.3704129154287
hpmcounter10,64,34504.1,301.62657376298927
hpmcounter10,65,34962.85,307.57637669365965
hpmcounter10,66,35418.85,307.57637669365965
hpmcounter10,67,35877.6,305.3534673128832
hpmcounter10,68,36336.35,303.5879238375598
hpmcounter10,69,36795.1,302.28776025502583
hpmcounter10,70,37253.85,301.458998041193
hpmcounter10,71,37709.85,301.458998041193
hpmcounter10,72,38168.6,301.1055296735681
hpmcounter10,73,38627.35,307.4100315539491
hpmcounter10,74,39086.1,314.0456813904627
hpmcounter10,75,39542.1,314.0456813904627
hpmcounter10,76,40000.85,311.6902749525561
hpmcounter10,77,40462.35,309.77689955837576
hpmcounter10,78,40923.85,306.23051366576783
hpmcounter10,79,41382.6,305.18050396445705
hpmcounter10,80,41838.6,305.18050396445705
hpmcounter10,81,42297.35,303.5408168599406
hpmcounter10,82,42756.1,302.367805825951
hpmcounter10,83,43214.8,301.67542160408095
hpmcounter10,84,43670.8,301.67542160408095
hpmcounter10,85,44126.8,301.67542160408095
hpmcounter10,86,44585.55,301.796864629174
hpmcounter10,87,45044.25,302.37871535542973
hpmcounter10,88,45500.25,302.37871535542973
hpmcounter10,89,45956.25,302.37871535542973
hpmcounter10,90,46412.25,302.37871535542973
hpmcounter10,91,46868.25,302.37871535542973
hpmcounter10,92,47324.25,302.37871535542973
hpmcounter10,93,47780.25,302.37871535542973
hpmcounter10,94,48236.25,302.37871535542973
hpmcounter10,95,48692.25,302.37871535542973
hpmcounter10,96,49148.25,302.37871535542973
hpmcounter10,97,49604.25,302.37871535542973
hpmcounter10,98,50060.25,302.37871535542973
hpmcounter10,99,50516.25,302.37871535542973
hpmcounter10,100,50972.25,302.37871535542973
hpmcounter10,101,51428.25,302.37871535542973
hpmcounter10,102,51884.25,302.37871535542973
hpmcounter10,103,52343.0,304.66079498353577
hpmcounter10,104,52801.75,307.3937011391092
hpmcounter10,105,53257.75,307.3937011391092
hpmcounter10,106,53713.75,307.3937011391092
hpmcounter10,107,54169.75,307.3937011391092
hpmcounter10,108,54625.75,307.3937011391092
hpmcounter10,109,55081.75,307.3937011391092
hpmcounter10,110,55537.75,307.3937011391092
hpmcounter10,111,55993.75,307.3937011391092
hpmcounter10,112,56449.75,307.3937011391092
hpmcounter10,113,56905.75,307.3937011391092
hpmcounter10,114,57361.75,307.3937011391092
hpmcounter10,115,57817.75,307.3937011391092
hpmcounter10,116,58276.5,304.6653081661908
hpmcounter10,117,58738.0,299.57252878059427
hpmcounter10,118,59196.75,298.7095370087805
hpmcounter10,119,59655.5,303.4171221272788
hpmcounter10,120,60111.5,303.4171221272788
hpmcounter10,121,60567.5,303.4171221272788
hpmcounter10,122,61023.5,303.4171221272788
hpmcounter10,123,61482.25,301.5317354773789
hpmcounter10,124,61940.95,308.16902423832283
hpmcounter10,125,62396.95,308.16902423832283
hpmcounter10,126,62852.95,308.16902423832283
hpmcounter10,127,63311.7,309.42625938985856
hpmcounter10,128,63767.7,309.42625938985856
hpmcounter10,129,64223.7,309.42625938985856
hpmcounter10,130,64679.7,309.42625938985856
hpmcounter10,131,65135.7,309.42625938985856
hpmcounter10,132,65594.45,307.98692748232025
hpmcounter10,133,66053.2,307.51936524388185
hpmcounter10,134,66509.2,307.51936524388185
hpmcounter10,135,66965.2,307.51936524388185
hpmcounter10,136,67423.95,308.26895318860767
hpmcounter10,137,67882.7,307.24291692405217
hpmcounter10,138,68341.45,307.1661561760996
hpmcounter10,139,68802.95,308.6986354035275
hpmcounter10,140,69264.45,316.35051367114926
hpmcounter10,141,69725.95,324.6612811839441
hpmcounter10,142,70187.45,333.58169539109906
hpmcounter10,143,70651.7,340.1110259900434
hpmcounter10,144,71115.95,347.628605698668
hpmcounter10,145,71580.15,356.0219480593858
hpmcounter10,146,72041.65,361.6562283439897
hpmcounter10,147,72503.15,367.9447343012263
hpmcounter10,148,72967.4,373.10057625257025
hpmcounter10,149,73428.9,380.59281391008943
hpmcounter10,150,73887.65,379.6177386529771
hpmcounter10,151,74343.65,379.6177386529771
hpmcounter10,152,74802.4,378.2059491864189
hpmcounter10,153,75261.15,377.1700246573155
hpmcounter10,154,75719.9,376.5130675023113
hpmcounter10,155,76181.4,372.72300707093467
hpmcounter10,156,76642.9,370.86424740058186
hpmcounter10,157,77104.4,369.73320110587855
hpmcounter10,158,77568.65,371.60964398142306
hpmcounter10,159,78027.4,371.15406504577044
hpmcounter10,160,78486.15,371.08533722042966
hpmcounter10,161,78947.65,368.4317134829737
hpmcounter10,162,79406.4,365.8285664078189
hpmcounter10,163,79865.15,363.6021555216636
hpmcounter10,164,80321.15,363.6021555216636
hpmcounter10,165,80782.65,359.0447430335111
hpmcounter10,166,81244.15,366.2802581357614
hpmcounter10,167,81702.9,364.7829354561421
hpmcounter10,168,82161.65,362.84201451871587
hpmcounter10,169,82617.65,362.84201451871587
hpmcounter10,170,83073.65,362.84201451871587
hpmcounter10,171,83532.4,361.2885827147047
hpmcounter10,172,83993.9,356.8210896233573
hpmcounter10,173,84458.15,352.2167337024179
hpmcounter10,174,84919.65,349.14427891632425
hpmcounter10,175,85378.4,349.0850039746767
hpmcounter10,176,85834.4,349.0850039746767
hpmcounter10,177,86290.4,349.0850039746767
hpmcounter10,178,86746.4,349.0850039746767
hpmcounter10,179,87202.4,349.0850039746767
hpmcounter10,180,87658.4,349.0850039746767
hpmcounter10,181,88114.4,349.0850039746767
hpmcounter10,182,88570.4,349.0850039746767
hpmcounter10,183,89026.4,349.0850039746767
hpmcounter10,184,89485.15,349.4528973982044
hpmcounter10,185,89943.9,350.23090954397503
hpmcounter10,186,90402.65,351.41631649654516
hpmcounter10,187,90861.4,353.00501412869477
hpmcounter10,188,91320.15,354.99158792850284
hpmcounter10,189,91778.9,357.36940271937107
hpmcounter10,190,92234.9,357.36940271937107
hpmcounter10,191,92693.65,357.59422184929105
hpmcounter10,192,93152.4,358.2202395175348
hpmcounter10,193,93611.15,359.2453583555395
hpmcounter10,194,94069.9,360.6661752923332
hpmcounter10,195,94525.9,360.6661752923332
hpmcounter10,196,94981.9,360.6661752923332
hpmcounter10,197,95437.9,360.6661752923332
hpmcounter10,198,95893.9,360.6661752923332
hpmcounter10,199,96352.65,359.124390009924
hpmcounter10,200,96808.65,359.124390009924
hpmcounter10,201,97264.65,359.124390009924
hpmcounter10,202,97726.15,356.60542270133806
hpmcounter10,203,98184.85,356.90436744315696
hpmcounter10,204,98640.85,356.90436744315696
hpmcounter10,205,99096.85,356.90436744315696
hpmcounter10,206,99552.85,356.90436744315696
hpmcounter10,207,100011.6,357.606963019458
hpmcounter10,208,100470.3,358.6853913947431
hpmcounter10,209,100926.3,358.6853913947431
hpmcounter10,210,101382.3,358.6853913947431
hpmcounter10,211,101838.3,358.6853913947431
hpmcounter10,212,102294.3,358.6853913947431
hpmcounter10,213,102750.3,358.6853913947431
hpmcounter10,214,103206.3,358.6853913947431
hpmcounter10,215,103662.3,358.6853913947431
hpmcounter10,216,104118.3,358.6853913947431
hpmcounter10,217,104574.3,358.6853913947431
hpmcounter10,218,105030.3,358.6853913947431
hpmcounter10,219,105486.3,358.6853913947431
hpmcounter10,220,105942.3,358.6853913947431
hpmcounter10,221,106398.3,358.6853913947431
hpmcounter10,222,106854.3,358.6853913947431
hpmcounter10,223,107313.05,358.4616402071496
hpmcounter10,224,107771.8,359.28979946555677
hpmcounter10,225,108230.55,360.5148367265902
hpmcounter10,226,108689.3,362.1327242876567
hpmcounter10,227,109148.05,364.1382258154175
hpmcounter10,228,109606.8,366.5249786849458
hpmcounter10,229,110065.55,369.2855907018307
hpmcounter10,230,110524.3,372.4117479349974
hpmcounter10,231,110983.05,375.89433023124997
hpmcounter10,232,111441.75,379.65087580565387
hpmcounter10,233,111897.75,379.65087580565387
hpmcounter10,234,112353.75,379.65087580565387
hpmcounter10,235,112809.75,379.65087580565387
hpmcounter10,236,113265.75,379.65087580565387
hpmcounter10,237,113721.75,379.65087580565387
hpmcounter10,238,114177.75,379.65087580565387
hpmcounter10,239,114633.75,379.65087580565387
hpmcounter10,240,115089.75,379.65087580565387
hpmcounter10,241,115545.75,379.65087580565387
hpmcounter10,242,116001.75,379.65087580565387
hpmcounter10,243,116460.5,375.8608120035926
hpmcounter10,244,116919.25,372.41816215109594
hpmcounter10,245,117380.75,367.0106095196704
hpmcounter10,246,117842.25,362.27446432228703
hpmcounter10,247,118303.75,358.2363570326161
hpmcounter10,248,118762.5,357.0088934466479
hpmcounter10,249,119218.5,357.0088934466479
hpmcounter10,250,119674.5,357.0088934466479
hpmcounter10,251,120130.5,357.0088934466479
hpmcounter10,252,120586.5,357.0088934466479
hpmcounter10,253,121045.25,356.8056718999854
hpmcounter10,254,121503.95,356.9978256236304
hpmcounter10,255,121962.7,357.59182037624964
hpmcounter10,256,122421.45,358.58576031404255
hpmcounter10,257,122877.45,358.58576031404255
hpmcounter10,258,123333.45,358.58576031404255
hpmcounter10,259,123792.2,356.4294600618753
hpmcounter10,260,124250.95,357.80727703611615
hpmcounter10,261,124712.4,357.7533228357216
hpmcounter10,262,125168.4,357.7533228357216
hpmcounter10,263,125627.15,359.7671851350537
hpmcounter10,264,126088.6,360.6989603533672
hpmcounter10,265,126547.35,359.6722501111255
hpmcounter10,266,127008.85,356.6917822154023
hpmcounter10,267,127473.1,352.86709962817446
hpmcounter10,268,127937.35,350.1038810124789
hpmcounter10,269,128398.85,347.99084398874635
hpmcounter10,270,128860.35,346.6511611115705
hpmcounter10,271,129324.6,346.0006358375661
hpmcounter10,272,129783.35,345.8855699505257
hpmcounter10,273,130242.1,346.1857738267128
hpmcounter10,274,130698.1,346.1857738267128
hpmcounter10,275,131156.85,349.9231737110305
hpmcounter10,276,131615.6,354.0271740982604
hpmcounter10,277,132074.35,358.48518449163277
hpmcounter10,278,132535.85,363.67777977214945
hpmcounter10,279,132997.35,369.5347446452093
hpmcounter10,280,133456.1,370.67733947464336
hpmcounter10,281,133912.1,370.67733947464336
hpmcounter10,282,134368.1,370.67733947464336
hpmcounter10,283,134824.1,370.67733947464336
hpmcounter10,284,135280.1,370.67733947464336
hpmcounter10,285,135738.85,372.2026699259424
hpmcounter10,286,136194.85,372.2026699259424
hpmcounter10,287,136650.85,372.2026699259424
hpmcounter10,288,137106.85,372.2026699259424
hpmcounter10,289,137562.85,372.2026699259424
hpmcounter10,290,138018.85,372.2026699259424
hpmcounter10,291,138474.85,372.2026699259424
hpmcounter10,292,138933.6,374.3338616796509
hpmcounter10,293,139392.3,376.7857614082571
hpmcounter10,294,139853.8,376.4491466320518
hpmcounter10,295,140312.55,379.66662679250595
hpmcounter10,296,140771.3,383.2321881053312
hpmcounter10,297,141230.05,387.13621310851295
hpmcounter10,298,141688.8,383.5399066590072
