counter,mode,seed,exceed_count,cusum_max
hpmcounter10,drift,seed1,27,18.715259740509527
hpmcounter10,drift,seed10,0,0.0
hpmcounter10,drift,seed11,153,276.5931090744344
hpmcounter10,drift,seed12,217,312.80503867202617
hpmcounter10,drift,seed13,0,0.0
hpmcounter10,drift,seed14,86,72.99572409756568
hpmcounter10,drift,seed15,294,629.0088678997446
hpmcounter10,drift,seed16,0,0.0
hpmcounter10,drift,seed17,271,312.86710612092827
hpmcounter10,drift,seed18,0,0.0
hpmcounter10,drift,seed19,3,4.917193990122428
hpmcounter10,drift,seed2,2,3.0605178091043257
hpmcounter10,drift,seed20,66,63.390167139567545
hpmcounter10,drift,seed3,18,36.36831189583587
hpmcounter10,drift,seed4,0,1.9028889617260767
hpmcounter10,drift,seed5,273,308.35396283814083
hpmcounter10,drift,seed6,0,6.945741352739847
hpmcounter10,drift,seed7,34,55.47022671532093
hpmcounter10,drift,seed8,137,205.98335187529278
hpmcounter10,drift,seed9,0,20.71480285312356
hpmcounter10,jump,seed1,100,93.28995100907893
hpmcounter10,jump,seed10,133,323.660265422424
hpmcounter10,jump,seed11,169,446.9546231258116
hpmcounter10,jump,seed12,223,588.7163837947002
hpmcounter10,jump,seed13,134,208.14441415453004
hpmcounter10,jump,seed14,139,398.19710873421
hpmcounter10,jump,seed15,294,1089.933992652555
hpmcounter10,jump,seed16,141,275.3560873658136
hpmcounter10,jump,seed17,280,554.4749508572046
hpmcounter10,jump,seed18,136,311.68388566961715
hpmcounter10,jump,seed19,143,214.69314827568095
hpmcounter10,jump,seed2,137,229.49213423360737
hpmcounter10,jump,seed20,169,357.5146927350126
hpmcounter10,jump,seed3,138,197.39038708993718
hpmcounter10,jump,seed4,136,352.37457546369353
hpmcounter10,jump,seed5,273,643.0851023370582
hpmcounter10,jump,seed6,143,335.6252969618066
hpmcounter10,jump,seed7,138,188.0702409506134
hpmcounter10,jump,seed8,148,446.8669309290482
hpmcounter10,jump,seed9,137,305.01665596013834
hpmcounter10,normal,seed1,0,0.0
hpmcounter10,normal,seed10,0,0.0
hpmcounter10,normal,seed11,23,34.25679494374224
hpmcounter10,normal,seed12,151,131.19912925236116
hpmcounter10,normal,seed13,0,0.0
hpmcounter10,normal,seed14,2,23.37880890872463
hpmcounter10,normal,seed15,294,649.2376808650016
hpmcounter10,normal,seed16,2,3.0605178091043257
hpmcounter10,normal,seed17,133,204.38233684568684
hpmcounter10,normal,seed18,0,0.0
hpmcounter10,normal,seed19,3,4.917193990122428
hpmcounter10,normal,seed2,0,0.0
hpmcounter10,normal,seed20,26,40.04920118086909
hpmcounter10,normal,seed3,0,0.0
hpmcounter10,normal,seed4,0,0.0
hpmcounter10,normal,seed5,164,197.38379511607982
hpmcounter10,normal,seed6,0,3.8395402697565926
hpmcounter10,normal,seed7,0,0.0
hpmcounter10,normal,seed8,0,14.304353052940975
hpmcounter10,normal,seed9,0,1.8517409934832754
hpmcounter3,drift,seed1,24,16.39534259493281
hpmcounter3,drift,seed10,0,0.16000384774311005
hpmcounter3,drift,seed11,130,248.24181982248888
hpmcounter3,drift,seed12,173,279.1007224795281
hpmcounter3,drift,seed13,1,0.8039100406634458
hpmcounter3,drift,seed14,77,63.29545972321008
hpmcounter3,drift,seed15,294,633.3090211392407
hpmcounter3,drift,seed16,0,0.0
hpmcounter3,drift,seed17,265,281.42903703392545
hpmcounter3,drift,seed18,0,0.48195694420327795
hpmcounter3,drift,seed19,4,6.218388427111145
hpmcounter3,drift,seed2,0,0.48195694420327795
hpmcounter3,drift,seed20,92,147.0615820043936
hpmcounter3,drift,seed3,0,28.261155295154598
hpmcounter3,drift,seed4,0,0.6627365440094467
hpmcounter3,drift,seed5,277,353.8602493738117
hpmcounter3,drift,seed6,1,7.170914905775284
hpmcounter3,drift,seed7,30,46.19809840254566
hpmcounter3,drift,seed8,136,188.83971983121927
hpmcounter3,drift,seed9,0,15.345133845095118
hpmcounter3,jump,seed1,48,82.24869445289201
hpmcounter3,jump,seed10,133,301.6801195650043
hpmcounter3,jump,seed11,146,410.27427653845893
hpmcounter3,jump,seed12,181,545.1500066859684
hpmcounter3,jump,seed13,133,190.8958083776326
hpmcounter3,jump,seed14,138,370.20824388835894
hpmcounter3,jump,seed15,294,1074.8344792359073
hpmcounter3,jump,seed16,138,252.83518376804847
hpmcounter3,jump,seed17,278,511.76916122476825
hpmcounter3,jump,seed18,135,287.9353847863759
hpmcounter3,jump,seed19,142,214.4102639749168
hpmcounter3,jump,seed2,136,209.19474808110942
hpmcounter3,jump,seed20,192,429.79022581241486
hpmcounter3,jump,seed3,137,178.347933125697
hpmcounter3,jump,seed4,135,329.1482616230573
hpmcounter3,jump,seed5,277,675.8638973018301
hpmcounter3,jump,seed6,143,322.2289948038498
hpmcounter3,jump,seed7,137,171.8110140223547
hpmcounter3,jump,seed8,148,418.23627729124644
hpmcounter3,jump,seed9,136,283.68475560780996
hpmcounter3,normal,seed1,0,0.0
hpmcounter3,normal,seed10,0,0.48195694420327795
hpmcounter3,normal,seed11,0,23.256841590838718
hpmcounter3,normal,seed12,105,102.58155769408586
hpmcounter3,normal,seed13,0,0.0
hpmcounter3,normal,seed14,1,16.538536078591555
hpmcounter3,normal,seed15,294,651.7032451569407
hpmcounter3,normal,seed16,0,0.0
hpmcounter3,normal,seed17,131,178.06694941322817
hpmcounter3,normal,seed18,0,0.0
hpmcounter3,normal,seed19,4,5.734745444908578
hpmcounter3,normal,seed2,0,0.0
hpmcounter3,normal,seed20,47,82.71304725772438
hpmcounter3,normal,seed3,2,4.6628089842041165
hpmcounter3,normal,seed4,0,0.48195694420327795
hpmcounter3,normal,seed5,218,245.54407740784103
hpmcounter3,normal,seed6,0,2.741567203560824
hpmcounter3,normal,seed7,0,0.16000384774311005
hpmcounter3,normal,seed8,0,8.37620599835223
hpmcounter3,normal,seed9,0,0.48195694420327795
hpmcounter4,drift,seed1,22,15.342750878807777
hpmcounter4,drift,seed10,0,0.0
hpmcounter4,drift,seed11,129,242.38682061831304
hpmcounter4,drift,seed12,166,272.70637547058965
hpmcounter4,drift,seed13,0,0.0
hpmcounter4,drift,seed14,73,59.694039516822464
hpmcounter4,drift,seed15,294,632.7843164871903
hpmcounter4,drift,seed16,0,0.0
hpmcounter4,drift,seed17,265,277.55387270683707
hpmcounter4,drift,seed18,0,0.0
hpmcounter4,drift,seed19,4,5.850346324334881
hpmcounter4,drift,seed2,0,0.0
hpmcounter4,drift,seed20,94,154.33287734964594
hpmcounter4,drift,seed3,0,28.416609938446936
hpmcounter4,drift,seed4,0,0.39894691798678883
hpmcounter4,drift,seed5,277,354.36892760148464
hpmcounter4,drift,seed6,0,4.452386349126035
hpmcounter4,drift,seed7,28,43.51445821226269
hpmcounter4,drift,seed8,136,184.29143213517165
hpmcounter4,drift,seed9,0,13.53290375765325
hpmcounter4,jump,seed1,46,78.46926487634133
hpmcounter4,jump,seed10,132,298.36672592018334
hpmcounter4,jump,seed11,145,404.7946753708114
hpmcounter4,jump,seed12,176,536.9987625569404
hpmcounter4,jump,seed13,133,187.0036143737105
hpmcounter4,jump,seed14,138,367.74645285541595
hpmcounter4,jump,seed15,294,1070.2350218265906
hpmcounter4,jump,seed16,138,250.73132227972056
hpmcounter4,jump,seed17,278,507.36202083918437
hpmcounter4,jump,seed18,135,285.4194471412152
hpmcounter4,jump,seed19,142,215.88418621248502
hpmcounter4,jump,seed2,136,207.4137091295219
hpmcounter4,jump,seed20,194,436.0581231809179
hpmcounter4,jump,seed3,137,177.42472558017238
hpmcounter4,jump,seed4,135,324.10997718679516
hpmcounter4,jump,seed5,277,674.0429559631544
hpmcounter4,jump,seed6,143,317.8455283102527
hpmcounter4,jump,seed7,137,169.2704566864036
hpmcounter4,jump,seed8,147,413.363779923008
hpmcounter4,jump,seed9,136,278.9448755006494
hpmcounter4,normal,seed1,0,0.0
hpmcounter4,normal,seed10,0,0.0
hpmcounter4,normal,seed11,0,22.094612257914513
hpmcounter4,normal,seed12,100,99.54805721753985
hpmcounter4,normal,seed13,0,0.0
hpmcounter4,normal,seed14,0,15.188671563359547
hpmcounter4,normal,seed15,294,652.0336446514755
hpmcounter4,normal,seed16,0,0.0
hpmcounter4,normal,seed17,131,175.26522737370564
hpmcounter4,normal,seed18,0,0.0
hpmcounter4,normal,seed19,4,5.850346324334881
hpmcounter4,normal,seed2,0,0.0
hpmcounter4,normal,seed20,49,86.40169167203473
hpmcounter4,normal,seed3,0,0.0
hpmcounter4,normal,seed4,0,0.0
hpmcounter4,normal,seed5,223,249.67427724051004
hpmcounter4,normal,seed6,0,2.6623520563948553
hpmcounter4,normal,seed7,0,0.0
hpmcounter4,normal,seed8,0,7.9269864102615895
hpmcounter4,normal,seed9,0,0.0069205653021781055
hpmcounter5,drift,seed1,23,17.20785238597623
hpmcounter5,drift,seed10,1,0.7187394290110325
hpmcounter5,drift,seed11,142,258.84181634651014
hpmcounter5,drift,seed12,165,244.92521015159076
hpmcounter5,drift,seed13,0,0.043537529281901355
hpmcounter5,drift,seed14,85,77.31767208045
hpmcounter5,drift,seed15,294,568.8401889501894
hpmcounter5,drift,seed16,0,0.24609809920064074
hpmcounter5,drift,seed17,274,319.1180036503315
hpmcounter5,drift,seed18,0,0.0
hpmcounter5,drift,seed19,4,5.534650717901756
hpmcounter5,drift,seed2,1,0.7553791639001872
hpmcounter5,drift,seed20,102,161.3336689178949
hpmcounter5,drift,seed3,0,6.841102526176377
hpmcounter5,drift,seed4,1,1.5725443770647045
hpmcounter5,drift,seed5,273,274.92085962684007
hpmcounter5,drift,seed6,2,45.87671501899566
hpmcounter5,drift,seed7,5,20.942656495450365
hpmcounter5,drift,seed8,146,231.42599429663224
hpmcounter5,drift,seed9,5,33.07297636392523
hpmcounter5,jump,seed1,130,112.637770875895
hpmcounter5,jump,seed10,133,297.6505983631078
hpmcounter5,jump,seed11,157,453.903445390726
hpmcounter5,jump,seed12,173,504.4856955220852
hpmcounter5,jump,seed13,133,196.88277665228858
hpmcounter5,jump,seed14,140,404.27242648703907
hpmcounter5,jump,seed15,295,992.9655156217166
hpmcounter5,jump,seed16,139,243.02991163027582
hpmcounter5,jump,seed17,281,532.4157028412507
hpmcounter5,jump,seed18,136,280.8967373785763
hpmcounter5,jump,seed19,142,167.5604528476687
hpmcounter5,jump,seed2,136,206.07784863683196
hpmcounter5,jump,seed20,189,436.72402361871383
hpmcounter5,jump,seed3,137,173.70021902894223
hpmcounter5,jump,seed4,137,329.7974270789923
hpmcounter5,jump,seed5,273,609.5342917838892
hpmcounter5,jump,seed6,147,354.00354365207374
hpmcounter5,jump,seed7,137,163.8737394758531
hpmcounter5,jump,seed8,155,442.99388053215404
hpmcounter5,jump,seed9,137,289.2835409887141
hpmcounter5,normal,seed1,0,0.24609809920064074
hpmcounter5,normal,seed10,2,2.437515019738493
hpmcounter5,normal,seed11,11,30.913742275128918
hpmcounter5,normal,seed12,94,72.90339442204755
hpmcounter5,normal,seed13,0,0.31361828917355383
hpmcounter5,normal,seed14,81,63.55949796452217
hpmcounter5,normal,seed15,294,592.983044464897
hpmcounter5,normal,seed16,1,1.8973534999551878
hpmcounter5,normal,seed17,135,214.30715008827895
hpmcounter5,normal,seed18,0,0.0
hpmcounter5,normal,seed19,4,5.681643689344454
hpmcounter5,normal,seed2,0,0.0
hpmcounter5,normal,seed20,47,83.26905925614177
hpmcounter5,normal,seed3,0,0.0
hpmcounter5,normal,seed4,1,1.7528816460420904
hpmcounter5,normal,seed5,152,192.68553611959337
hpmcounter5,normal,seed6,2,8.80500292973511
hpmcounter5,normal,seed7,0,0.24609809920064074
hpmcounter5,normal,seed8,13,29.064664438860618
hpmcounter5,normal,seed9,0,0.10805148037138579
hpmcounter6,drift,seed1,0,0.0
hpmcounter6,drift,seed10,0,0.0
hpmcounter6,drift,seed11,299,497.5034944182154
hpmcounter6,drift,seed12,299,212.9223972616018
hpmcounter6,drift,seed13,0,0.0
hpmcounter6,drift,seed14,299,229.6624618002282
hpmcounter6,drift,seed15,0,0.0
hpmcounter6,drift,seed16,0,0.0
hpmcounter6,drift,seed17,299,330.1028490319722
hpmcounter6,drift,seed18,0,0.0
hpmcounter6,drift,seed19,0,0.0
hpmcounter6,drift,seed2,299,296.6227199547221
hpmcounter6,drift,seed20,0,0.0
hpmcounter6,drift,seed3,0,0.0
hpmcounter6,drift,seed4,0,0.0
hpmcounter6,drift,seed5,0,0.0
hpmcounter6,drift,seed6,0,0.0
hpmcounter6,drift,seed7,0,0.0
hpmcounter6,drift,seed8,0,0.0
hpmcounter6,drift,seed9,0,0.0
hpmcounter6,jump,seed1,0,0.0
hpmcounter6,jump,seed10,0,0.0
hpmcounter6,jump,seed11,0,62.261816413984576
hpmcounter6,jump,seed12,0,0.0
hpmcounter6,jump,seed13,0,0.0
hpmcounter6,jump,seed14,0,0.0
hpmcounter6,jump,seed15,299,413.80317172509325
hpmcounter6,jump,seed16,299,564.4637525727119
hpmcounter6,jump,seed17,299,179.44226818435305
hpmcounter6,jump,seed18,299,296.6227199547221
hpmcounter6,jump,seed19,299,664.9041398044506
hpmcounter6,jump,seed2,0,0.0
hpmcounter6,jump,seed20,0,0.0
hpmcounter6,jump,seed3,0,0.0
hpmcounter6,jump,seed4,0,0.0
hpmcounter6,jump,seed5,0,112.4820100298579
hpmcounter6,jump,seed6,0,0.0
hpmcounter6,jump,seed7,0,0.0
hpmcounter6,jump,seed8,0,0.0
hpmcounter6,jump,seed9,0,0.0
hpmcounter6,normal,seed1,0,0.0
hpmcounter6,normal,seed10,299,430.5432362637175
hpmcounter6,normal,seed11,0,0.0
hpmcounter6,normal,seed12,0,0.0
hpmcounter6,normal,seed13,0,0.0
hpmcounter6,normal,seed14,0,0.0
hpmcounter6,normal,seed15,0,0.0
hpmcounter6,normal,seed16,299,330.1028490319722
hpmcounter6,normal,seed17,299,497.5034944182154
hpmcounter6,normal,seed18,0,0.0
hpmcounter6,normal,seed19,0,0.0
hpmcounter6,normal,seed2,0,0.0
hpmcounter6,normal,seed20,0,0.0
hpmcounter6,normal,seed3,0,0.0
hpmcounter6,normal,seed4,0,0.0
hpmcounter6,normal,seed5,0,0.0
hpmcounter6,normal,seed6,0,0.0
hpmcounter6,normal,seed7,0,0.0
hpmcounter6,normal,seed8,0,0.0
hpmcounter6,normal,seed9,0,62.261816413984576
hpmcounter7,drift,seed1,0,0.0
hpmcounter7,drift,seed10,0,0.0
hpmcounter7,drift,seed11,0,0.0
hpmcounter7,drift,seed12,0,0.0
hpmcounter7,drift,seed13,0,0.0
hpmcounter7,drift,seed14,0,0.0
hpmcounter7,drift,seed15,0,0.0
hpmcounter7,drift,seed16,0,0.0
hpmcounter7,drift,seed17,0,0.0
hpmcounter7,drift,seed18,0,0.0
hpmcounter7,drift,seed19,0,0.0
hpmcounter7,drift,seed2,0,0.0
hpmcounter7,drift,seed20,0,0.0
hpmcounter7,drift,seed3,0,0.0
hpmcounter7,drift,seed4,0,0.0
hpmcounter7,drift,seed5,0,0.0
hpmcounter7,drift,seed6,0,0.0
hpmcounter7,drift,seed7,0,0.0
hpmcounter7,drift,seed8,0,0.0
hpmcounter7,drift,seed9,0,0.0
hpmcounter7,jump,seed1,0,0.0
hpmcounter7,jump,seed10,0,0.0
hpmcounter7,jump,seed11,0,0.0
hpmcounter7,jump,seed12,0,0.0
hpmcounter7,jump,seed13,0,0.0
hpmcounter7,jump,seed14,0,0.0
hpmcounter7,jump,seed15,0,0.0
hpmcounter7,jump,seed16,0,0.0
hpmcounter7,jump,seed17,0,0.0
hpmcounter7,jump,seed18,0,0.0
hpmcounter7,jump,seed19,0,0.0
hpmcounter7,jump,seed2,0,0.0
hpmcounter7,jump,seed20,0,0.0
hpmcounter7,jump,seed3,0,0.0
hpmcounter7,jump,seed4,0,0.0
hpmcounter7,jump,seed5,0,0.0
hpmcounter7,jump,seed6,0,0.0
hpmcounter7,jump,seed7,0,0.0
hpmcounter7,jump,seed8,0,0.0
hpmcounter7,jump,seed9,0,0.0
hpmcounter7,normal,seed1,0,0.0
hpmcounter7,normal,seed10,0,0.0
hpmcounter7,normal,seed11,0,0.0
hpmcounter7,normal,seed12,0,0.0
hpmcounter7,normal,seed13,0,0.0
hpmcounter7,normal,seed14,0,0.0
hpmcounter7,normal,seed15,0,0.0
hpmcounter7,normal,seed16,0,0.0
hpmcounter7,normal,seed17,0,0.0
hpmcounter7,normal,seed18,0,0.0
hpmcounter7,normal,seed19,0,0.0
hpmcounter7,normal,seed2,0,0.0
hpmcounter7,normal,seed20,0,0.0
hpmcounter7,normal,seed3,0,0.0
hpmcounter7,normal,seed4,0,0.0
hpmcounter7,normal,seed5,0,0.0
hpmcounter7,normal,seed6,0,0.0
hpmcounter7,normal,seed7,0,0.0
hpmcounter7,normal,seed8,0,0.0
hpmcounter7,normal,seed9,0,0.0
hpmcounter8,drift,seed1,28,18.21728264732972
hpmcounter8,drift,seed10,0,0.0
hpmcounter8,drift,seed11,162,277.49296674022816
hpmcounter8,drift,seed12,214,308.5282996980619
hpmcounter8,drift,seed13,0,0.0
hpmcounter8,drift,seed14,89,76.4978144324574
hpmcounter8,drift,seed15,294,623.5284867033567
hpmcounter8,drift,seed16,0,0.0
hpmcounter8,drift,seed17,267,303.49748075440806
hpmcounter8,drift,seed18,0,0.0
hpmcounter8,drift,seed19,3,5.131030700202423
hpmcounter8,drift,seed2,0,0.00791279075436535
hpmcounter8,drift,seed20,72,73.99839741734432
hpmcounter8,drift,seed3,14,35.345224150812776
hpmcounter8,drift,seed4,1,1.9280820441516549
hpmcounter8,drift,seed5,273,307.5343680078445
hpmcounter8,drift,seed6,0,8.808070164542947
hpmcounter8,drift,seed7,33,50.75861924937031
hpmcounter8,drift,seed8,138,211.72167381575022
hpmcounter8,drift,seed9,0,22.41217321341619
hpmcounter8,jump,seed1,102,94.12713694004599
hpmcounter8,jump,seed10,132,316.72106207862464
hpmcounter8,jump,seed11,178,448.955008721281
hpmcounter8,jump,seed12,223,582.3884042889332
hpmcounter8,jump,seed13,134,207.81774935098406
hpmcounter8,jump,seed14,139,396.8720502713415
hpmcounter8,jump,seed15,294,1075.210850425653
hpmcounter8,jump,seed16,141,270.8766542963611
hpmcounter8,jump,seed17,280,541.4849961081715
hpmcounter8,jump,seed18,136,303.49934692608525
hpmcounter8,jump,seed19,141,205.3004531202166
hpmcounter8,jump,seed2,137,225.03988209482586
hpmcounter8,jump,seed20,172,366.61715758639707
hpmcounter8,jump,seed3,138,193.04231343032907
hpmcounter8,jump,seed4,137,349.8054488790292
hpmcounter8,jump,seed5,274,642.935272669217
hpmcounter8,jump,seed6,143,332.9747422692181
hpmcounter8,jump,seed7,138,181.52165803490595
hpmcounter8,jump,seed8,149,446.7768381250149
hpmcounter8,jump,seed9,137,303.4619755937957
hpmcounter8,normal,seed1,1,0.7122108234393707
hpmcounter8,normal,seed10,0,0.0
hpmcounter8,normal,seed11,32,35.509715705114594
hpmcounter8,normal,seed12,148,128.33182958908708
hpmcounter8,normal,seed13,0,0.7324467489660105
hpmcounter8,normal,seed14,1,28.508826167517373
hpmcounter8,normal,seed15,294,644.7612137663172
hpmcounter8,normal,seed16,2,1.965326905177343
hpmcounter8,normal,seed17,133,197.5051094457391
hpmcounter8,normal,seed18,0,0.0
hpmcounter8,normal,seed19,3,5.162796115148076
hpmcounter8,normal,seed2,0,0.0
hpmcounter8,normal,seed20,29,43.45041627227631
hpmcounter8,normal,seed3,0,0.0
hpmcounter8,normal,seed4,1,1.0749671795807756
hpmcounter8,normal,seed5,163,198.84339354920706
hpmcounter8,normal,seed6,0,3.8940764354143966
hpmcounter8,normal,seed7,1,0.8231358380013619
hpmcounter8,normal,seed8,1,16.13513377644567
hpmcounter8,normal,seed9,0,2.0493518623686935
hpmcounter9,drift,seed1,241,251.92669812882156
hpmcounter9,drift,seed10,0,0.0
hpmcounter9,drift,seed11,12,10.93187152947021
hpmcounter9,drift,seed12,0,2.6178049376823846
hpmcounter9,drift,seed13,101,105.02035130212664
hpmcounter9,drift,seed14,66,59.321403911364335
hpmcounter9,drift,seed15,0,0.0
hpmcounter9,drift,seed16,128,135.74418349261214
hpmcounter9,drift,seed17,0,2.6178049376823846
hpmcounter9,drift,seed18,165,164.37289054559193
hpmcounter9,drift,seed19,0,0.0
hpmcounter9,drift,seed2,36,37.68515854385063
hpmcounter9,drift,seed20,50,51.01388737177944
hpmcounter9,drift,seed3,16,20.271458541917546
hpmcounter9,drift,seed4,0,0.0
hpmcounter9,drift,seed5,0,0.0
hpmcounter9,drift,seed6,185,177.35731423666928
hpmcounter9,drift,seed7,37,58.281035118776614
hpmcounter9,drift,seed8,0,0.0
hpmcounter9,drift,seed9,0,0.0
hpmcounter9,jump,seed1,0,0.0
hpmcounter9,jump,seed10,49,78.73089664300467
hpmcounter9,jump,seed11,12,10.93187152947021
hpmcounter9,jump,seed12,0,0.0
hpmcounter9,jump,seed13,192,308.7189059086166
hpmcounter9,jump,seed14,221,304.5502269673822
hpmcounter9,jump,seed15,0,2.6178049376823846
hpmcounter9,jump,seed16,75,158.625534364606
hpmcounter9,jump,seed17,27,26.92239139976364
hpmcounter9,jump,seed18,233,399.0418760529901
hpmcounter9,jump,seed19,62,74.37075405631751
hpmcounter9,jump,seed2,29,27.329963735978108
hpmcounter9,jump,seed20,0,0.0
hpmcounter9,jump,seed3,0,0.0
hpmcounter9,jump,seed4,279,928.0672060831643
hpmcounter9,jump,seed5,0,6.634208018951266
hpmcounter9,jump,seed6,0,0.031193978589169058
hpmcounter9,jump,seed7,60,64.9095830873868
hpmcounter9,jump,seed8,0,0.0
hpmcounter9,jump,seed9,12,22.299773891739562
hpmcounter9,normal,seed1,0,2.6178049376823846
hpmcounter9,normal,seed10,264,542.0842075952644
hpmcounter9,normal,seed11,0,0.0
hpmcounter9,normal,seed12,50,53.816894074063526
hpmcounter9,normal,seed13,0,2.6178049376823846
hpmcounter9,normal,seed14,76,88.23188968003629
hpmcounter9,normal,seed15,0,0.0
hpmcounter9,normal,seed16,138,177.3451275047223
hpmcounter9,normal,seed17,0,2.6178049376823846
hpmcounter9,normal,seed18,0,0.05167728436794394
hpmcounter9,normal,seed19,0,0.0
hpmcounter9,normal,seed2,0,0.0
hpmcounter9,normal,seed20,82,86.8376974071925
hpmcounter9,normal,seed3,0,0.0
hpmcounter9,normal,seed4,21,40.30577514844941
hpmcounter9,normal,seed5,0,0.0
hpmcounter9,normal,seed6,119,161.2022497831921
hpmcounter9,normal,seed7,77,77.99676247960976
hpmcounter9,normal,seed8,0,0.0
hpmcounter9,normal,seed9,42,71.72672854844025
