counter,mode,seed,exceed_count,cusum_max,h_count,h_cusum,count_flag,cusum_flag,flag_or
hpmcounter10,drift,seed1,27,18.715259740509527,170.50000000000009,226.6251040466529,False,False,False
hpmcounter10,drift,seed10,0,0.0,170.50000000000009,226.6251040466529,False,False,False
hpmcounter10,drift,seed11,153,276.5931090744344,170.50000000000009,226.6251040466529,False,True,True
hpmcounter10,drift,seed12,217,312.80503867202617,170.50000000000009,226.6251040466529,True,True,True
hpmcounter10,drift,seed13,0,0.0,170.50000000000009,226.6251040466529,False,False,False
hpmcounter10,drift,seed14,86,72.99572409756568,170.50000000000009,226.6251040466529,False,False,False
hpmcounter10,drift,seed15,294,629.0088678997446,170.50000000000009,226.6251040466529,True,True,True
hpmcounter10,drift,seed16,0,0.0,170.50000000000009,226.6251040466529,False,False,False
hpmcounter10,drift,seed17,271,312.86710612092827,170.50000000000009,226.6251040466529,True,True,True
hpmcounter10,drift,seed18,0,0.0,170.50000000000009,226.6251040466529,False,False,False
hpmcounter10,drift,seed19,3,4.917193990122428,170.50000000000009,226.6251040466529,False,False,False
hpmcounter10,drift,seed2,2,3.0605178091043257,170.50000000000009,226.6251040466529,False,False,False
hpmcounter10,drift,seed20,66,63.390167139567545,170.50000000000009,226.6251040466529,False,False,False
hpmcounter10,drift,seed3,18,36.36831189583587,170.50000000000009,226.6251040466529,False,False,False
hpmcounter10,drift,seed4,0,1.9028889617260767,170.50000000000009,226.6251040466529,False,False,False
hpmcounter10,drift,seed5,273,308.35396283814083,170.50000000000009,226.6251040466529,True,True,True
hpmcounter10,drift,seed6,0,6.945741352739847,170.50000000000009,226.6251040466529,False,False,False
hpmcounter10,drift,seed7,34,55.47022671532093,170.50000000000009,226.6251040466529,False,False,False
hpmcounter10,drift,seed8,137,205.98335187529278,170.50000000000009,226.6251040466529,False,False,False
hpmcounter10,drift,seed9,0,20.71480285312356,170.50000000000009,226.6251040466529,False,False,False
hpmcounter10,jump,seed1,100,93.28995100907893,170.50000000000009,226.6251040466529,False,False,False
hpmcounter10,jump,seed10,133,323.660265422424,170.50000000000009,226.6251040466529,False,True,True
hpmcounter10,jump,seed11,169,446.9546231258116,170.50000000000009,226.6251040466529,False,True,True
hpmcounter10,jump,seed12,223,588.7163837947002,170.50000000000009,226.6251040466529,True,True,True
hpmcounter10,jump,seed13,134,208.14441415453004,170.50000000000009,226.6251040466529,False,False,False
hpmcounter10,jump,seed14,139,398.19710873421,170.50000000000009,226.6251040466529,False,True,True
hpmcounter10,jump,seed15,294,1089.933992652555,170.50000000000009,226.6251040466529,True,True,True
hpmcounter10,jump,seed16,141,275.3560873658136,170.50000000000009,226.6251040466529,False,True,True
hpmcounter10,jump,seed17,280,554.4749508572046,170.50000000000009,226.6251040466529,True,True,True
hpmcounter10,jump,seed18,136,311.68388566961715,170.50000000000009,226.6251040466529,False,True,True
hpmcounter10,jump,seed19,143,214.69314827568095,170.50000000000009,226.6251040466529,False,False,False
hpmcounter10,jump,seed2,137,229.49213423360737,170.50000000000009,226.6251040466529,False,True,True
hpmcounter10,jump,seed20,169,357.5146927350126,170.50000000000009,226.6251040466529,False,True,True
hpmcounter10,jump,seed3,138,197.39038708993718,170.50000000000009,226.6251040466529,False,False,False
hpmcounter10,jump,seed4,136,352.37457546369353,170.50000000000009,226.6251040466529,False,True,True
hpmcounter10,jump,seed5,273,643.0851023370582,170.50000000000009,226.6251040466529,True,True,True
hpmcounter10,jump,seed6,143,335.6252969618066,170.50000000000009,226.6251040466529,False,True,True
hpmcounter10,jump,seed7,138,188.0702409506134,170.50000000000009,226.6251040466529,False,False,False
hpmcounter10,jump,seed8,148,446.8669309290482,170.50000000000009,226.6251040466529,False,True,True
hpmcounter10,jump,seed9,137,305.01665596013834,170.50000000000009,226.6251040466529,False,True,True
hpmcounter3,drift,seed1,24,16.39534259493281,221.80000000000007,265.8520357952963,False,False,False
hpmcounter3,drift,seed10,0,0.16000384774311005,221.80000000000007,265.8520357952963,False,False,False
hpmcounter3,drift,seed11,130,248.24181982248888,221.80000000000007,265.8520357952963,False,False,False
hpmcounter3,drift,seed12,173,279.1007224795281,221.80000000000007,265.8520357952963,False,True,True
hpmcounter3,drift,seed13,1,0.8039100406634458,221.80000000000007,265.8520357952963,False,False,False
hpmcounter3,drift,seed14,77,63.29545972321008,221.80000000000007,265.8520357952963,False,False,False
hpmcounter3,drift,seed15,294,633.3090211392407,221.80000000000007,265.8520357952963,True,True,True
hpmcounter3,drift,seed16,0,0.0,221.80000000000007,265.8520357952963,False,False,False
hpmcounter3,drift,seed17,265,281.42903703392545,221.80000000000007,265.8520357952963,True,True,True
hpmcounter3,drift,seed18,0,0.48195694420327795,221.80000000000007,265.8520357952963,False,False,False
hpmcounter3,drift,seed19,4,6.218388427111145,221.80000000000007,265.8520357952963,False,False,False
hpmcounter3,drift,seed2,0,0.48195694420327795,221.80000000000007,265.8520357952963,False,False,False
hpmcounter3,drift,seed20,92,147.0615820043936,221.80000000000007,265.8520357952963,False,False,False
hpmcounter3,drift,seed3,0,28.261155295154598,221.80000000000007,265.8520357952963,False,False,False
hpmcounter3,drift,seed4,0,0.6627365440094467,221.80000000000007,265.8520357952963,False,False,False
hpmcounter3,drift,seed5,277,353.8602493738117,221.80000000000007,265.8520357952963,True,True,True
hpmcounter3,drift,seed6,1,7.170914905775284,221.80000000000007,265.8520357952963,False,False,False
hpmcounter3,drift,seed7,30,46.19809840254566,221.80000000000007,265.8520357952963,False,False,False
hpmcounter3,drift,seed8,136,188.83971983121927,221.80000000000007,265.8520357952963,False,False,False
hpmcounter3,drift,seed9,0,15.345133845095118,221.80000000000007,265.8520357952963,False,False,False
hpmcounter3,jump,seed1,48,82.24869445289201,221.80000000000007,265.8520357952963,False,False,False
hpmcounter3,jump,seed10,133,301.6801195650043,221.80000000000007,265.8520357952963,False,True,True
hpmcounter3,jump,seed11,146,410.27427653845893,221.80000000000007,265.8520357952963,False,True,True
hpmcounter3,jump,seed12,181,545.1500066859684,221.80000000000007,265.8520357952963,False,True,True
hpmcounter3,jump,seed13,133,190.8958083776326,221.80000000000007,265.8520357952963,False,False,False
hpmcounter3,jump,seed14,138,370.20824388835894,221.80000000000007,265.8520357952963,False,True,True
hpmcounter3,jump,seed15,294,1074.8344792359073,221.80000000000007,265.8520357952963,True,True,True
hpmcounter3,jump,seed16,138,252.83518376804847,221.80000000000007,265.8520357952963,False,False,False
hpmcounter3,jump,seed17,278,511.76916122476825,221.80000000000007,265.8520357952963,True,True,True
hpmcounter3,jump,seed18,135,287.9353847863759,221.80000000000007,265.8520357952963,False,True,True
hpmcounter3,jump,seed19,142,214.4102639749168,221.80000000000007,265.8520357952963,False,False,False
hpmcounter3,jump,seed2,136,209.19474808110942,221.80000000000007,265.8520357952963,False,False,False
hpmcounter3,jump,seed20,192,429.79022581241486,221.80000000000007,265.8520357952963,False,True,True
hpmcounter3,jump,seed3,137,178.347933125697,221.80000000000007,265.8520357952963,False,False,False
hpmcounter3,jump,seed4,135,329.1482616230573,221.80000000000007,265.8520357952963,False,True,True
hpmcounter3,jump,seed5,277,675.8638973018301,221.80000000000007,265.8520357952963,True,True,True
hpmcounter3,jump,seed6,143,322.2289948038498,221.80000000000007,265.8520357952963,False,True,True
hpmcounter3,jump,seed7,137,171.8110140223547,221.80000000000007,265.8520357952963,False,False,False
hpmcounter3,jump,seed8,148,418.23627729124644,221.80000000000007,265.8520357952963,False,True,True
hpmcounter3,jump,seed9,136,283.68475560780996,221.80000000000007,265.8520357952963,False,True,True
hpmcounter4,drift,seed1,22,15.342750878807777,226.55000000000004,269.7922456110586,False,False,False
hpmcounter4,drift,seed10,0,0.0,226.55000000000004,269.7922456110586,False,False,False
hpmcounter4,drift,seed11,129,242.38682061831304,226.55000000000004,269.7922456110586,False,False,False
hpmcounter4,drift,seed12,166,272.70637547058965,226.55000000000004,269.7922456110586,False,True,True
hpmcounter4,drift,seed13,0,0.0,226.55000000000004,269.7922456110586,False,False,False
hpmcounter4,drift,seed14,73,59.694039516822464,226.55000000000004,269.7922456110586,False,False,False
hpmcounter4,drift,seed15,294,632.7843164871903,226.55000000000004,269.7922456110586,True,True,True
hpmcounter4,drift,seed16,0,0.0,226.55000000000004,269.7922456110586,False,False,False
hpmcounter4,drift,seed17,265,277.55387270683707,226.55000000000004,269.7922456110586,True,True,True
hpmcounter4,drift,seed18,0,0.0,226.55000000000004,269.7922456110586,False,False,False
hpmcounter4,drift,seed19,4,5.850346324334881,226.55000000000004,269.7922456110586,False,False,False
hpmcounter4,drift,seed2,0,0.0,226.55000000000004,269.7922456110586,False,False,False
hpmcounter4,drift,seed20,94,154.33287734964594,226.55000000000004,269.7922456110586,False,False,False
hpmcounter4,drift,seed3,0,28.416609938446936,226.55000000000004,269.7922456110586,False,False,False
hpmcounter4,drift,seed4,0,0.39894691798678883,226.55000000000004,269.7922456110586,False,False,False
hpmcounter4,drift,seed5,277,354.36892760148464,226.55000000000004,269.7922456110586,True,True,True
hpmcounter4,drift,seed6,0,4.452386349126035,226.55000000000004,269.7922456110586,False,False,False
hpmcounter4,drift,seed7,28,43.51445821226269,226.55000000000004,269.7922456110586,False,False,False
hpmcounter4,drift,seed8,136,184.29143213517165,226.55000000000004,269.7922456110586,False,False,False
hpmcounter4,drift,seed9,0,13.53290375765325,226.55000000000004,269.7922456110586,False,False,False
hpmcounter4,jump,seed1,46,78.46926487634133,226.55000000000004,269.7922456110586,False,False,False
hpmcounter4,jump,seed10,132,298.36672592018334,226.55000000000004,269.7922456110586,False,True,True
hpmcounter4,jump,seed11,145,404.7946753708114,226.55000000000004,269.7922456110586,False,True,True
hpmcounter4,jump,seed12,176,536.9987625569404,226.55000000000004,269.7922456110586,False,True,True
hpmcounter4,jump,seed13,133,187.0036143737105,226.55000000000004,269.7922456110586,False,False,False
hpmcounter4,jump,seed14,138,367.74645285541595,226.55000000000004,269.7922456110586,False,True,True
hpmcounter4,jump,seed15,294,1070.2350218265906,226.55000000000004,269.7922456110586,True,True,True
hpmcounter4,jump,seed16,138,250.73132227972056,226.55000000000004,269.7922456110586,False,False,False
hpmcounter4,jump,seed17,278,507.36202083918437,226.55000000000004,269.7922456110586,True,True,True
hpmcounter4,jump,seed18,135,285.4194471412152,226.55000000000004,269.7922456110586,False,True,True
hpmcounter4,jump,seed19,142,215.88418621248502,226.55000000000004,269.7922456110586,False,False,False
hpmcounter4,jump,seed2,136,207.4137091295219,226.55000000000004,269.7922456110586,False,False,False
hpmcounter4,jump,seed20,194,436.0581231809179,226.55000000000004,269.7922456110586,False,True,True
hpmcounter4,jump,seed3,137,177.42472558017238,226.55000000000004,269.7922456110586,False,False,False
hpmcounter4,jump,seed4,135,324.10997718679516,226.55000000000004,269.7922456110586,False,True,True
hpmcounter4,jump,seed5,277,674.0429559631544,226.55000000000004,269.7922456110586,True,True,True
hpmcounter4,jump,seed6,143,317.8455283102527,226.55000000000004,269.7922456110586,False,True,True
hpmcounter4,jump,seed7,137,169.2704566864036,226.55000000000004,269.7922456110586,False,False,False
hpmcounter4,jump,seed8,147,413.363779923008,226.55000000000004,269.7922456110586,False,True,True
hpmcounter4,jump,seed9,136,278.9448755006494,226.55000000000004,269.7922456110586,False,True,True
hpmcounter5,drift,seed1,23,17.20785238597623,159.1000000000001,233.2409448071101,False,False,False
hpmcounter5,drift,seed10,1,0.7187394290110325,159.1000000000001,233.2409448071101,False,False,False
hpmcounter5,drift,seed11,142,258.84181634651014,159.1000000000001,233.2409448071101,False,True,True
hpmcounter5,drift,seed12,165,244.92521015159076,159.1000000000001,233.2409448071101,True,True,True
hpmcounter5,drift,seed13,0,0.043537529281901355,159.1000000000001,233.2409448071101,False,False,False
hpmcounter5,drift,seed14,85,77.31767208045,159.1000000000001,233.2409448071101,False,False,False
hpmcounter5,drift,seed15,294,568.8401889501894,159.1000000000001,233.2409448071101,True,True,True
hpmcounter5,drift,seed16,0,0.24609809920064074,159.1000000000001,233.2409448071101,False,False,False
hpmcounter5,drift,seed17,274,319.1180036503315,159.1000000000001,233.2409448071101,True,True,True
hpmcounter5,drift,seed18,0,0.0,159.1000000000001,233.2409448071101,False,False,False
hpmcounter5,drift,seed19,4,5.534650717901756,159.1000000000001,233.2409448071101,False,False,False
hpmcounter5,drift,seed2,1,0.7553791639001872,159.1000000000001,233.2409448071101,False,False,False
hpmcounter5,drift,seed20,102,161.3336689178949,159.1000000000001,233.2409448071101,False,False,False
hpmcounter5,drift,seed3,0,6.841102526176377,159.1000000000001,233.2409448071101,False,False,False
hpmcounter5,drift,seed4,1,1.5725443770647045,159.1000000000001,233.2409448071101,False,False,False
hpmcounter5,drift,seed5,273,274.92085962684007,159.1000000000001,233.2409448071101,True,True,True
hpmcounter5,drift,seed6,2,45.87671501899566,159.1000000000001,233.2409448071101,False,False,False
hpmcounter5,drift,seed7,5,20.942656495450365,159.1000000000001,233.2409448071101,False,False,False
hpmcounter5,drift,seed8,146,231.42599429663224,159.1000000000001,233.2409448071101,False,False,False
hpmcounter5,drift,seed9,5,33.07297636392523,159.1000000000001,233.2409448071101,False,False,False
hpmcounter5,jump,seed1,130,112.637770875895,159.1000000000001,233.2409448071101,False,False,False
hpmcounter5,jump,seed10,133,297.6505983631078,159.1000000000001,233.2409448071101,False,True,True
hpmcounter5,jump,seed11,157,453.903445390726,159.1000000000001,233.2409448071101,False,True,True
hpmcounter5,jump,seed12,173,504.4856955220852,159.1000000000001,233.2409448071101,True,True,True
hpmcounter5,jump,seed13,133,196.88277665228858,159.1000000000001,233.2409448071101,False,False,False
hpmcounter5,jump,seed14,140,404.27242648703907,159.1000000000001,233.2409448071101,False,True,True
hpmcounter5,jump,seed15,295,992.9655156217166,159.1000000000001,233.2409448071101,True,True,True
hpmcounter5,jump,seed16,139,243.02991163027582,159.1000000000001,233.2409448071101,False,True,True
hpmcounter5,jump,seed17,281,532.4157028412507,159.1000000000001,233.2409448071101,True,True,True
hpmcounter5,jump,seed18,136,280.8967373785763,159.1000000000001,233.2409448071101,False,True,True
hpmcounter5,jump,seed19,142,167.5604528476687,159.1000000000001,233.2409448071101,False,False,False
hpmcounter5,jump,seed2,136,206.07784863683196,159.1000000000001,233.2409448071101,False,False,False
hpmcounter5,jump,seed20,189,436.72402361871383,159.1000000000001,233.2409448071101,True,True,True
hpmcounter5,jump,seed3,137,173.70021902894223,159.1000000000001,233.2409448071101,False,False,False
hpmcounter5,jump,seed4,137,329.7974270789923,159.1000000000001,233.2409448071101,False,True,True
hpmcounter5,jump,seed5,273,609.5342917838892,159.1000000000001,233.2409448071101,True,True,True
hpmcounter5,jump,seed6,147,354.00354365207374,159.1000000000001,233.2409448071101,False,True,True
hpmcounter5,jump,seed7,137,163.8737394758531,159.1000000000001,233.2409448071101,False,False,False
hpmcounter5,jump,seed8,155,442.99388053215404,159.1000000000001,233.2409448071101,False,True,True
hpmcounter5,jump,seed9,137,289.2835409887141,159.1000000000001,233.2409448071101,False,True,True
hpmcounter6,drift,seed1,0,0.0,299.0,433.89124917144244,False,False,False
hpmcounter6,drift,seed10,0,0.0,299.0,433.89124917144244,False,False,False
hpmcounter6,drift,seed11,299,497.5034944182154,299.0,433.89124917144244,False,True,True
hpmcounter6,drift,seed12,299,212.9223972616018,299.0,433.89124917144244,False,False,False
hpmcounter6,drift,seed13,0,0.0,299.0,433.89124917144244,False,False,False
hpmcounter6,drift,seed14,299,229.6624618002282,299.0,433.89124917144244,False,False,False
hpmcounter6,drift,seed15,0,0.0,299.0,433.89124917144244,False,False,False
hpmcounter6,drift,seed16,0,0.0,299.0,433.89124917144244,False,False,False
hpmcounter6,drift,seed17,299,330.1028490319722,299.0,433.89124917144244,False,False,False
hpmcounter6,drift,seed18,0,0.0,299.0,433.89124917144244,False,False,False
hpmcounter6,drift,seed19,0,0.0,299.0,433.89124917144244,False,False,False
hpmcounter6,drift,seed2,299,296.6227199547221,299.0,433.89124917144244,False,False,False
hpmcounter6,drift,seed20,0,0.0,299.0,433.89124917144244,False,False,False
hpmcounter6,drift,seed3,0,0.0,299.0,433.89124917144244,False,False,False
hpmcounter6,drift,seed4,0,0.0,299.0,433.89124917144244,False,False,False
hpmcounter6,drift,seed5,0,0.0,299.0,433.89124917144244,False,False,False
hpmcounter6,drift,seed6,0,0.0,299.0,433.89124917144244,False,False,False
hpmcounter6,drift,seed7,0,0.0,299.0,433.89124917144244,False,False,False
hpmcounter6,drift,seed8,0,0.0,299.0,433.89124917144244,False,False,False
hpmcounter6,drift,seed9,0,0.0,299.0,433.89124917144244,False,False,False
hpmcounter6,jump,seed1,0,0.0,299.0,433.89124917144244,False,False,False
hpmcounter6,jump,seed10,0,0.0,299.0,433.89124917144244,False,False,False
hpmcounter6,jump,seed11,0,62.261816413984576,299.0,433.89124917144244,False,False,False
hpmcounter6,jump,seed12,0,0.0,299.0,433.89124917144244,False,False,False
hpmcounter6,jump,seed13,0,0.0,299.0,433.89124917144244,False,False,False
hpmcounter6,jump,seed14,0,0.0,299.0,433.89124917144244,False,False,False
hpmcounter6,jump,seed15,299,413.80317172509325,299.0,433.89124917144244,False,False,False
hpmcounter6,jump,seed16,299,564.4637525727119,299.0,433.89124917144244,False,True,True
hpmcounter6,jump,seed17,299,179.44226818435305,299.0,433.89124917144244,False,False,False
hpmcounter6,jump,seed18,299,296.6227199547221,299.0,433.89124917144244,False,False,False
hpmcounter6,jump,seed19,299,664.9041398044506,299.0,433.89124917144244,False,True,True
hpmcounter6,jump,seed2,0,0.0,299.0,433.89124917144244,False,False,False
hpmcounter6,jump,seed20,0,0.0,299.0,433.89124917144244,False,False,False
hpmcounter6,jump,seed3,0,0.0,299.0,433.89124917144244,False,False,False
hpmcounter6,jump,seed4,0,0.0,299.0,433.89124917144244,False,False,False
hpmcounter6,jump,seed5,0,112.4820100298579,299.0,433.89124917144244,False,False,False
hpmcounter6,jump,seed6,0,0.0,299.0,433.89124917144244,False,False,False
hpmcounter6,jump,seed7,0,0.0,299.0,433.89124917144244,False,False,False
hpmcounter6,jump,seed8,0,0.0,299.0,433.89124917144244,False,False,False
hpmcounter6,jump,seed9,0,0.0,299.0,433.89124917144244,False,False,False
hpmcounter7,drift,seed1,0,0.0,0.0,0.0,False,False,False
hpmcounter7,drift,seed10,0,0.0,0.0,0.0,False,False,False
hpmcounter7,drift,seed11,0,0.0,0.0,0.0,False,False,False
hpmcounter7,drift,seed12,0,0.0,0.0,0.0,False,False,False
hpmcounter7,drift,seed13,0,0.0,0.0,0.0,False,False,False
hpmcounter7,drift,seed14,0,0.0,0.0,0.0,False,False,False
hpmcounter7,drift,seed15,0,0.0,0.0,0.0,False,False,False
hpmcounter7,drift,seed16,0,0.0,0.0,0.0,False,False,False
hpmcounter7,drift,seed17,0,0.0,0.0,0.0,False,False,False
hpmcounter7,drift,seed18,0,0.0,0.0,0.0,False,False,False
hpmcounter7,drift,seed19,0,0.0,0.0,0.0,False,False,False
hpmcounter7,drift,seed2,0,0.0,0.0,0.0,False,False,False
hpmcounter7,drift,seed20,0,0.0,0.0,0.0,False,False,False
hpmcounter7,drift,seed3,0,0.0,0.0,0.0,False,False,False
hpmcounter7,drift,seed4,0,0.0,0.0,0.0,False,False,False
hpmcounter7,drift,seed5,0,0.0,0.0,0.0,False,False,False
hpmcounter7,drift,seed6,0,0.0,0.0,0.0,False,False,False
hpmcounter7,drift,seed7,0,0.0,0.0,0.0,False,False,False
hpmcounter7,drift,seed8,0,0.0,0.0,0.0,False,False,False
hpmcounter7,drift,seed9,0,0.0,0.0,0.0,False,False,False
hpmcounter7,jump,seed1,0,0.0,0.0,0.0,False,False,False
hpmcounter7,jump,seed10,0,0.0,0.0,0.0,False,False,False
hpmcounter7,jump,seed11,0,0.0,0.0,0.0,False,False,False
hpmcounter7,jump,seed12,0,0.0,0.0,0.0,False,False,False
hpmcounter7,jump,seed13,0,0.0,0.0,0.0,False,False,False
hpmcounter7,jump,seed14,0,0.0,0.0,0.0,False,False,False
hpmcounter7,jump,seed15,0,0.0,0.0,0.0,False,False,False
hpmcounter7,jump,seed16,0,0.0,0.0,0.0,False,False,False
hpmcounter7,jump,seed17,0,0.0,0.0,0.0,False,False,False
hpmcounter7,jump,seed18,0,0.0,0.0,0.0,False,False,False
hpmcounter7,jump,seed19,0,0.0,0.0,0.0,False,False,False
hpmcounter7,jump,seed2,0,0.0,0.0,0.0,False,False,False
hpmcounter7,jump,seed20,0,0.0,0.0,0.0,False,False,False
hpmcounter7,jump,seed3,0,0.0,0.0,0.0,False,False,False
hpmcounter7,jump,seed4,0,0.0,0.0,0.0,False,False,False
hpmcounter7,jump,seed5,0,0.0,0.0,0.0,False,False,False
hpmcounter7,jump,seed6,0,0.0,0.0,0.0,False,False,False
hpmcounter7,jump,seed7,0,0.0,0.0,0.0,False,False,False
hpmcounter7,jump,seed8,0,0.0,0.0,0.0,False,False,False
hpmcounter7,jump,seed9,0,0.0,0.0,0.0,False,False,False
hpmcounter8,drift,seed1,28,18.21728264732972,169.5500000000001,221.1392845600629,False,False,False
hpmcounter8,drift,seed10,0,0.0,169.5500000000001,221.1392845600629,False,False,False
hpmcounter8,drift,seed11,162,277.49296674022816,169.5500000000001,221.1392845600629,False,True,True
hpmcounter8,drift,seed12,214,308.5282996980619,169.5500000000001,221.1392845600629,True,True,True
hpmcounter8,drift,seed13,0,0.0,169.5500000000001,221.1392845600629,False,False,False
hpmcounter8,drift,seed14,89,76.4978144324574,169.5500000000001,221.1392845600629,False,False,False
hpmcounter8,drift,seed15,294,623.5284867033567,169.5500000000001,221.1392845600629,True,True,True
hpmcounter8,drift,seed16,0,0.0,169.5500000000001,221.1392845600629,False,False,False
hpmcounter8,drift,seed17,267,303.49748075440806,169.5500000000001,221.1392845600629,True,True,True
hpmcounter8,drift,seed18,0,0.0,169.5500000000001,221.1392845600629,False,False,False
hpmcounter8,drift,seed19,3,5.131030700202423,169.5500000000001,221.1392845600629,False,False,False
hpmcounter8,drift,seed2,0,0.00791279075436535,169.5500000000001,221.1392845600629,False,False,False
hpmcounter8,drift,seed20,72,73.99839741734432,169.5500000000001,221.1392845600629,False,False,False
hpmcounter8,drift,seed3,14,35.345224150812776,169.5500000000001,221.1392845600629,False,False,False
hpmcounter8,drift,seed4,1,1.9280820441516549,169.5500000000001,221.1392845600629,False,False,False
hpmcounter8,drift,seed5,273,307.5343680078445,169.5500000000001,221.1392845600629,True,True,True
hpmcounter8,drift,seed6,0,8.808070164542947,169.5500000000001,221.1392845600629,False,False,False
hpmcounter8,drift,seed7,33,50.75861924937031,169.5500000000001,221.1392845600629,False,False,False
hpmcounter8,drift,seed8,138,211.72167381575022,169.5500000000001,221.1392845600629,False,False,False
hpmcounter8,drift,seed9,0,22.41217321341619,169.5500000000001,221.1392845600629,False,False,False
hpmcounter8,jump,seed1,102,94.12713694004599,169.5500000000001,221.1392845600629,False,False,False
hpmcounter8,jump,seed10,132,316.72106207862464,169.5500000000001,221.1392845600629,False,True,True
hpmcounter8,jump,seed11,178,448.955008721281,169.5500000000001,221.1392845600629,True,True,True
hpmcounter8,jump,seed12,223,582.3884042889332,169.5500000000001,221.1392845600629,True,True,True
hpmcounter8,jump,seed13,134,207.81774935098406,169.5500000000001,221.1392845600629,False,False,False
hpmcounter8,jump,seed14,139,396.8720502713415,169.5500000000001,221.1392845600629,False,True,True
hpmcounter8,jump,seed15,294,1075.210850425653,169.5500000000001,221.1392845600629,True,True,True
hpmcounter8,jump,seed16,141,270.8766542963611,169.5500000000001,221.1392845600629,False,True,True
hpmcounter8,jump,seed17,280,541.4849961081715,169.5500000000001,221.1392845600629,True,True,True
hpmcounter8,jump,seed18,136,303.49934692608525,169.5500000000001,221.1392845600629,False,True,True
hpmcounter8,jump,seed19,141,205.3004531202166,169.5500000000001,221.1392845600629,False,False,False
hpmcounter8,jump,seed2,137,225.03988209482586,169.5500000000001,221.1392845600629,False,True,True
hpmcounter8,jump,seed20,172,366.61715758639707,169.5500000000001,221.1392845600629,True,True,True
hpmcounter8,jump,seed3,138,193.04231343032907,169.5500000000001,221.1392845600629,False,False,False
hpmcounter8,jump,seed4,137,349.8054488790292,169.5500000000001,221.1392845600629,False,True,True
hpmcounter8,jump,seed5,274,642.935272669217,169.5500000000001,221.1392845600629,True,True,True
hpmcounter8,jump,seed6,143,332.9747422692181,169.5500000000001,221.1392845600629,False,True,True
hpmcounter8,jump,seed7,138,181.52165803490595,169.5500000000001,221.1392845600629,False,False,False
hpmcounter8,jump,seed8,149,446.7768381250149,169.5500000000001,221.1392845600629,False,True,True
hpmcounter8,jump,seed9,137,303.4619755937957,169.5500000000001,221.1392845600629,False,True,True
hpmcounter9,drift,seed1,241,251.92669812882156,144.3000000000001,195.5820815092497,True,True,True
hpmcounter9,drift,seed10,0,0.0,144.3000000000001,195.5820815092497,False,False,False
hpmcounter9,drift,seed11,12,10.93187152947021,144.3000000000001,195.5820815092497,False,False,False
hpmcounter9,drift,seed12,0,2.6178049376823846,144.3000000000001,195.5820815092497,False,False,False
hpmcounter9,drift,seed13,101,105.02035130212664,144.3000000000001,195.5820815092497,False,False,False
hpmcounter9,drift,seed14,66,59.321403911364335,144.3000000000001,195.5820815092497,False,False,False
hpmcounter9,drift,seed15,0,0.0,144.3000000000001,195.5820815092497,False,False,False
hpmcounter9,drift,seed16,128,135.74418349261214,144.3000000000001,195.5820815092497,False,False,False
hpmcounter9,drift,seed17,0,2.6178049376823846,144.3000000000001,195.5820815092497,False,False,False
hpmcounter9,drift,seed18,165,164.37289054559193,144.3000000000001,195.5820815092497,True,False,True
hpmcounter9,drift,seed19,0,0.0,144.3000000000001,195.5820815092497,False,False,False
hpmcounter9,drift,seed2,36,37.68515854385063,144.3000000000001,195.5820815092497,False,False,False
hpmcounter9,drift,seed20,50,51.01388737177944,144.3000000000001,195.5820815092497,False,False,False
hpmcounter9,drift,seed3,16,20.271458541917546,144.3000000000001,195.5820815092497,False,False,False
hpmcounter9,drift,seed4,0,0.0,144.3000000000001,195.5820815092497,False,False,False
hpmcounter9,drift,seed5,0,0.0,144.3000000000001,195.5820815092497,False,False,False
hpmcounter9,drift,seed6,185,177.35731423666928,144.3000000000001,195.5820815092497,True,False,True
hpmcounter9,drift,seed7,37,58.281035118776614,144.3000000000001,195.5820815092497,False,False,False
hpmcounter9,drift,seed8,0,0.0,144.3000000000001,195.5820815092497,False,False,False
hpmcounter9,drift,seed9,0,0.0,144.3000000000001,195.5820815092497,False,False,False
hpmcounter9,jump,seed1,0,0.0,144.3000000000001,195.5820815092497,False,False,False
hpmcounter9,jump,seed10,49,78.73089664300467,144.3000000000001,195.5820815092497,False,False,False
hpmcounter9,jump,seed11,12,10.93187152947021,144.3000000000001,195.5820815092497,False,False,False
hpmcounter9,jump,seed12,0,0.0,144.3000000000001,195.5820815092497,False,False,False
hpmcounter9,jump,seed13,192,308.7189059086166,144.3000000000001,195.5820815092497,True,True,True
hpmcounter9,jump,seed14,221,304.5502269673822,144.3000000000001,195.5820815092497,True,True,True
hpmcounter9,jump,seed15,0,2.6178049376823846,144.3000000000001,195.5820815092497,False,False,False
hpmcounter9,jump,seed16,75,158.625534364606,144.3000000000001,195.5820815092497,False,False,False
hpmcounter9,jump,seed17,27,26.92239139976364,144.3000000000001,195.5820815092497,False,False,False
hpmcounter9,jump,seed18,233,399.0418760529901,144.3000000000001,195.5820815092497,True,True,True
hpmcounter9,jump,seed19,62,74.37075405631751,144.3000000000001,195.5820815092497,False,False,False
hpmcounter9,jump,seed2,29,27.329963735978108,144.3000000000001,195.5820815092497,False,False,False
hpmcounter9,jump,seed20,0,0.0,144.3000000000001,195.5820815092497,False,False,False
hpmcounter9,jump,seed3,0,0.0,144.3000000000001,195.5820815092497,False,False,False
hpmcounter9,jump,seed4,279,928.0672060831643,144.3000000000001,195.5820815092497,True,True,True
hpmcounter9,jump,seed5,0,6.634208018951266,144.3000000000001,195.5820815092497,False,False,False
hpmcounter9,jump,seed6,0,0.031193978589169058,144.3000000000001,195.5820815092497,False,False,False
hpmcounter9,jump,seed7,60,64.9095830873868,144.3000000000001,195.5820815092497,False,False,False
hpmcounter9,jump,seed8,0,0.0,144.3000000000001,195.5820815092497,False,False,False
hpmcounter9,jump,seed9,12,22.299773891739562,144.3000000000001,195.5820815092497,False,False,False
