counter,window_end_iter,mu_V,sigma_V
hpmcounter3,69,0.1979365365868645,0.2057084507544015
hpmcounter3,70,0.18019022056546252,0.1974549177080308
hpmcounter3,71,0.16081595042437366,0.19480855778692238
hpmcounter3,72,0.15237520075942063,0.18478590136196713
hpmcounter3,73,0.14294836129213703,0.17624729486925028
hpmcounter3,74,0.13684372310518708,0.16854920617108182
hpmcounter3,75,0.13191296918612266,0.1610267876246143
hpmcounter3,76,0.12741351053609606,0.15381181806268485
hpmcounter3,77,0.12433162922778214,0.149257717623571
hpmcounter3,78,0.12193956459891471,0.14635721598742057
hpmcounter3,79,0.11967858999857761,0.14371389647125543
hpmcounter3,80,0.11714803282565611,0.14139156561473099
hpmcounter3,81,0.1153809644366085,0.14018148154320337
hpmcounter3,82,0.1141356335867659,0.1394688975610137
hpmcounter3,83,0.11322401810425833,0.13889388692453597
hpmcounter3,84,0.11242501460952195,0.13833206417137503
hpmcounter3,85,0.11169443192760235,0.1375566029011799
hpmcounter3,86,0.1109986833202965,0.13675572519830836
hpmcounter3,87,0.11028167051299324,0.13580866440803735
hpmcounter3,88,0.10947405932460552,0.13463701193693214
hpmcounter3,89,0.10847846038954626,0.13308486900187952
hpmcounter3,90,0.10721006451360252,0.13101399587478973
hpmcounter3,91,0.10567440887358522,0.1285602121043982
hpmcounter3,92,0.10382695019655974,0.1257088229080535
hpmcounter3,93,0.10173716368168861,0.12264975391225616
hpmcounter3,94,0.09942418410965649,0.11947604993537295
hpmcounter3,95,0.0967719833925885,0.11619917542160757
hpmcounter3,96,0.09387812627528733,0.11286434924083052
hpmcounter3,97,0.09073496849912784,0.10951056511044514
hpmcounter3,98,0.08751295813735485,0.1060451013070388
hpmcounter3,99,0.08413550702437907,0.10259948115602145
hpmcounter3,100,0.0810016008823779,0.09918714400007615
hpmcounter3,101,0.07807795518938217,0.09561335427757997
hpmcounter3,102,0.07482207313680779,0.09214267757484823
hpmcounter3,103,0.07215659062765295,0.0894533848745686
hpmcounter3,104,0.06967869913632453,0.08714362030388707
hpmcounter3,105,0.06763320840676075,0.08513056787726153
hpmcounter3,106,0.06592573507132354,0.08326904265534368
hpmcounter3,107,0.06415211700724821,0.08138907918351795
hpmcounter3,108,0.06222350639862284,0.07942795121103137
hpmcounter3,109,0.06013663722329129,0.07740420337201145
hpmcounter3,110,0.05821701604359207,0.07526516583679765
hpmcounter3,111,0.056415957283252605,0.07293751281140208
hpmcounter3,112,0.05471522009246058,0.07048452613381498
hpmcounter3,113,0.05288128264290091,0.06784703979049245
hpmcounter3,114,0.050911068404085755,0.06502700241352868
hpmcounter3,115,0.048951560377428205,0.061976938263508384
hpmcounter3,116,0.047001473180231006,0.05867154729501508
hpmcounter3,117,0.04499196225992416,0.05507968892610705
hpmcounter3,118,0.042784644805947,0.05122968698118061
hpmcounter3,119,0.040330433576306404,0.04708031773205271
hpmcounter3,120,0.03772099052340585,0.04274170574560961
hpmcounter3,121,0.0349590252627704,0.03821067397908928
hpmcounter3,122,0.031992115392712114,0.03352900103849208
hpmcounter3,123,0.02883791955082996,0.028734419778173106
hpmcounter3,124,0.025510411917569826,0.02416408871676281
hpmcounter3,125,0.022341726713231234,0.020940861453158755
hpmcounter3,126,0.019788290150778577,0.018852278204717663
hpmcounter3,127,0.017745105822379592,0.017508293407702113
hpmcounter3,128,0.015923671522714976,0.016572940585956524
hpmcounter3,129,0.014527476988644154,0.015925823975623164
hpmcounter3,130,0.013354796263103397,0.015395419737348077
hpmcounter3,131,0.012491939918035561,0.014801368668667738
hpmcounter3,132,0.011794689263900617,0.01410218625827788
hpmcounter3,133,0.01120757286555773,0.0133841616400854
hpmcounter3,134,0.010596622781879743,0.01274133764759158
hpmcounter3,135,0.010026791045258223,0.01218685455748966
hpmcounter3,136,0.009440858679828303,0.011753938207479019
hpmcounter3,137,0.008993031505963704,0.011345617592200295
hpmcounter3,138,0.008620229097060207,0.010902429820502895
hpmcounter3,139,0.008372637308318918,0.010401079662443045
hpmcounter3,140,0.008198201415603401,0.009848984012545279
hpmcounter3,141,0.008108791543488168,0.00934165651312869
hpmcounter3,142,0.008129560090065992,0.008966183378986263
hpmcounter3,143,0.008351174935151936,0.008937109449545557
hpmcounter3,144,0.00880381861933747,0.009519070824463878
hpmcounter3,145,0.009503154266854396,0.010897175486904224
hpmcounter3,146,0.010339626036687699,0.012491558173540201
hpmcounter3,147,0.011335196616730655,0.014165223584800586
hpmcounter3,148,0.01257832260907504,0.015822370774248203
hpmcounter3,149,0.013957108380223817,0.01749093125444206
hpmcounter3,150,0.015394397016622364,0.019236708480043274
hpmcounter3,151,0.016837534027372085,0.02102245606519701
hpmcounter3,152,0.01826925583259104,0.022787425993496094
hpmcounter3,153,0.01967400396937629,0.02449831709059798
hpmcounter3,154,0.02107695984546419,0.026125631403250645
hpmcounter3,155,0.02241626042661879,0.02772574194281133
hpmcounter3,156,0.023741537474178502,0.029205781951316016
hpmcounter3,157,0.025063925983658357,0.03053992125937976
hpmcounter3,158,0.026336548941411,0.03161933828327591
hpmcounter3,159,0.02759793063935026,0.03260150968439776
hpmcounter3,160,0.028871610161225896,0.03346877637607509
hpmcounter3,161,0.030169561551990097,0.03424676416492723
hpmcounter3,162,0.03141273216915223,0.035005359220528304
hpmcounter3,163,0.032626804230243375,0.03571426596595309
hpmcounter3,164,0.033771887903296154,0.0363896341210467
hpmcounter3,165,0.0349011921362081,0.03702611597110896
hpmcounter3,166,0.03610000038110943,0.03769229813908116
hpmcounter3,167,0.03731480210731596,0.038293384521626485
hpmcounter3,168,0.03847723146226244,0.03885873346976697
hpmcounter3,169,0.039557437027690975,0.03938812506921964
hpmcounter3,170,0.040555854112239755,0.03987903935889651
hpmcounter3,171,0.041522370668505816,0.0403086699525154
hpmcounter3,172,0.04248180841575357,0.040696463354638245
hpmcounter3,173,0.043526018639604515,0.04093638093585457
hpmcounter3,174,0.04456423965891891,0.04101521769063744
hpmcounter3,175,0.04559520769473228,0.04098235142706996
hpmcounter3,176,0.04652026475695218,0.04091152318324694
hpmcounter3,177,0.047339555668571176,0.040800593045238774
hpmcounter3,178,0.048053181782714796,0.04064779169426722
hpmcounter3,179,0.04866176966326062,0.040451657810117024
hpmcounter3,180,0.049165711795605874,0.04021130502975312
hpmcounter3,181,0.049564643096373054,0.039925404031772554
hpmcounter3,182,0.049858814805482425,0.039593767978380615
hpmcounter3,183,0.05004841425126013,0.03921614267910776
hpmcounter3,184,0.05017582648303476,0.03874225679696874
hpmcounter3,185,0.050265843211342656,0.03815618393999342
hpmcounter3,186,0.050410362025863784,0.03741764325188752
hpmcounter3,187,0.050661124392010794,0.036566879185645544
hpmcounter3,188,0.05089867392528337,0.03566370714653339
hpmcounter3,189,0.05111822234603676,0.03463103041805134
hpmcounter3,190,0.051206595836617165,0.03373086717999421
hpmcounter3,191,0.05122181826259438,0.03297236130218732
hpmcounter3,192,0.05118524983535572,0.032367142584105016
hpmcounter3,193,0.0511301262827412,0.031917116606981454
hpmcounter3,194,0.05124070950162798,0.03190353674482388
hpmcounter3,195,0.05121653938985793,0.03202423093562069
hpmcounter3,196,0.05105775308797077,0.03226265764154987
hpmcounter3,197,0.050708343585930085,0.032551625388212116
hpmcounter3,198,0.0502222241676778,0.03293146683981538
hpmcounter3,199,0.0496444117937128,0.033354984871530824
hpmcounter3,200,0.04892631820149086,0.03384699805729184
hpmcounter3,201,0.048067563502289676,0.03440009407997115
hpmcounter3,202,0.04706102074672646,0.034908618465723136
hpmcounter3,203,0.045985848945034394,0.0356164677537119
hpmcounter3,204,0.04477185230763682,0.03640376415173349
hpmcounter3,205,0.043418135329733286,0.03726859892642936
hpmcounter3,206,0.04189342887206889,0.03818737258299849
hpmcounter3,207,0.04019196044254825,0.03911511157131104
hpmcounter3,208,0.03856673304295395,0.03991651623150409
hpmcounter3,209,0.03687508804187154,0.040633312305332486
hpmcounter3,210,0.035386140829094984,0.041211760123591325
hpmcounter3,211,0.03405357956349914,0.04163524950797062
hpmcounter3,212,0.03283373745012763,0.0419040557761198
hpmcounter3,213,0.03176106335402648,0.041931474327666654
hpmcounter3,214,0.03076849505691025,0.04173690408143136
hpmcounter3,215,0.029794134956965247,0.04134814300733317
hpmcounter3,216,0.028902643038316113,0.04075692002531828
hpmcounter3,217,0.028050784000800605,0.03998323041015386
hpmcounter3,218,0.027287635915370045,0.038988194945850846
hpmcounter3,219,0.026486102128066263,0.0378407177989492
hpmcounter3,220,0.025562892664654946,0.03656028574321994
hpmcounter3,221,0.02455653755475328,0.0351854010504529
hpmcounter3,222,0.0235388207578811,0.033642046950166614
hpmcounter3,223,0.022481446061884763,0.031910245009606326
hpmcounter3,224,0.021361682718966664,0.030006220159718346
hpmcounter3,225,0.02033721880451542,0.02836539139747421
hpmcounter3,226,0.019557742108848693,0.027249539549774198
hpmcounter3,227,0.019023472870273377,0.026558063483937973
hpmcounter3,228,0.018714727785988206,0.026190566858608932
hpmcounter3,229,0.01857434838792012,0.025937677822990113
hpmcounter3,230,0.018598999780347444,0.02586507209510734
hpmcounter3,231,0.018802390114645146,0.026060698521490976
hpmcounter3,232,0.019122772776495878,0.02670538022624903
hpmcounter3,233,0.019350295993642904,0.02770155836090458
hpmcounter3,234,0.01951458130114859,0.02898602537472525
hpmcounter3,235,0.01975060875625464,0.03039236769547626
hpmcounter3,236,0.019965599444256014,0.03188846178793458
hpmcounter3,237,0.020117872788992464,0.03347716888590925
hpmcounter3,238,0.020277854780883106,0.03509081459859528
hpmcounter3,239,0.020383241916420564,0.03674809920415825
hpmcounter3,240,0.020434734546660848,0.03842675878667265
hpmcounter3,241,0.020471802089820947,0.04007302664203094
hpmcounter3,242,0.020525176234765304,0.04164067875844952
hpmcounter3,243,0.020613994021234712,0.043117220336459275
hpmcounter3,244,0.020725702575639632,0.04451721777433188
hpmcounter3,245,0.020846356766018873,0.045866833394153476
hpmcounter3,246,0.02102804956743428,0.04716132080447607
hpmcounter3,247,0.021318572632825862,0.048386696950259704
hpmcounter3,248,0.021629094254424323,0.049565713607466796
hpmcounter3,249,0.02187900021786793,0.05074077384036554
hpmcounter3,250,0.02206855805139156,0.05190888276237659
hpmcounter3,251,0.02219809867171484,0.053067451622960005
hpmcounter3,252,0.02226763382265469,0.054214587462882775
hpmcounter3,253,0.02228547321827582,0.0553057302379607
hpmcounter3,254,0.02242023195052773,0.05627187304850607
hpmcounter3,255,0.022676041967726084,0.05707662589963824
hpmcounter3,256,0.02305143495213228,0.05771166879864664
hpmcounter3,257,0.02342748766889113,0.05826259198088607
hpmcounter3,258,0.023776304231146052,0.058734862120067434
hpmcounter3,259,0.024062304291587407,0.059130421679228426
hpmcounter3,260,0.024405295955832993,0.059422371244615406
hpmcounter3,261,0.024925792608218807,0.05956962468042216
hpmcounter3,262,0.025443936427467662,0.05965068397694533
hpmcounter3,263,0.025911369418282697,0.059623513505628584
hpmcounter3,264,0.026372700312385013,0.059450930298166574
hpmcounter3,265,0.026850232052704353,0.059195041310117054
hpmcounter3,266,0.027456681272997142,0.058887316695339004
hpmcounter3,267,0.028215386738929194,0.058537836027010515
hpmcounter3,268,0.029189474097696972,0.05817864261593018
hpmcounter3,269,0.030260049529361028,0.05788043270931501
hpmcounter3,270,0.03147778785400759,0.05770568521931073
hpmcounter3,271,0.032846380326453165,0.0576989607375122
hpmcounter3,272,0.034382562797445476,0.05797430098408035
hpmcounter3,273,0.03607577988720851,0.058697765711408396
hpmcounter3,274,0.03763357092090932,0.05958515437025473
hpmcounter3,275,0.039087597802356475,0.06067863708417122
hpmcounter3,276,0.04045491341373345,0.061944194399074774
hpmcounter3,277,0.04177246236310518,0.06330030847609852
hpmcounter3,278,0.04298778921699439,0.06467930628944614
hpmcounter3,279,0.044142607132425155,0.06606505979771717
hpmcounter3,280,0.045169230582465504,0.06720722924055879
hpmcounter3,281,0.04605498243940172,0.0681909037668305
hpmcounter3,282,0.04680093081032837,0.06901773676455032
hpmcounter3,283,0.04740756148080548,0.06969066491292554
hpmcounter3,284,0.047875206023651785,0.07021478146941468
hpmcounter3,285,0.04824289469491423,0.07051110747127194
hpmcounter3,286,0.048471224470465264,0.07067760386604961
hpmcounter3,287,0.04855986267232889,0.07072376436257823
hpmcounter3,288,0.0485081544743644,0.07066159618672671
hpmcounter3,289,0.04831486555727242,0.07050441320940266
hpmcounter3,290,0.04797878198987406,0.07026917951606329
hpmcounter3,291,0.04749848663743073,0.06997625291837324
hpmcounter3,292,0.04686549861407701,0.06960487570146416
hpmcounter3,293,0.04617211008003842,0.06917942013567106
hpmcounter3,294,0.04560123327007193,0.06876247814000723
hpmcounter3,295,0.04517035676778967,0.06828966185556282
hpmcounter3,296,0.044886367104383595,0.0677016842545168
hpmcounter3,297,0.04475103940214663,0.06697064671428214
hpmcounter3,298,0.044648627345146255,0.06612984326513806
hpmcounter4,69,0.17076978529699183,0.20108571021696023
hpmcounter4,70,0.1648696164952931,0.19658192946659825
hpmcounter4,71,0.15849763027827393,0.19228716248296376
hpmcounter4,72,0.1501529113492094,0.1823168655220954
hpmcounter4,73,0.14079768426738165,0.173829256991401
hpmcounter4,74,0.134750695167922,0.16624690103696646
hpmcounter4,75,0.12988006987373232,0.1588594736170244
hpmcounter4,76,0.1254486052671556,0.15176845290825292
hpmcounter4,77,0.12241581255399873,0.14727563920165415
hpmcounter4,78,0.12006399630544862,0.14439602610509808
hpmcounter4,79,0.11784427162726199,0.14176317701806396
hpmcounter4,80,0.11535896256464195,0.13943765799420635
hpmcounter4,81,0.11361302655144152,0.1382029275802078
hpmcounter4,82,0.11237822373700213,0.13747071246640305
hpmcounter4,83,0.11147542444770567,0.13688661663631202
hpmcounter4,84,0.11068915203367516,0.13632488810720086
hpmcounter4,85,0.10997274331119422,0.13555819776344483
hpmcounter4,86,0.10929052655091251,0.13476886186246115
hpmcounter4,87,0.10858752563693785,0.13383993550307122
hpmcounter4,88,0.10779494847311917,0.13269434687971327
hpmcounter4,89,0.10681679429020648,0.1311767891965246
hpmcounter4,90,0.10556813684575397,0.12914795069317248
hpmcounter4,91,0.10405552966661646,0.12674113048598046
hpmcounter4,92,0.1022340946768304,0.1239403575814892
hpmcounter4,93,0.10017408126255652,0.12093478898687636
hpmcounter4,94,0.09789491168574477,0.11781694969678945
hpmcounter4,95,0.09528259554152185,0.11459537669018793
hpmcounter4,96,0.0924327347067055,0.11131546882962498
hpmcounter4,97,0.08933847598284086,0.10801526766429712
hpmcounter4,98,0.0861672510036732,0.10460225812213082
hpmcounter4,99,0.08284413686371717,0.10120447561366207
hpmcounter4,100,0.07975999352554058,0.09783491266662014
hpmcounter4,101,0.07688468842313592,0.09430231771751085
hpmcounter4,102,0.07368677288734328,0.09086412269853812
hpmcounter4,103,0.07106863008446504,0.08819926947308705
hpmcounter4,104,0.06863360564215018,0.08591285891202222
hpmcounter4,105,0.06662244091392547,0.08392461936985202
hpmcounter4,106,0.06494225956878152,0.08208864183436007
hpmcounter4,107,0.06319560621014282,0.08023513093954202
hpmcounter4,108,0.06129577013871702,0.0783021433255768
hpmcounter4,109,0.05923988743725459,0.07630935716793685
hpmcounter4,110,0.057349032749408835,0.07420292524285976
hpmcounter4,111,0.05557567279308848,0.07190970000945252
hpmcounter4,112,0.05390379936521794,0.06949062769043038
hpmcounter4,113,0.0521007239680157,0.06688882024318339
hpmcounter4,114,0.05016381770310013,0.06410792780086083
hpmcounter4,115,0.04823771789035089,0.06109879063403811
hpmcounter4,116,0.04631880357032566,0.057837768076250975
hpmcounter4,117,0.04434002680335207,0.054293739213358755
hpmcounter4,118,0.042166236077881905,0.05049583713362124
hpmcounter4,119,0.03974947696596605,0.04640350618718588
hpmcounter4,120,0.03717981756072468,0.04212396425922741
hpmcounter4,121,0.03445976288294085,0.037656090206688364
hpmcounter4,122,0.03153745892106123,0.03304143357606006
hpmcounter4,123,0.028430545726676214,0.028318088276854177
hpmcounter4,124,0.025154324138676677,0.0238187897822789
hpmcounter4,125,0.02203436986432041,0.020645423216815242
hpmcounter4,126,0.019518949249077246,0.01859118299071501
hpmcounter4,127,0.017506412519896368,0.0172717277918201
hpmcounter4,128,0.015712855270275085,0.01635456460670666
hpmcounter4,129,0.014337112666586257,0.015722240754879605
hpmcounter4,130,0.013181378130597634,0.015205218553749872
hpmcounter4,131,0.012331420996024866,0.01462530692695866
hpmcounter4,132,0.011645204177708337,0.013940503732474506
hpmcounter4,133,0.01106713073895182,0.01323528245126312
hpmcounter4,134,0.010465124692320646,0.012602434859064881
hpmcounter4,135,0.009903626449744723,0.012054540944979788
hpmcounter4,136,0.009326072097084496,0.011624571844126741
hpmcounter4,137,0.008883945950205028,0.011216624159217701
hpmcounter4,138,0.008514938176482507,0.010773860412571988
hpmcounter4,139,0.008268247347136493,0.010274356889345337
hpmcounter4,140,0.008093418337884274,0.009724923068149241
hpmcounter4,141,0.00800238432568205,0.00921872635390804
hpmcounter4,142,0.008019563144423194,0.00884159317835821
hpmcounter4,143,0.008235339440795368,0.008805594902509947
hpmcounter4,144,0.008679254158832599,0.009374066346317437
hpmcounter4,145,0.009370001078623909,0.01074159091587187
hpmcounter4,146,0.010195855822796302,0.01232757879592628
hpmcounter4,147,0.011178634302234635,0.013992639021460031
hpmcounter4,148,0.012405996287070477,0.015642748994781235
hpmcounter4,149,0.013767701803858837,0.017304100137271343
hpmcounter4,150,0.015186799502640968,0.01904042656968317
hpmcounter4,151,0.01661188153619532,0.020815368417625275
hpmcounter4,152,0.018025811390567116,0.02256863675687935
hpmcounter4,153,0.019413359787788458,0.02426763088658651
hpmcounter4,154,0.02079934531613524,0.025883841094083416
hpmcounter4,155,0.022122066502844276,0.02747214739443358
hpmcounter4,156,0.0234314944970421,0.028941595670674128
hpmcounter4,157,0.024738411004663577,0.030265915745828636
hpmcounter4,158,0.025996665444441354,0.03133924760216067
hpmcounter4,159,0.027243461882484433,0.032316095181881145
hpmcounter4,160,0.028502221647492325,0.03317882547401154
hpmcounter4,161,0.0297847862949328,0.03395284982417719
hpmcounter4,162,0.031013211681244258,0.03470796521320018
hpmcounter4,163,0.03221250389701175,0.0354138774307317
hpmcounter4,164,0.03334349969440973,0.036086268446678435
hpmcounter4,165,0.03445813700055934,0.03671991533531711
hpmcounter4,166,0.03564177951560318,0.03738253777878601
hpmcounter4,167,0.036840767038163226,0.037980104390692035
hpmcounter4,168,0.03798773918097563,0.038542304835022606
hpmcounter4,169,0.03905325013383069,0.03906794764958392
hpmcounter4,170,0.04003770914264289,0.0395548315175913
hpmcounter4,171,0.04099031496649866,0.03998110762854469
hpmcounter4,172,0.04193533111036254,0.04036660993572736
hpmcounter4,173,0.04296354005156445,0.040607447201078374
hpmcounter4,174,0.043984971202858894,0.04069092406501468
hpmcounter4,175,0.044998869476775935,0.04066412462237605
hpmcounter4,176,0.04590819533337697,0.04059944997410263
hpmcounter4,177,0.046713317286064406,0.04049466030443293
hpmcounter4,178,0.047414549210815456,0.04034789689827314
hpmcounter4,179,0.04801215098744649,0.04015765787735155
hpmcounter4,180,0.048506329014107716,0.03992278094302597
hpmcounter4,181,0.048897236597879284,0.03964243331030035
hpmcounter4,182,0.04918497422359939,0.03931610913683905
hpmcounter4,183,0.04936958970233958,0.03894363491619313
hpmcounter4,184,0.04949297989707933,0.03847580234793717
hpmcounter4,185,0.04957958269778735,0.03789693852539253
hpmcounter4,186,0.04971960708209382,0.03716753938121812
hpmcounter4,187,0.04996420520304103,0.036326045789221224
hpmcounter4,188,0.05019655221268708,0.03543146842979854
hpmcounter4,189,0.05041217101774544,0.03440819710564021
hpmcounter4,190,0.050498513023087735,0.033514696238343494
hpmcounter4,191,0.05051234911439546,0.032758360652061135
hpmcounter4,192,0.050474978111119576,0.03215034048158191
hpmcounter4,193,0.05041926953910877,0.03169246296470709
hpmcounter4,194,0.05052987400485226,0.03166565708870832
hpmcounter4,195,0.050507057510889394,0.03177052063755719
hpmcounter4,196,0.05035126077987635,0.03199113478067093
hpmcounter4,197,0.050007211296380805,0.032259490322643816
hpmcounter4,198,0.04952782525701073,0.03261744286252578
hpmcounter4,199,0.04895772915091791,0.033019206474042814
hpmcounter4,200,0.04824892154931791,0.033489279215308046
hpmcounter4,201,0.04740126744519776,0.03402106530765957
hpmcounter4,202,0.04640711484884326,0.03450993809135707
hpmcounter4,203,0.04534527838635056,0.03519656095869598
hpmcounter4,204,0.044146021788970966,0.03596315045818466
hpmcounter4,205,0.042808785101479195,0.03680811410745476
hpmcounter4,206,0.041303209091688886,0.03770835643998089
hpmcounter4,207,0.03962381116923515,0.03861885109988454
hpmcounter4,208,0.0380217876794917,0.039404908201770596
hpmcounter4,209,0.03635475388184518,0.040108478377237876
hpmcounter4,210,0.03488810611224495,0.04067731860464274
hpmcounter4,211,0.033576666712050326,0.04109443010619204
hpmcounter4,212,0.03237749202219139,0.04135958993501871
hpmcounter4,213,0.031323783468737675,0.04138750121673806
hpmcounter4,214,0.030350123031292447,0.04119680574656639
hpmcounter4,215,0.029394099585661266,0.04081447569013817
hpmcounter4,216,0.02851958458156012,0.0402335454910548
hpmcounter4,217,0.02768448852256165,0.039473337830259476
hpmcounter4,218,0.02693651824195359,0.03849520993065062
hpmcounter4,219,0.026150694452108714,0.03736735400801768
hpmcounter4,220,0.025244341439894243,0.03610842088711621
hpmcounter4,221,0.024256189903599658,0.03475704240644742
hpmcounter4,222,0.0232565711480644,0.03324013273705504
hpmcounter4,223,0.02221752414579819,0.03153808037241584
hpmcounter4,224,0.021116454491117837,0.029666553441937242
hpmcounter4,225,0.02010898134164927,0.02805558537896107
hpmcounter4,226,0.01934259133998624,0.02696140028178406
hpmcounter4,227,0.018818101408761154,0.026285258335297528
hpmcounter4,228,0.01851583104069252,0.025928362819457866
hpmcounter4,229,0.01837994342834825,0.025683925982297157
hpmcounter4,230,0.01840724188965085,0.025617088758067195
hpmcounter4,231,0.01861138166457322,0.025815635239097617
hpmcounter4,232,0.018935023084538965,0.026463049260698597
hpmcounter4,233,0.019166830642849124,0.02746102320182575
hpmcounter4,234,0.019336104470209326,0.028746181525873694
hpmcounter4,235,0.019575653392747944,0.030153416954267032
hpmcounter4,236,0.019794508133069467,0.03165104898298647
hpmcounter4,237,0.019950844086272502,0.03324046819319584
hpmcounter4,238,0.020114494342041562,0.03485435230901213
hpmcounter4,239,0.020223966823379052,0.03651093490358543
hpmcounter4,240,0.020279889535014178,0.03818830526992188
hpmcounter4,241,0.020321419151467592,0.039833359204594306
hpmcounter4,242,0.020378875399754026,0.04140029266796114
hpmcounter4,243,0.02047006132982732,0.04287592428822241
hpmcounter4,244,0.020582927928416477,0.04427502190440938
hpmcounter4,245,0.02070386509383104,0.04562292688093173
hpmcounter4,246,0.02088487504457522,0.046915111108504035
hpmcounter4,247,0.021173035016110796,0.04813714955964901
hpmcounter4,248,0.02148123074593316,0.049312165139034345
hpmcounter4,249,0.021729531199389255,0.05048266958797994
hpmcounter4,250,0.0219182380523247,0.05164517598012306
hpmcounter4,251,0.022047609587132554,0.05279717628741258
hpmcounter4,252,0.022117861976548227,0.05393700327335317
hpmcounter4,253,0.022136649631136412,0.05501973794276282
hpmcounter4,254,0.022271444931526677,0.05597651502049628
hpmcounter4,255,0.022525760549150512,0.05677236460754023
hpmcounter4,256,0.022898349700785754,0.0573989428170703
hpmcounter4,257,0.023271526453007493,0.05794222295135606
hpmcounter4,258,0.02361742828188945,0.05840752455479757
hpmcounter4,259,0.02390091053152921,0.058796637848514036
hpmcounter4,260,0.024240990050848715,0.05908268494216316
hpmcounter4,261,0.024759096883680193,0.05922468680594655
hpmcounter4,262,0.025274279419944375,0.05930176051247035
hpmcounter4,263,0.025738837743817307,0.059272333062551044
hpmcounter4,264,0.026196828988113364,0.05909843823960675
hpmcounter4,265,0.02667043392733596,0.05884247094963577
hpmcounter4,266,0.027270796914611796,0.05853465448555551
hpmcounter4,267,0.028021388350377686,0.058184969225076356
hpmcounter4,268,0.028984573833323323,0.05782451869590674
hpmcounter4,269,0.030042577108511846,0.05752272966767915
hpmcounter4,270,0.03124601846768941,0.057341067263425465
hpmcounter4,271,0.03259859266772275,0.05732321201660405
hpmcounter4,272,0.034117080892675594,0.05758053422023098
hpmcounter4,273,0.03579273381036434,0.058276414888057175
hpmcounter4,274,0.037334407565138776,0.05913453668561871
hpmcounter4,275,0.03877369285764613,0.06019804117143032
hpmcounter4,276,0.04012752399411141,0.061434195967382664
hpmcounter4,277,0.04143287523192132,0.06276218404411497
hpmcounter4,278,0.04263727610905183,0.06411501819459889
hpmcounter4,279,0.04378172419948425,0.06547797850352657
hpmcounter4,280,0.044798646225085295,0.06660009368836159
hpmcounter4,281,0.045676119525650136,0.06756594344692736
hpmcounter4,282,0.04641494505280705,0.06837706056746409
hpmcounter4,283,0.04701567657651239,0.06903646225110507
hpmcounter4,284,0.04747862385769171,0.06954858986488525
hpmcounter4,285,0.04784213438963349,0.06983563696195556
hpmcounter4,286,0.04806748889236059,0.06999440322031768
hpmcounter4,287,0.048154234890876536,0.07003423419324059
hpmcounter4,288,0.04810166991686128,0.06996656536382428
hpmcounter4,289,0.047908832547649924,0.06980529081867852
hpmcounter4,290,0.04757449067839967,0.06956722090456058
hpmcounter4,291,0.047097126734459205,0.06927263140727664
hpmcounter4,292,0.04646813321106064,0.06890055594229594
hpmcounter4,293,0.045780070128166934,0.06847620611928515
hpmcounter4,294,0.04521218478268658,0.06806106349466254
hpmcounter4,295,0.04478293380131183,0.06759223384314424
hpmcounter4,296,0.04449944433006107,0.06701095602900918
hpmcounter4,297,0.0443631632652136,0.06628867477035952
hpmcounter4,298,0.04425970184789025,0.06545846119625483
hpmcounter5,69,0.21789852287742267,0.19942631973501335
hpmcounter5,70,0.19979860189873805,0.19898981522189815
hpmcounter5,71,0.18213136003560235,0.20470496779351663
hpmcounter5,72,0.1718709487502965,0.19599498065111262
hpmcounter5,73,0.1607941076471861,0.1861605400720813
hpmcounter5,74,0.15373809622690884,0.1778158053699914
hpmcounter5,75,0.14844534870034293,0.16992509346139265
hpmcounter5,76,0.1435734162424404,0.16208580591929833
hpmcounter5,77,0.14038433469509085,0.1578381036327998
hpmcounter5,78,0.13764760933814482,0.15504435840377237
hpmcounter5,79,0.13499429417844244,0.15244668395771022
hpmcounter5,80,0.13215704984753068,0.15042218776521174
hpmcounter5,81,0.1302685026700712,0.14957877994918628
hpmcounter5,82,0.128829337427448,0.14896419567336702
hpmcounter5,83,0.12772055359461815,0.1483292662221546
hpmcounter5,84,0.12675123690229811,0.14770239910077698
hpmcounter5,85,0.12591267439563447,0.14693579759978276
hpmcounter5,86,0.12520718366995204,0.14632347595106435
hpmcounter5,87,0.12465473549228323,0.14568827259162073
hpmcounter5,88,0.12388872052509073,0.144729123072371
hpmcounter5,89,0.1228489955553856,0.14329546049084335
hpmcounter5,90,0.12139668649070938,0.1414235817875067
hpmcounter5,91,0.11974516700272778,0.1392317145461743
hpmcounter5,92,0.11774648692103822,0.13669876259920383
hpmcounter5,93,0.11550457560710885,0.13395775035803145
hpmcounter5,94,0.11318437286652258,0.13128093870067373
hpmcounter5,95,0.11040840091492947,0.12842999722631154
hpmcounter5,96,0.10737149723599097,0.12539677609069871
hpmcounter5,97,0.10411841145032512,0.1222267362264523
hpmcounter5,98,0.10074814928816114,0.11893693325488376
hpmcounter5,99,0.09711393822658763,0.11566484238958365
hpmcounter5,100,0.09370216706722735,0.11252135802872416
hpmcounter5,101,0.09042411414302017,0.1091439563465286
hpmcounter5,102,0.08683373322890262,0.10589248704534449
hpmcounter5,103,0.08391239194048275,0.10322618881503615
hpmcounter5,104,0.08118222189399701,0.1008232147050633
hpmcounter5,105,0.07891789566810782,0.0986315078269757
hpmcounter5,106,0.07693050943218703,0.0964682628018977
hpmcounter5,107,0.07484551359881184,0.09426454860738015
hpmcounter5,108,0.07260705038620138,0.09201540373485764
hpmcounter5,109,0.07015410294778575,0.08965946817870235
hpmcounter5,110,0.06792036920918273,0.08711739484452732
hpmcounter5,111,0.06578958594537966,0.08426992315600454
hpmcounter5,112,0.06380812160060498,0.08132664776293055
hpmcounter5,113,0.061721675175233595,0.07815908666712842
hpmcounter5,114,0.0595173532672723,0.07483805033761397
hpmcounter5,115,0.05730239783237099,0.07130406692238138
hpmcounter5,116,0.05513459719082213,0.06753927191151601
hpmcounter5,117,0.052880241416906636,0.0634358822460126
hpmcounter5,118,0.050437824567601486,0.05901628561838307
hpmcounter5,119,0.04772321084480706,0.05434043139532627
hpmcounter5,120,0.04489029365232466,0.04937988641688045
hpmcounter5,121,0.04187619423323248,0.0442025151899062
hpmcounter5,122,0.03858061700391894,0.03881640774915025
hpmcounter5,123,0.03511989154676786,0.03331318181530037
hpmcounter5,124,0.031397237486077555,0.027854232745849968
hpmcounter5,125,0.027739871754135746,0.023759389964532043
hpmcounter5,126,0.024832014042710616,0.021053669313152053
hpmcounter5,127,0.02244926626181811,0.019300915142322763
hpmcounter5,128,0.020301033604640167,0.018132389072213314
hpmcounter5,129,0.018657343366870832,0.01738759101428774
hpmcounter5,130,0.01730891557961527,0.01676863972585086
hpmcounter5,131,0.01630541911076159,0.016115240459128797
hpmcounter5,132,0.015485803039923104,0.015357407119545126
hpmcounter5,133,0.014820170590134176,0.014608426913759062
hpmcounter5,134,0.014134655599095994,0.013979463504184391
hpmcounter5,135,0.013482324377475322,0.013463554476442256
hpmcounter5,136,0.012763987025157967,0.013097179905387269
hpmcounter5,137,0.012211524844567534,0.012785431133107709
hpmcounter5,138,0.011766322996057075,0.012442076164108735
hpmcounter5,139,0.011450894046916172,0.012029057029152286
hpmcounter5,140,0.011220509469850797,0.011579406120569005
hpmcounter5,141,0.011041584114305869,0.011225914679636576
hpmcounter5,142,0.010993757808793614,0.010968746055222441
hpmcounter5,143,0.01115574127287427,0.011000730574178035
hpmcounter5,144,0.011526320929600289,0.011579472100264322
hpmcounter5,145,0.012151252403012045,0.012899347964647385
hpmcounter5,146,0.012904860568421214,0.014454392439355802
hpmcounter5,147,0.013856425528507752,0.016104716815595898
hpmcounter5,148,0.015139831574145604,0.017770800330899283
hpmcounter5,149,0.016590232327963982,0.01945968321929849
hpmcounter5,150,0.018128182418900008,0.021266620118640226
hpmcounter5,151,0.01965961434118019,0.02309103789421724
hpmcounter5,152,0.02120632914387568,0.0249782748703108
hpmcounter5,153,0.022753495492103086,0.026832934693135708
hpmcounter5,154,0.024353999971609173,0.028669831543463885
hpmcounter5,155,0.02591978033934624,0.030465068668621195
hpmcounter5,156,0.02747380026641306,0.032113040045094056
hpmcounter5,157,0.029014330547854662,0.033561323530701126
hpmcounter5,158,0.03053986831770424,0.03471292749579932
hpmcounter5,159,0.03207367882557006,0.03580327811562447
hpmcounter5,160,0.03357662248396851,0.036718265918304314
hpmcounter5,161,0.035065287049842485,0.03755164367975251
hpmcounter5,162,0.03643707572327801,0.0383482429315424
hpmcounter5,163,0.037741649565131534,0.039097260070823384
hpmcounter5,164,0.038977373581862804,0.03979765194925811
hpmcounter5,165,0.040192976699630054,0.04043487748867493
hpmcounter5,166,0.04150562104503008,0.04114205340997899
hpmcounter5,167,0.04284968567450428,0.04181972683695071
hpmcounter5,168,0.044180657771667416,0.04247601195137892
hpmcounter5,169,0.04545232867807137,0.04313155344767132
hpmcounter5,170,0.04665889343365232,0.04380152238118093
hpmcounter5,171,0.04780835893273109,0.04436506678159705
hpmcounter5,172,0.04898357201784927,0.044948146797120336
hpmcounter5,173,0.05028822672085599,0.045460767082895245
hpmcounter5,174,0.051605670527392955,0.04580276554252346
hpmcounter5,175,0.05287460247720651,0.046008058376777496
hpmcounter5,176,0.054006181110662986,0.04614357058260011
hpmcounter5,177,0.05490985364942193,0.04621218918342935
hpmcounter5,178,0.05570517476277721,0.04618611705459188
hpmcounter5,179,0.0564189113406879,0.04610884098096046
hpmcounter5,180,0.05699588242357313,0.04591582889795242
hpmcounter5,181,0.05749895829576017,0.045648590544211734
hpmcounter5,182,0.057948344379735436,0.0453915560262183
hpmcounter5,183,0.05832034457045868,0.04511927299528648
hpmcounter5,184,0.058685733891381896,0.04473813980058444
hpmcounter5,185,0.05897869892119086,0.044220542607333393
hpmcounter5,186,0.05928905825810686,0.043500870147837156
hpmcounter5,187,0.05969415447011691,0.04276143907465675
hpmcounter5,188,0.060068538574087484,0.04204260621128995
hpmcounter5,189,0.06043659050478369,0.0413310977056757
hpmcounter5,190,0.06064958517016925,0.04073285320218065
hpmcounter5,191,0.060798971196830795,0.0403121389758635
hpmcounter5,192,0.06091091064117421,0.04008320857647106
hpmcounter5,193,0.06099949932259602,0.03995149138839237
hpmcounter5,194,0.0612782966329861,0.04013933928914503
hpmcounter5,195,0.06136278080395104,0.04043586339137006
hpmcounter5,196,0.061241384813420174,0.040781491654209766
hpmcounter5,197,0.06087063155972263,0.04111752529472693
hpmcounter5,198,0.060342280799344075,0.04147429693173305
hpmcounter5,199,0.0596450881925092,0.04181824483938515
hpmcounter5,200,0.05876569471385905,0.04213653518341938
hpmcounter5,201,0.05771871271960175,0.042540497060818534
hpmcounter5,202,0.05645019912743663,0.04291045845569141
hpmcounter5,203,0.05507863869571707,0.04347449799251004
hpmcounter5,204,0.05356947939291355,0.044132634757381675
hpmcounter5,205,0.051860152600140694,0.044872237272948264
hpmcounter5,206,0.04990811579080694,0.045648099622037266
hpmcounter5,207,0.047724957652183195,0.04645407143199244
hpmcounter5,208,0.045573682986091255,0.047183578264724524
hpmcounter5,209,0.04342469635297496,0.04792802866272175
hpmcounter5,210,0.04155069897084298,0.048553357385136865
hpmcounter5,211,0.03983169874523331,0.048932504095193396
hpmcounter5,212,0.03830782472640157,0.04921034822355826
hpmcounter5,213,0.03693264921585086,0.049227108543247466
hpmcounter5,214,0.03561700734619062,0.0489087195850838
hpmcounter5,215,0.034364577335515026,0.04837039549153251
hpmcounter5,216,0.03326407467039675,0.04770190248007967
hpmcounter5,217,0.0322287243572421,0.0467688621835191
hpmcounter5,218,0.031248856647881997,0.04555414359627824
hpmcounter5,219,0.030227619645098004,0.04411849314656507
hpmcounter5,220,0.02907583624045853,0.042570003245319836
hpmcounter5,221,0.027877094198649893,0.04097982543305963
hpmcounter5,222,0.026629082999481364,0.039188302661323816
hpmcounter5,223,0.02540417030932406,0.03727019525875863
hpmcounter5,224,0.024102982902558738,0.03513931769749568
hpmcounter5,225,0.02296110273410478,0.033444658494565856
hpmcounter5,226,0.022079418562880315,0.03231104204702135
hpmcounter5,227,0.02147259475183575,0.03153979422292399
hpmcounter5,228,0.021101732203007394,0.031072260136293797
hpmcounter5,229,0.02091139190621554,0.03067008663324961
hpmcounter5,230,0.020884107051857913,0.030436431841276212
hpmcounter5,231,0.021048633591992442,0.030427209142233364
hpmcounter5,232,0.02135396917270615,0.03087766314842838
hpmcounter5,233,0.021572240570657677,0.03168969078108728
hpmcounter5,234,0.021757944491500265,0.0329208989494136
hpmcounter5,235,0.022015590053627767,0.03428935233928963
hpmcounter5,236,0.02226926882962691,0.035783429057069834
hpmcounter5,237,0.02247753252970772,0.03737845839396037
hpmcounter5,238,0.022688368502432683,0.039059062000408144
hpmcounter5,239,0.022840479622478087,0.0407997217447552
hpmcounter5,240,0.02290692794950782,0.04253699244456192
hpmcounter5,241,0.02293252692867984,0.044194895876808436
hpmcounter5,242,0.022958641025647264,0.04572018624985235
hpmcounter5,243,0.022999726983486797,0.047081694332102526
hpmcounter5,244,0.02307857431005388,0.04843249348793255
hpmcounter5,245,0.023179843334276563,0.049753511168224754
hpmcounter5,246,0.02332611702361188,0.051000181670609414
hpmcounter5,247,0.023520676598242203,0.05215384661266602
hpmcounter5,248,0.0237338288059663,0.053221314143581104
hpmcounter5,249,0.02384820944149822,0.05421688271979038
hpmcounter5,250,0.023882210561187556,0.055162284553055614
hpmcounter5,251,0.023855700506474738,0.056111011084419404
hpmcounter5,252,0.023787751254247477,0.05707619228640808
hpmcounter5,253,0.02368060525328683,0.058024451217109654
hpmcounter5,254,0.0237073973178693,0.05876672000177339
hpmcounter5,255,0.02383221229722183,0.059357917867886315
hpmcounter5,256,0.02408301350621266,0.05981838612957689
hpmcounter5,257,0.024338675787122576,0.06019938631093972
hpmcounter5,258,0.024567704297143826,0.060491630148705074
hpmcounter5,259,0.024757028605323105,0.060685761814796374
hpmcounter5,260,0.02498703812089104,0.060796372641099564
hpmcounter5,261,0.02544797146591466,0.06077265314302148
hpmcounter5,262,0.02588372783585207,0.0606718073202582
hpmcounter5,263,0.02628579724102593,0.06050694470790855
hpmcounter5,264,0.026674427590674326,0.060153511407034774
hpmcounter5,265,0.027080150230624944,0.05972034115920221
hpmcounter5,266,0.027601883371298003,0.05927493132335879
hpmcounter5,267,0.02820696637907768,0.05872503021053122
hpmcounter5,268,0.02898942351189001,0.05813248544291669
hpmcounter5,269,0.0298826948696565,0.05761530995860423
hpmcounter5,270,0.03088212122057054,0.05714252735142841
hpmcounter5,271,0.03205775516111928,0.056831731704437276
hpmcounter5,272,0.033437479533157864,0.0567530371927102
hpmcounter5,273,0.03495282635143894,0.05702936513587401
hpmcounter5,274,0.03631891440939267,0.05744254959434063
hpmcounter5,275,0.03763033690634765,0.05814999454156201
hpmcounter5,276,0.03884169915742153,0.05905960083041575
hpmcounter5,277,0.03997208466864058,0.060113574703423114
hpmcounter5,278,0.04100639829001693,0.06122852242420409
hpmcounter5,279,0.041952258303708134,0.06232231706173868
hpmcounter5,280,0.04276282948144467,0.06313061620427834
hpmcounter5,281,0.04337000864340364,0.06369874598423797
hpmcounter5,282,0.04382132497846537,0.06412887934968911
hpmcounter5,283,0.044153002460565374,0.06447011433893655
hpmcounter5,284,0.04435963501885244,0.06470446305147116
hpmcounter5,285,0.044492314158041814,0.06478063909573939
hpmcounter5,286,0.044460179393019814,0.06462884581415995
hpmcounter5,287,0.044335550945791544,0.06440107572010341
hpmcounter5,288,0.0441049810045447,0.06408299049382221
hpmcounter5,289,0.043769764837931824,0.0637344843399518
hpmcounter5,290,0.04335057796698812,0.06336749641513345
hpmcounter5,291,0.04280998663622533,0.06299892623711988
hpmcounter5,292,0.042197697539354914,0.06261042863190219
hpmcounter5,293,0.04152957924116292,0.06222290719842397
hpmcounter5,294,0.04099286683986687,0.06188521835582903
hpmcounter5,295,0.04058379075184768,0.06152707315929217
hpmcounter5,296,0.040366444994383605,0.06104109199348301
hpmcounter5,297,0.04031096845355529,0.06042778237265653
hpmcounter5,298,0.04028176628183708,0.05973836770894805
hpmcounter6,69,1.7787777318247793e-31,1e-09
hpmcounter6,70,1.7787777318247793e-31,1e-09
hpmcounter6,71,1.7787777318247793e-31,1e-09
hpmcounter6,72,1.7787777318247793e-31,1e-09
hpmcounter6,73,1.7787777318247793e-31,1e-09
hpmcounter6,74,1.7787777318247793e-31,1e-09
hpmcounter6,75,1.7787777318247793e-31,1e-09
hpmcounter6,76,1.7787777318247793e-31,1e-09
hpmcounter6,77,1.7787777318247793e-31,1e-09
hpmcounter6,78,1.7787777318247793e-31,1e-09
hpmcounter6,79,1.7787777318247793e-31,1e-09
hpmcounter6,80,1.7787777318247793e-31,1e-09
hpmcounter6,81,1.7787777318247793e-31,1e-09
hpmcounter6,82,1.7787777318247793e-31,1e-09
hpmcounter6,83,1.7787777318247793e-31,1e-09
hpmcounter6,84,1.7787777318247793e-31,1e-09
hpmcounter6,85,1.7787777318247793e-31,1e-09
hpmcounter6,86,1.7787777318247793e-31,1e-09
hpmcounter6,87,1.7787777318247793e-31,1e-09
hpmcounter6,88,1.7787777318247793e-31,1e-09
hpmcounter6,89,1.7787777318247793e-31,1e-09
hpmcounter6,90,1.7787777318247793e-31,1e-09
hpmcounter6,91,1.7787777318247793e-31,1e-09
hpmcounter6,92,1.7787777318247793e-31,1e-09
hpmcounter6,93,1.7787777318247793e-31,1e-09
hpmcounter6,94,1.7787777318247793e-31,1e-09
hpmcounter6,95,1.7787777318247793e-31,1e-09
hpmcounter6,96,1.7787777318247793e-31,1e-09
hpmcounter6,97,1.7787777318247793e-31,1e-09
hpmcounter6,98,1.7787777318247793e-31,1e-09
hpmcounter6,99,1.7787777318247793e-31,1e-09
hpmcounter6,100,1.7787777318247793e-31,1e-09
hpmcounter6,101,1.7787777318247793e-31,1e-09
hpmcounter6,102,1.7787777318247793e-31,1e-09
hpmcounter6,103,1.7787777318247793e-31,1e-09
hpmcounter6,104,1.7787777318247793e-31,1e-09
hpmcounter6,105,1.7787777318247793e-31,1e-09
hpmcounter6,106,1.7787777318247793e-31,1e-09
hpmcounter6,107,1.7787777318247793e-31,1e-09
hpmcounter6,108,1.7787777318247793e-31,1e-09
hpmcounter6,109,1.7787777318247793e-31,1e-09
hpmcounter6,110,1.7787777318247793e-31,1e-09
hpmcounter6,111,1.7787777318247793e-31,1e-09
hpmcounter6,112,1.7787777318247793e-31,1e-09
hpmcounter6,113,1.7787777318247793e-31,1e-09
hpmcounter6,114,1.7787777318247793e-31,1e-09
hpmcounter6,115,1.7787777318247793e-31,1e-09
hpmcounter6,116,1.7787777318247793e-31,1e-09
hpmcounter6,117,1.7787777318247793e-31,1e-09
hpmcounter6,118,1.7787777318247793e-31,1e-09
hpmcounter6,119,1.7787777318247793e-31,1e-09
hpmcounter6,120,1.7787777318247793e-31,1e-09
hpmcounter6,121,1.7787777318247793e-31,1e-09
hpmcounter6,122,1.7787777318247793e-31,1e-09
hpmcounter6,123,1.7787777318247793e-31,1e-09
hpmcounter6,124,1.7787777318247793e-31,1e-09
hpmcounter6,125,1.7787777318247793e-31,1e-09
hpmcounter6,126,1.7787777318247793e-31,1e-09
hpmcounter6,127,1.7787777318247793e-31,1e-09
hpmcounter6,128,1.7787777318247793e-31,1e-09
hpmcounter6,129,1.7787777318247793e-31,1e-09
hpmcounter6,130,1.7787777318247793e-31,1e-09
hpmcounter6,131,1.7787777318247793e-31,1e-09
hpmcounter6,132,1.7787777318247793e-31,1e-09
hpmcounter6,133,1.7787777318247793e-31,1e-09
hpmcounter6,134,1.7787777318247793e-31,1e-09
hpmcounter6,135,1.7787777318247793e-31,1e-09
hpmcounter6,136,1.7787777318247793e-31,1e-09
hpmcounter6,137,1.7787777318247793e-31,1e-09
hpmcounter6,138,1.7787777318247793e-31,1e-09
hpmcounter6,139,1.7787777318247793e-31,1e-09
hpmcounter6,140,1.7787777318247793e-31,1e-09
hpmcounter6,141,1.7787777318247793e-31,1e-09
hpmcounter6,142,1.7787777318247793e-31,1e-09
hpmcounter6,143,1.7787777318247793e-31,1e-09
hpmcounter6,144,1.7787777318247793e-31,1e-09
hpmcounter6,145,1.7787777318247793e-31,1e-09
hpmcounter6,146,1.7787777318247793e-31,1e-09
hpmcounter6,147,1.7787777318247793e-31,1e-09
hpmcounter6,148,1.7787777318247793e-31,1e-09
hpmcounter6,149,1.7787777318247793e-31,1e-09
hpmcounter6,150,1.7787777318247793e-31,1e-09
hpmcounter6,151,1.7787777318247793e-31,1e-09
hpmcounter6,152,1.7787777318247793e-31,1e-09
hpmcounter6,153,1.7787777318247793e-31,1e-09
hpmcounter6,154,1.7787777318247793e-31,1e-09
hpmcounter6,155,1.7787777318247793e-31,1e-09
hpmcounter6,156,1.7787777318247793e-31,1e-09
hpmcounter6,157,1.7787777318247793e-31,1e-09
hpmcounter6,158,1.7787777318247793e-31,1e-09
hpmcounter6,159,1.7787777318247793e-31,1e-09
hpmcounter6,160,1.7787777318247793e-31,1e-09
hpmcounter6,161,1.7787777318247793e-31,1e-09
hpmcounter6,162,1.7787777318247793e-31,1e-09
hpmcounter6,163,1.7787777318247793e-31,1e-09
hpmcounter6,164,1.7787777318247793e-31,1e-09
hpmcounter6,165,1.7787777318247793e-31,1e-09
hpmcounter6,166,1.7787777318247793e-31,1e-09
hpmcounter6,167,1.7787777318247793e-31,1e-09
hpmcounter6,168,1.7787777318247793e-31,1e-09
hpmcounter6,169,1.7787777318247793e-31,1e-09
hpmcounter6,170,1.7787777318247793e-31,1e-09
hpmcounter6,171,1.7787777318247793e-31,1e-09
hpmcounter6,172,1.7787777318247793e-31,1e-09
hpmcounter6,173,1.7787777318247793e-31,1e-09
hpmcounter6,174,1.7787777318247793e-31,1e-09
hpmcounter6,175,1.7787777318247793e-31,1e-09
hpmcounter6,176,1.7787777318247793e-31,1e-09
hpmcounter6,177,1.7787777318247793e-31,1e-09
hpmcounter6,178,1.7787777318247793e-31,1e-09
hpmcounter6,179,1.7787777318247793e-31,1e-09
hpmcounter6,180,1.7787777318247793e-31,1e-09
hpmcounter6,181,1.7787777318247793e-31,1e-09
hpmcounter6,182,1.7787777318247793e-31,1e-09
hpmcounter6,183,1.7787777318247793e-31,1e-09
hpmcounter6,184,1.7787777318247793e-31,1e-09
hpmcounter6,185,1.7787777318247793e-31,1e-09
hpmcounter6,186,1.7787777318247793e-31,1e-09
hpmcounter6,187,1.7787777318247793e-31,1e-09
hpmcounter6,188,1.7787777318247793e-31,1e-09
hpmcounter6,189,1.7787777318247793e-31,1e-09
hpmcounter6,190,1.7787777318247793e-31,1e-09
hpmcounter6,191,1.7787777318247793e-31,1e-09
hpmcounter6,192,1.7787777318247793e-31,1e-09
hpmcounter6,193,1.7787777318247793e-31,1e-09
hpmcounter6,194,1.7787777318247793e-31,1e-09
hpmcounter6,195,1.7787777318247793e-31,1e-09
hpmcounter6,196,1.7787777318247793e-31,1e-09
hpmcounter6,197,1.7787777318247793e-31,1e-09
hpmcounter6,198,1.7787777318247793e-31,1e-09
hpmcounter6,199,1.7787777318247793e-31,1e-09
hpmcounter6,200,1.7787777318247793e-31,1e-09
hpmcounter6,201,1.7787777318247793e-31,1e-09
hpmcounter6,202,1.7787777318247793e-31,1e-09
hpmcounter6,203,1.7787777318247793e-31,1e-09
hpmcounter6,204,1.7787777318247793e-31,1e-09
hpmcounter6,205,1.7787777318247793e-31,1e-09
hpmcounter6,206,1.7787777318247793e-31,1e-09
hpmcounter6,207,1.7787777318247793e-31,1e-09
hpmcounter6,208,1.7787777318247793e-31,1e-09
hpmcounter6,209,1.7787777318247793e-31,1e-09
hpmcounter6,210,1.7787777318247793e-31,1e-09
hpmcounter6,211,1.7787777318247793e-31,1e-09
hpmcounter6,212,1.7787777318247793e-31,1e-09
hpmcounter6,213,1.7787777318247793e-31,1e-09
hpmcounter6,214,1.7787777318247793e-31,1e-09
hpmcounter6,215,1.7787777318247793e-31,1e-09
hpmcounter6,216,1.7787777318247793e-31,1e-09
hpmcounter6,217,1.7787777318247793e-31,1e-09
hpmcounter6,218,1.7787777318247793e-31,1e-09
hpmcounter6,219,1.7787777318247793e-31,1e-09
hpmcounter6,220,1.7787777318247793e-31,1e-09
hpmcounter6,221,1.7787777318247793e-31,1e-09
hpmcounter6,222,1.7787777318247793e-31,1e-09
hpmcounter6,223,1.7787777318247793e-31,1e-09
hpmcounter6,224,1.7787777318247793e-31,1e-09
hpmcounter6,225,1.7787777318247793e-31,1e-09
hpmcounter6,226,1.7787777318247793e-31,1e-09
hpmcounter6,227,1.7787777318247793e-31,1e-09
hpmcounter6,228,1.7787777318247793e-31,1e-09
hpmcounter6,229,1.7787777318247793e-31,1e-09
hpmcounter6,230,1.7787777318247793e-31,1e-09
hpmcounter6,231,1.7787777318247793e-31,1e-09
hpmcounter6,232,1.7787777318247793e-31,1e-09
hpmcounter6,233,1.7787777318247793e-31,1e-09
hpmcounter6,234,1.7787777318247793e-31,1e-09
hpmcounter6,235,1.7787777318247793e-31,1e-09
hpmcounter6,236,1.7787777318247793e-31,1e-09
hpmcounter6,237,1.7787777318247793e-31,1e-09
hpmcounter6,238,1.7787777318247793e-31,1e-09
hpmcounter6,239,1.7787777318247793e-31,1e-09
hpmcounter6,240,1.7787777318247793e-31,1e-09
hpmcounter6,241,1.7787777318247793e-31,1e-09
hpmcounter6,242,1.7787777318247793e-31,1e-09
hpmcounter6,243,1.7787777318247793e-31,1e-09
hpmcounter6,244,1.7787777318247793e-31,1e-09
hpmcounter6,245,1.7787777318247793e-31,1e-09
hpmcounter6,246,1.7787777318247793e-31,1e-09
hpmcounter6,247,1.7787777318247793e-31,1e-09
hpmcounter6,248,1.7787777318247793e-31,1e-09
hpmcounter6,249,1.7787777318247793e-31,1e-09
hpmcounter6,250,1.7787777318247793e-31,1e-09
hpmcounter6,251,1.7787777318247793e-31,1e-09
hpmcounter6,252,1.7787777318247793e-31,1e-09
hpmcounter6,253,1.7787777318247793e-31,1e-09
hpmcounter6,254,1.7787777318247793e-31,1e-09
hpmcounter6,255,1.7787777318247793e-31,1e-09
hpmcounter6,256,1.7787777318247793e-31,1e-09
hpmcounter6,257,1.7787777318247793e-31,1e-09
hpmcounter6,258,1.7787777318247793e-31,1e-09
hpmcounter6,259,1.7787777318247793e-31,1e-09
hpmcounter6,260,1.7787777318247793e-31,1e-09
hpmcounter6,261,1.7787777318247793e-31,1e-09
hpmcounter6,262,1.7787777318247793e-31,1e-09
hpmcounter6,263,1.7787777318247793e-31,1e-09
hpmcounter6,264,1.7787777318247793e-31,1e-09
hpmcounter6,265,1.7787777318247793e-31,1e-09
hpmcounter6,266,1.7787777318247793e-31,1e-09
hpmcounter6,267,1.7787777318247793e-31,1e-09
hpmcounter6,268,1.7787777318247793e-31,1e-09
hpmcounter6,269,1.7787777318247793e-31,1e-09
hpmcounter6,270,1.7787777318247793e-31,1e-09
hpmcounter6,271,1.7787777318247793e-31,1e-09
hpmcounter6,272,1.7787777318247793e-31,1e-09
hpmcounter6,273,1.7787777318247793e-31,1e-09
hpmcounter6,274,1.7787777318247793e-31,1e-09
hpmcounter6,275,1.7787777318247793e-31,1e-09
hpmcounter6,276,1.7787777318247793e-31,1e-09
hpmcounter6,277,1.7787777318247793e-31,1e-09
hpmcounter6,278,1.7787777318247793e-31,1e-09
hpmcounter6,279,1.7787777318247793e-31,1e-09
hpmcounter6,280,1.7787777318247793e-31,1e-09
hpmcounter6,281,1.7787777318247793e-31,1e-09
hpmcounter6,282,1.7787777318247793e-31,1e-09
hpmcounter6,283,1.7787777318247793e-31,1e-09
hpmcounter6,284,1.7787777318247793e-31,1e-09
hpmcounter6,285,1.7787777318247793e-31,1e-09
hpmcounter6,286,1.7787777318247793e-31,1e-09
hpmcounter6,287,1.7787777318247793e-31,1e-09
hpmcounter6,288,1.7787777318247793e-31,1e-09
hpmcounter6,289,1.7787777318247793e-31,1e-09
hpmcounter6,290,1.7787777318247793e-31,1e-09
hpmcounter6,291,1.7787777318247793e-31,1e-09
hpmcounter6,292,1.7787777318247793e-31,1e-09
hpmcounter6,293,1.7787777318247793e-31,1e-09
hpmcounter6,294,1.7787777318247793e-31,1e-09
hpmcounter6,295,1.7787777318247793e-31,1e-09
hpmcounter6,296,1.7787777318247793e-31,1e-09
hpmcounter6,297,1.7787777318247793e-31,1e-09
hpmcounter6,298,1.7787777318247793e-31,1e-09
hpmcounter7,69,0.0,1e-09
hpmcounter7,70,0.0,1e-09
hpmcounter7,71,0.0,1e-09
hpmcounter7,72,0.0,1e-09
hpmcounter7,73,0.0,1e-09
hpmcounter7,74,0.0,1e-09
hpmcounter7,75,0.0,1e-09
hpmcounter7,76,0.0,1e-09
hpmcounter7,77,0.0,1e-09
hpmcounter7,78,0.0,1e-09
hpmcounter7,79,0.0,1e-09
hpmcounter7,80,0.0,1e-09
hpmcounter7,81,0.0,1e-09
hpmcounter7,82,0.0,1e-09
hpmcounter7,83,0.0,1e-09
hpmcounter7,84,0.0,1e-09
hpmcounter7,85,0.0,1e-09
hpmcounter7,86,0.0,1e-09
hpmcounter7,87,0.0,1e-09
hpmcounter7,88,0.0,1e-09
hpmcounter7,89,0.0,1e-09
hpmcounter7,90,0.0,1e-09
hpmcounter7,91,0.0,1e-09
hpmcounter7,92,0.0,1e-09
hpmcounter7,93,0.0,1e-09
hpmcounter7,94,0.0,1e-09
hpmcounter7,95,0.0,1e-09
hpmcounter7,96,0.0,1e-09
hpmcounter7,97,0.0,1e-09
hpmcounter7,98,0.0,1e-09
hpmcounter7,99,0.0,1e-09
hpmcounter7,100,0.0,1e-09
hpmcounter7,101,0.0,1e-09
hpmcounter7,102,0.0,1e-09
hpmcounter7,103,0.0,1e-09
hpmcounter7,104,0.0,1e-09
hpmcounter7,105,0.0,1e-09
hpmcounter7,106,0.0,1e-09
hpmcounter7,107,0.0,1e-09
hpmcounter7,108,0.0,1e-09
hpmcounter7,109,0.0,1e-09
hpmcounter7,110,0.0,1e-09
hpmcounter7,111,0.0,1e-09
hpmcounter7,112,0.0,1e-09
hpmcounter7,113,0.0,1e-09
hpmcounter7,114,0.0,1e-09
hpmcounter7,115,0.0,1e-09
hpmcounter7,116,0.0,1e-09
hpmcounter7,117,0.0,1e-09
hpmcounter7,118,0.0,1e-09
hpmcounter7,119,0.0,1e-09
hpmcounter7,120,0.0,1e-09
hpmcounter7,121,0.0,1e-09
hpmcounter7,122,0.0,1e-09
hpmcounter7,123,0.0,1e-09
hpmcounter7,124,0.0,1e-09
hpmcounter7,125,0.0,1e-09
hpmcounter7,126,0.0,1e-09
hpmcounter7,127,0.0,1e-09
hpmcounter7,128,0.0,1e-09
hpmcounter7,129,0.0,1e-09
hpmcounter7,130,0.0,1e-09
hpmcounter7,131,0.0,1e-09
hpmcounter7,132,0.0,1e-09
hpmcounter7,133,0.0,1e-09
hpmcounter7,134,0.0,1e-09
hpmcounter7,135,0.0,1e-09
hpmcounter7,136,0.0,1e-09
hpmcounter7,137,0.0,1e-09
hpmcounter7,138,0.0,1e-09
hpmcounter7,139,0.0,1e-09
hpmcounter7,140,0.0,1e-09
hpmcounter7,141,0.0,1e-09
hpmcounter7,142,0.0,1e-09
hpmcounter7,143,0.0,1e-09
hpmcounter7,144,0.0,1e-09
hpmcounter7,145,0.0,1e-09
hpmcounter7,146,0.0,1e-09
hpmcounter7,147,0.0,1e-09
hpmcounter7,148,0.0,1e-09
hpmcounter7,149,0.0,1e-09
hpmcounter7,150,0.0,1e-09
hpmcounter7,151,0.0,1e-09
hpmcounter7,152,0.0,1e-09
hpmcounter7,153,0.0,1e-09
hpmcounter7,154,0.0,1e-09
hpmcounter7,155,0.0,1e-09
hpmcounter7,156,0.0,1e-09
hpmcounter7,157,0.0,1e-09
hpmcounter7,158,0.0,1e-09
hpmcounter7,159,0.0,1e-09
hpmcounter7,160,0.0,1e-09
hpmcounter7,161,0.0,1e-09
hpmcounter7,162,0.0,1e-09
hpmcounter7,163,0.0,1e-09
hpmcounter7,164,0.0,1e-09
hpmcounter7,165,0.0,1e-09
hpmcounter7,166,0.0,1e-09
hpmcounter7,167,0.0,1e-09
hpmcounter7,168,0.0,1e-09
hpmcounter7,169,0.0,1e-09
hpmcounter7,170,0.0,1e-09
hpmcounter7,171,0.0,1e-09
hpmcounter7,172,0.0,1e-09
hpmcounter7,173,0.0,1e-09
hpmcounter7,174,0.0,1e-09
hpmcounter7,175,0.0,1e-09
hpmcounter7,176,0.0,1e-09
hpmcounter7,177,0.0,1e-09
hpmcounter7,178,0.0,1e-09
hpmcounter7,179,0.0,1e-09
hpmcounter7,180,0.0,1e-09
hpmcounter7,181,0.0,1e-09
hpmcounter7,182,0.0,1e-09
hpmcounter7,183,0.0,1e-09
hpmcounter7,184,0.0,1e-09
hpmcounter7,185,0.0,1e-09
hpmcounter7,186,0.0,1e-09
hpmcounter7,187,0.0,1e-09
hpmcounter7,188,0.0,1e-09
hpmcounter7,189,0.0,1e-09
hpmcounter7,190,0.0,1e-09
hpmcounter7,191,0.0,1e-09
hpmcounter7,192,0.0,1e-09
hpmcounter7,193,0.0,1e-09
hpmcounter7,194,0.0,1e-09
hpmcounter7,195,0.0,1e-09
hpmcounter7,196,0.0,1e-09
hpmcounter7,197,0.0,1e-09
hpmcounter7,198,0.0,1e-09
hpmcounter7,199,0.0,1e-09
hpmcounter7,200,0.0,1e-09
hpmcounter7,201,0.0,1e-09
hpmcounter7,202,0.0,1e-09
hpmcounter7,203,0.0,1e-09
hpmcounter7,204,0.0,1e-09
hpmcounter7,205,0.0,1e-09
hpmcounter7,206,0.0,1e-09
hpmcounter7,207,0.0,1e-09
hpmcounter7,208,0.0,1e-09
hpmcounter7,209,0.0,1e-09
hpmcounter7,210,0.0,1e-09
hpmcounter7,211,0.0,1e-09
hpmcounter7,212,0.0,1e-09
hpmcounter7,213,0.0,1e-09
hpmcounter7,214,0.0,1e-09
hpmcounter7,215,0.0,1e-09
hpmcounter7,216,0.0,1e-09
hpmcounter7,217,0.0,1e-09
hpmcounter7,218,0.0,1e-09
hpmcounter7,219,0.0,1e-09
hpmcounter7,220,0.0,1e-09
hpmcounter7,221,0.0,1e-09
hpmcounter7,222,0.0,1e-09
hpmcounter7,223,0.0,1e-09
hpmcounter7,224,0.0,1e-09
hpmcounter7,225,0.0,1e-09
hpmcounter7,226,0.0,1e-09
hpmcounter7,227,0.0,1e-09
hpmcounter7,228,0.0,1e-09
hpmcounter7,229,0.0,1e-09
hpmcounter7,230,0.0,1e-09
hpmcounter7,231,0.0,1e-09
hpmcounter7,232,0.0,1e-09
hpmcounter7,233,0.0,1e-09
hpmcounter7,234,0.0,1e-09
hpmcounter7,235,0.0,1e-09
hpmcounter7,236,0.0,1e-09
hpmcounter7,237,0.0,1e-09
hpmcounter7,238,0.0,1e-09
hpmcounter7,239,0.0,1e-09
hpmcounter7,240,0.0,1e-09
hpmcounter7,241,0.0,1e-09
hpmcounter7,242,0.0,1e-09
hpmcounter7,243,0.0,1e-09
hpmcounter7,244,0.0,1e-09
hpmcounter7,245,0.0,1e-09
hpmcounter7,246,0.0,1e-09
hpmcounter7,247,0.0,1e-09
hpmcounter7,248,0.0,1e-09
hpmcounter7,249,0.0,1e-09
hpmcounter7,250,0.0,1e-09
hpmcounter7,251,0.0,1e-09
hpmcounter7,252,0.0,1e-09
hpmcounter7,253,0.0,1e-09
hpmcounter7,254,0.0,1e-09
hpmcounter7,255,0.0,1e-09
hpmcounter7,256,0.0,1e-09
hpmcounter7,257,0.0,1e-09
hpmcounter7,258,0.0,1e-09
hpmcounter7,259,0.0,1e-09
hpmcounter7,260,0.0,1e-09
hpmcounter7,261,0.0,1e-09
hpmcounter7,262,0.0,1e-09
hpmcounter7,263,0.0,1e-09
hpmcounter7,264,0.0,1e-09
hpmcounter7,265,0.0,1e-09
hpmcounter7,266,0.0,1e-09
hpmcounter7,267,0.0,1e-09
hpmcounter7,268,0.0,1e-09
hpmcounter7,269,0.0,1e-09
hpmcounter7,270,0.0,1e-09
hpmcounter7,271,0.0,1e-09
hpmcounter7,272,0.0,1e-09
hpmcounter7,273,0.0,1e-09
hpmcounter7,274,0.0,1e-09
hpmcounter7,275,0.0,1e-09
hpmcounter7,276,0.0,1e-09
hpmcounter7,277,0.0,1e-09
hpmcounter7,278,0.0,1e-09
hpmcounter7,279,0.0,1e-09
hpmcounter7,280,0.0,1e-09
hpmcounter7,281,0.0,1e-09
hpmcounter7,282,0.0,1e-09
hpmcounter7,283,0.0,1e-09
hpmcounter7,284,0.0,1e-09
hpmcounter7,285,0.0,1e-09
hpmcounter7,286,0.0,1e-09
hpmcounter7,287,0.0,1e-09
hpmcounter7,288,0.0,1e-09
hpmcounter7,289,0.0,1e-09
hpmcounter7,290,0.0,1e-09
hpmcounter7,291,0.0,1e-09
hpmcounter7,292,0.0,1e-09
hpmcounter7,293,0.0,1e-09
hpmcounter7,294,0.0,1e-09
hpmcounter7,295,0.0,1e-09
hpmcounter7,296,0.0,1e-09
hpmcounter7,297,0.0,1e-09
hpmcounter7,298,0.0,1e-09
hpmcounter8,69,0.2240119047430175,0.2155660555277587
hpmcounter8,70,0.2047801532773282,0.21498684013769137
hpmcounter8,71,0.18675879104124984,0.22043004875696115
hpmcounter8,72,0.17745580017040502,0.20961399373124925
hpmcounter8,73,0.1669747800811158,0.20035868188907308
hpmcounter8,74,0.16008966838175803,0.1916379541269155
hpmcounter8,75,0.15454334745324122,0.18297428418005737
hpmcounter8,76,0.14935711689078873,0.17473234557671122
hpmcounter8,77,0.1458914333224359,0.16994268398738704
hpmcounter8,78,0.14313968048015763,0.16706628556868872
hpmcounter8,79,0.14049418106585124,0.16452026682404652
hpmcounter8,80,0.13752309180880284,0.16241622597054875
hpmcounter8,81,0.13559855323092743,0.16151929431208903
hpmcounter8,82,0.1342550451445251,0.1609333935520623
hpmcounter8,83,0.13326592009842492,0.16033310360583022
hpmcounter8,84,0.13235526344318183,0.15966581827541768
hpmcounter8,85,0.13148706136738952,0.15870830077368447
hpmcounter8,86,0.13066065314272127,0.15771547753768447
hpmcounter8,87,0.12981666083230176,0.15653080547327206
hpmcounter8,88,0.12885501915372571,0.1550422212903337
hpmcounter8,89,0.12766428728594262,0.15310634428381795
hpmcounter8,90,0.12614567248936628,0.1505953946889896
hpmcounter8,91,0.1243505259605356,0.1476888048009572
hpmcounter8,92,0.12222615807030046,0.14438515416190156
hpmcounter8,93,0.11981940877144884,0.1408574020549579
hpmcounter8,94,0.11716987959437428,0.1372204373320336
hpmcounter8,95,0.11410339275573175,0.13346455824663525
hpmcounter8,96,0.11074417063706872,0.12963412530260116
hpmcounter8,97,0.10708386594564138,0.12578002316102524
hpmcounter8,98,0.10330989019700132,0.12180296065770543
hpmcounter8,99,0.09933369807483833,0.11788760625441556
hpmcounter8,100,0.09563432177481213,0.11407068632717673
hpmcounter8,101,0.09217110846151076,0.11008670200047509
hpmcounter8,102,0.08830549737818859,0.10627334355739461
hpmcounter8,103,0.08512551029723034,0.1032986684557099
hpmcounter8,104,0.08216600961670564,0.10067005323486741
hpmcounter8,105,0.07973170768319376,0.0983479139102439
hpmcounter8,106,0.07769394371622898,0.09615986749109391
hpmcounter8,107,0.07558997241161054,0.09393983228773659
hpmcounter8,108,0.07330613900961165,0.09161623796366558
hpmcounter8,109,0.07083310318161765,0.08921529317098241
hpmcounter8,110,0.06854836334720259,0.08668404589592049
hpmcounter8,111,0.06639316501181831,0.08395472505458261
hpmcounter8,112,0.06437717993285948,0.08111449468606982
hpmcounter8,113,0.062199615186378454,0.0780410594946599
hpmcounter8,114,0.05986036451935485,0.07474616317361961
hpmcounter8,115,0.05751737082058693,0.07121052232556331
hpmcounter8,116,0.05520072695833113,0.06739149080131641
hpmcounter8,117,0.05282812149511919,0.06327194024363177
hpmcounter8,118,0.05022605776605014,0.05885854196630291
hpmcounter8,119,0.0473416083745305,0.05412452559769775
hpmcounter8,120,0.044280067389085534,0.049162680917324675
hpmcounter8,121,0.041047754601803134,0.04399175205072743
hpmcounter8,122,0.037571668981623695,0.0386385022503517
hpmcounter8,123,0.03388451758416953,0.03313387670382936
hpmcounter8,124,0.02998005741854936,0.02784722240956202
hpmcounter8,125,0.026238381651985963,0.024055342892762392
hpmcounter8,126,0.023216863720732506,0.02158324998656157
hpmcounter8,127,0.020790044774304618,0.019992202960831044
hpmcounter8,128,0.01861775816407401,0.018879536130052423
hpmcounter8,129,0.01696321961319421,0.018119908257915367
hpmcounter8,130,0.015578154791102666,0.0175126201642949
hpmcounter8,131,0.014565100060523911,0.01683561757420362
hpmcounter8,132,0.013751898966526632,0.016043004165532823
hpmcounter8,133,0.01307621949640519,0.015233871830671195
hpmcounter8,134,0.012382186132345496,0.014515764020217188
hpmcounter8,135,0.011734251171905108,0.013899550717221727
hpmcounter8,136,0.011059267125350361,0.013421265396340719
hpmcounter8,137,0.010539874012854774,0.012966640220041395
hpmcounter8,138,0.010108131749725035,0.012469795771812313
hpmcounter8,139,0.009814900306012245,0.011902216098784169
hpmcounter8,140,0.00960197623487929,0.01127836351595016
hpmcounter8,141,0.009482413259487277,0.010711952455665407
hpmcounter8,142,0.009485506538746736,0.01029439969016206
hpmcounter8,143,0.009711622015947155,0.010255317251346123
hpmcounter8,144,0.01018763127371119,0.010868556828299084
hpmcounter8,145,0.010929980270464556,0.01233678454644003
hpmcounter8,146,0.011823617905707092,0.014030865738394698
hpmcounter8,147,0.012894689180273044,0.01581082890546033
hpmcounter8,148,0.01424738813764682,0.01756982236950843
hpmcounter8,149,0.015750169133501003,0.019343109579475094
hpmcounter8,150,0.01731626682812449,0.02120880818476997
hpmcounter8,151,0.018887551832599672,0.02311929193145013
hpmcounter8,152,0.020454556446474516,0.025016208571648782
hpmcounter8,153,0.02199719041826221,0.026865083417795706
hpmcounter8,154,0.02354153405414281,0.028631737036666393
hpmcounter8,155,0.0250225231380706,0.030371307407714456
hpmcounter8,156,0.026491651657818527,0.03197379278307135
hpmcounter8,157,0.0279612787076909,0.033415297088191305
hpmcounter8,158,0.029375676205692026,0.03456545102600735
hpmcounter8,159,0.030785732953438495,0.035614723625755934
hpmcounter8,160,0.03219869084526927,0.03652584261373787
hpmcounter8,161,0.0336377811446113,0.03734140785949392
hpmcounter8,162,0.035016378445734395,0.03813789000956417
hpmcounter8,163,0.036363100323368605,0.03888440171360966
hpmcounter8,164,0.03763057993668338,0.03959330851121121
hpmcounter8,165,0.03888786394544839,0.04025341070587027
hpmcounter8,166,0.04021706142760621,0.04094596496376419
hpmcounter8,167,0.0415647565256604,0.041569029244884786
hpmcounter8,168,0.042862601563838004,0.04215987390915738
hpmcounter8,169,0.04407179458487942,0.04271366626111007
hpmcounter8,170,0.0451878129013064,0.043228299955083975
hpmcounter8,171,0.046269686660643274,0.04367764411586829
hpmcounter8,172,0.047355894165538835,0.04408518841223066
hpmcounter8,173,0.04854255672553281,0.044335405056961735
hpmcounter8,174,0.04972502226487384,0.044394369111992175
hpmcounter8,175,0.05089755042957632,0.04432825837160868
hpmcounter8,176,0.051952002026678046,0.04422370935287958
hpmcounter8,177,0.05287466539263276,0.04407121412321581
hpmcounter8,178,0.05368011600199644,0.04386788145996482
hpmcounter8,179,0.054371454920264184,0.04362014904851811
hpmcounter8,180,0.05494451215747883,0.043328551602489114
hpmcounter8,181,0.05540417974510593,0.0429879134048484
hpmcounter8,182,0.055750425079000174,0.042603491650854954
hpmcounter8,183,0.05598314347739629,0.04218201959697121
hpmcounter8,184,0.05615276189190808,0.04165876972822761
hpmcounter8,185,0.056276907003123634,0.04101056113171689
hpmcounter8,186,0.05645637713148751,0.040194023979117165
hpmcounter8,187,0.056757535823620676,0.03927380442683802
hpmcounter8,188,0.05703689452053797,0.03831586713650081
hpmcounter8,189,0.05729286958151482,0.037240706033112636
hpmcounter8,190,0.05740434616008945,0.03631651585178266
hpmcounter8,191,0.05743089872209302,0.03555139980205176
hpmcounter8,192,0.05740228936641112,0.03496476675598105
hpmcounter8,193,0.05735228705011843,0.03453743744734755
hpmcounter8,194,0.05748030168790722,0.03456723032086568
hpmcounter8,195,0.05745511799794957,0.03473765350331759
hpmcounter8,196,0.05727708179737059,0.035027839788316376
hpmcounter8,197,0.05688660249167623,0.0353931208739507
hpmcounter8,198,0.05634525742809689,0.03585054883844156
hpmcounter8,199,0.0556993772374925,0.03635911425349414
hpmcounter8,200,0.05490271175635949,0.03694460104404603
hpmcounter8,201,0.053941726724859064,0.03758907696189377
hpmcounter8,202,0.052813241387473675,0.038177787833641195
hpmcounter8,203,0.051610202455560694,0.038992775193752605
hpmcounter8,204,0.05025786049753352,0.039893370270668034
hpmcounter8,205,0.048744613409426915,0.04087460749839129
hpmcounter8,206,0.04702398895809261,0.041911785946074906
hpmcounter8,207,0.045104956065395316,0.04295454550240955
hpmcounter8,208,0.04326709582552688,0.04385383453192
hpmcounter8,209,0.04135780348504213,0.04466874619054696
hpmcounter8,210,0.03968350752814419,0.04531374783852277
hpmcounter8,211,0.03817909992555543,0.04577589686639472
hpmcounter8,212,0.03680031444493047,0.046068794389515715
hpmcounter8,213,0.03558006715227705,0.04609620356618391
hpmcounter8,214,0.0344420413244204,0.04586714788052304
hpmcounter8,215,0.03332533096608588,0.045428984823893466
hpmcounter8,216,0.03230050724283586,0.04476538994721029
hpmcounter8,217,0.03132364794039386,0.04390071715808153
hpmcounter8,218,0.030443621589258275,0.04278897544520244
hpmcounter8,219,0.029525800905975518,0.0415057314207258
hpmcounter8,220,0.028475810904629674,0.04007904116246319
hpmcounter8,221,0.0273375505262831,0.038555071266686156
hpmcounter8,222,0.02618243034051268,0.036844264275545886
hpmcounter8,223,0.024993146243672975,0.03493585368338567
hpmcounter8,224,0.023738078308346018,0.032840941017858546
hpmcounter8,225,0.022590126440911927,0.031055967296098122
hpmcounter8,226,0.021706028273374943,0.02984438126725834
hpmcounter8,227,0.02108739404324948,0.02908924532553525
hpmcounter8,228,0.020708870507058087,0.02867709032540882
hpmcounter8,229,0.020515173903004273,0.0283814427518665
hpmcounter8,230,0.02049459761922016,0.028267108170948067
hpmcounter8,231,0.020665418388916102,0.02841382382973705
hpmcounter8,232,0.02096252132322196,0.029017370930004196
hpmcounter8,233,0.021162382958947838,0.02998704270613703
hpmcounter8,234,0.02130032601034268,0.03127811320392
hpmcounter8,235,0.021522611699250026,0.03270757388346563
hpmcounter8,236,0.02172703867624382,0.034230773893965775
hpmcounter8,237,0.021870780454105003,0.03586269060864492
hpmcounter8,238,0.022023166523047526,0.03753504291932403
hpmcounter8,239,0.02211561365661605,0.039263385492299636
hpmcounter8,240,0.022147297086065963,0.04101307365047317
hpmcounter8,241,0.022168635952666743,0.042738774157185425
hpmcounter8,242,0.022211890236883542,0.04438135780545035
hpmcounter8,243,0.022296690536851477,0.04592141753737454
hpmcounter8,244,0.022408802694316738,0.04739469814038601
hpmcounter8,245,0.022531425342307395,0.048819995109019874
hpmcounter8,246,0.02271835527735038,0.050193999604856473
hpmcounter8,247,0.023015820377348548,0.051498351542163694
hpmcounter8,248,0.02333344327977602,0.05275457264405999
hpmcounter8,249,0.023582073612137093,0.054007540472338446
hpmcounter8,250,0.023765842441304384,0.05525651305731824
hpmcounter8,251,0.023886878637747716,0.056498754021157074
hpmcounter8,252,0.02394605823186993,0.05772997776638188
hpmcounter8,253,0.023953885335004067,0.058922919921459066
hpmcounter8,254,0.02409059206594202,0.05998673819274076
hpmcounter8,255,0.024357693668392306,0.06088665741283414
hpmcounter8,256,0.0247537022312,0.06161090554605827
hpmcounter8,257,0.02514815086958223,0.06224040317567849
hpmcounter8,258,0.025517981219081887,0.06278850973078537
hpmcounter8,259,0.025827429367907745,0.06326194395322286
hpmcounter8,260,0.026201980162032446,0.06363156025893862
hpmcounter8,261,0.02677167272653038,0.06385238127006826
hpmcounter8,262,0.02733444189556483,0.06399645127332228
hpmcounter8,263,0.027852071184700185,0.06403435679597688
hpmcounter8,264,0.028360412297273197,0.06390512142198271
hpmcounter8,265,0.028883058970805408,0.06368420159110531
hpmcounter8,266,0.029537191032613663,0.0634050222307079
hpmcounter8,267,0.030342157855801178,0.06306155958467738
hpmcounter8,268,0.0313727675977354,0.06269103704993523
hpmcounter8,269,0.03250779412874173,0.062365371826445935
hpmcounter8,270,0.03379367554160448,0.06214171718195261
hpmcounter8,271,0.03524219753987247,0.062076891270252794
hpmcounter8,272,0.036872118859203634,0.062285127766293566
hpmcounter8,273,0.038669641444792215,0.06293325981124528
hpmcounter8,274,0.040322379014822815,0.0637451031777634
hpmcounter8,275,0.041871740359975936,0.064787133078855
hpmcounter8,276,0.04332761861935901,0.06601703695155561
hpmcounter8,277,0.04473165911670914,0.06735535420411745
hpmcounter8,278,0.04602156051422085,0.06872089731111591
hpmcounter8,279,0.047239896980171524,0.07008787610780012
hpmcounter8,280,0.04832503910541845,0.07120936173301426
hpmcounter8,281,0.049253038910123344,0.07216292680265442
hpmcounter8,282,0.05002660905238258,0.07295389722181682
hpmcounter8,283,0.05065744846511476,0.07359854182261746
hpmcounter8,284,0.05113896764871043,0.07409021806022385
hpmcounter8,285,0.051519281248842495,0.07435652713346726
hpmcounter8,286,0.05174771685728442,0.07448170847005305
hpmcounter8,287,0.05182537518889476,0.0744750364452795
hpmcounter8,288,0.05175483138060324,0.07435101054591661
hpmcounter8,289,0.05153315242312162,0.0741281637856416
hpmcounter8,290,0.0511667588617075,0.07382695194924585
hpmcounter8,291,0.05064909910000141,0.07347371357381362
hpmcounter8,292,0.049976436324934634,0.07304994424092423
hpmcounter8,293,0.04923837607555686,0.07258239476898681
hpmcounter8,294,0.04862529839776032,0.07213480662924994
hpmcounter8,295,0.04816423886547951,0.07164812689783878
hpmcounter8,296,0.04786828519003347,0.07105624629874022
hpmcounter8,297,0.047733756634803684,0.07031334853139548
hpmcounter8,298,0.04764080139359922,0.06946438502589178
hpmcounter9,69,0.16522397004758357,0.20162465897614837
hpmcounter9,70,0.1661020755269424,0.19798092145071305
hpmcounter9,71,0.1666397258002839,0.19438534093052778
hpmcounter9,72,0.16679118017967715,0.19053320780633293
hpmcounter9,73,0.16663147564031083,0.18670967333890806
hpmcounter9,74,0.16593421039328662,0.1827884023482094
hpmcounter9,75,0.16474254398952848,0.1787054460074855
hpmcounter9,76,0.16350693913270029,0.17448290801348948
hpmcounter9,77,0.16209321087728845,0.17023605464923652
hpmcounter9,78,0.16263126168323627,0.17029172225645337
hpmcounter9,79,0.16256177424838966,0.16990938842582862
hpmcounter9,80,0.162206881418607,0.16939117160771372
hpmcounter9,81,0.1620677381717237,0.1698297056347148
hpmcounter9,82,0.16124582310256033,0.16960622954591995
hpmcounter9,83,0.1602100329766581,0.16921687471419153
hpmcounter9,84,0.15890138808324078,0.16824339873360045
hpmcounter9,85,0.15735886295132542,0.16712631213718246
hpmcounter9,86,0.15558029512659205,0.1658683271207164
hpmcounter9,87,0.1535630757608377,0.1644733275009216
hpmcounter9,88,0.1513041319869282,0.16294654485124133
hpmcounter9,89,0.14880276240686402,0.16136801853619331
hpmcounter9,90,0.14713211698646805,0.15911646788912862
hpmcounter9,91,0.14654470877403994,0.15805324715052507
hpmcounter9,92,0.1460177433216255,0.15653262881618782
hpmcounter9,93,0.14570684971033093,0.15462373561640994
hpmcounter9,94,0.1453631631450715,0.15258973047161467
hpmcounter9,95,0.14496440412744144,0.15046333716732838
hpmcounter9,96,0.1444382462105334,0.14822329223906808
hpmcounter9,97,0.1440880028363994,0.1456486108890851
hpmcounter9,98,0.14360073263745196,0.14296577753735798
hpmcounter9,99,0.14296946870362598,0.14002664301767287
hpmcounter9,100,0.142211693799899,0.1369460462047214
hpmcounter9,101,0.1412866557381196,0.13375171440058947
hpmcounter9,102,0.14019226358541456,0.13044395428710992
hpmcounter9,103,0.1389261205505715,0.12702452791877872
hpmcounter9,104,0.13760679924781552,0.12370516398517217
hpmcounter9,105,0.13651146736787245,0.1200240382887046
hpmcounter9,106,0.13520765389265163,0.11628497551801768
hpmcounter9,107,0.13369193476037786,0.1125015466866538
hpmcounter9,108,0.13181731086131498,0.10851146033561927
hpmcounter9,109,0.12974641882546936,0.10452674790576513
hpmcounter9,110,0.1274744309127393,0.1005833300553469
hpmcounter9,111,0.12508645831092524,0.09706129408328876
hpmcounter9,112,0.12269060747109646,0.09421302658277204
hpmcounter9,113,0.12009703432133641,0.09168213178907562
hpmcounter9,114,0.11729870964499219,0.08956761834042876
hpmcounter9,115,0.11397704834835173,0.08836715099230057
hpmcounter9,116,0.11040997522535705,0.08790378837925805
hpmcounter9,117,0.10658623383210744,0.08831805164890384
hpmcounter9,118,0.1042286363918907,0.08834608239678249
hpmcounter9,119,0.10240643580031286,0.08873706610314384
hpmcounter9,120,0.09978170894214551,0.08910741987374507
hpmcounter9,121,0.09801597429758323,0.08980668667810131
hpmcounter9,122,0.0970470343867476,0.089496662795416
hpmcounter9,123,0.0967770877760922,0.08887417687321018
hpmcounter9,124,0.09632432926904488,0.088219606271864
hpmcounter9,125,0.09568661521717056,0.08755522208414708
hpmcounter9,126,0.09486139579870344,0.08690804938186032
hpmcounter9,127,0.09384568397104043,0.08631055287031263
hpmcounter9,128,0.09277039262564471,0.08589931402451174
hpmcounter9,129,0.09147834229161059,0.08569781076741988
hpmcounter9,130,0.09077183221635263,0.0855513786411212
hpmcounter9,131,0.09084597638370198,0.08545688894182556
hpmcounter9,132,0.09253062513618111,0.0856585688424433
hpmcounter9,133,0.09377315457201632,0.08637740065608882
hpmcounter9,134,0.0947787189642168,0.08771271368711883
hpmcounter9,135,0.09588487971251117,0.08936426232124249
hpmcounter9,136,0.09658146116685049,0.09110646002549828
hpmcounter9,137,0.09703372933763107,0.09300034329003726
hpmcounter9,138,0.09726637963195313,0.09519850750045569
hpmcounter9,139,0.09728242539262268,0.09764635534839963
hpmcounter9,140,0.0967068747221341,0.0991369601375749
hpmcounter9,141,0.09619401217348182,0.10000627221271134
hpmcounter9,142,0.0952617041548176,0.10079038511463144
hpmcounter9,143,0.09411417911829807,0.10180366801191963
hpmcounter9,144,0.09285155254577279,0.10292014764320453
hpmcounter9,145,0.09095850374708192,0.10371211738291632
hpmcounter9,146,0.08861164200024615,0.105001955311895
hpmcounter9,147,0.08571052481379608,0.10697835040154102
hpmcounter9,148,0.0824834508008251,0.10976219144463141
hpmcounter9,149,0.0814243651153154,0.11241358875410097
hpmcounter9,150,0.08082935661348738,0.11488593772824873
hpmcounter9,151,0.08032056899195565,0.11720946420263471
hpmcounter9,152,0.08031422178672501,0.11927392111909241
hpmcounter9,153,0.08017128823127033,0.1212784510139936
hpmcounter9,154,0.07997088749614384,0.12311665036943473
hpmcounter9,155,0.07989510875958969,0.12477590079338949
hpmcounter9,156,0.07966250072873482,0.12639649485435853
hpmcounter9,157,0.07919539747080195,0.1277663977380147
hpmcounter9,158,0.07858137410357266,0.12889478722664108
hpmcounter9,159,0.0782275592547123,0.1297050056169558
hpmcounter9,160,0.07772943976086921,0.13027779202901482
hpmcounter9,161,0.07701812243823042,0.13084393144973605
hpmcounter9,162,0.07657550709683411,0.1311428801590072
hpmcounter9,163,0.07621551970780002,0.1312138434267326
hpmcounter9,164,0.07565205527519428,0.1311391608187291
hpmcounter9,165,0.07514765225637274,0.13076422985159378
hpmcounter9,166,0.0745259359861489,0.13030366465432935
hpmcounter9,167,0.07372565709314458,0.12964549741094397
hpmcounter9,168,0.07280324391289084,0.1288945075605255
hpmcounter9,169,0.07183349809922593,0.12793909521279437
hpmcounter9,170,0.07068246137295428,0.12678275337256992
hpmcounter9,171,0.06940012417898107,0.1255192654183903
hpmcounter9,172,0.06798549823302573,0.1241474526707899
hpmcounter9,173,0.06643746233335748,0.12266630595572943
hpmcounter9,174,0.06507650815173835,0.12103261398179277
hpmcounter9,175,0.06369389947713922,0.11908993084772758
hpmcounter9,176,0.06219065323357189,0.11701764267378771
hpmcounter9,177,0.060565328034167074,0.11481349482727377
hpmcounter9,178,0.058859445746014386,0.11230404144076588
hpmcounter9,179,0.05701964232701754,0.10964357714145194
hpmcounter9,180,0.05504391273325267,0.10682867779276467
hpmcounter9,181,0.053352857000800266,0.10390704498604082
hpmcounter9,182,0.05179957413245308,0.10088385349289987
hpmcounter9,183,0.05013957107214417,0.09770159000095129
hpmcounter9,184,0.048426563676258354,0.09433294163688341
hpmcounter9,185,0.046768831420247084,0.09072423513649393
hpmcounter9,186,0.04499438153720169,0.08695669534699171
hpmcounter9,187,0.04343539106027143,0.08301890050085886
hpmcounter9,188,0.04172985350060062,0.07891130690690489
hpmcounter9,189,0.03987485288071381,0.07463002116752167
hpmcounter9,190,0.0379729791089745,0.06957021426120505
hpmcounter9,191,0.03664357402230197,0.06370328038433215
hpmcounter9,192,0.035181045602427935,0.0576290171461308
hpmcounter9,193,0.03357915350887586,0.05138625611982911
hpmcounter9,194,0.03183080117666223,0.045057186269811096
hpmcounter9,195,0.02992788624402381,0.038810574704306974
hpmcounter9,196,0.027861115394841596,0.032991933960934916
hpmcounter9,197,0.025619772994981704,0.02829084731846697
hpmcounter9,198,0.024749733163662198,0.027422565240175504
hpmcounter9,199,0.02380591316679604,0.026833457603112527
hpmcounter9,200,0.023610096976478385,0.027000569340822476
hpmcounter9,201,0.02336330875481739,0.02717888697133291
hpmcounter9,202,0.022953751872449978,0.027028747979884204
hpmcounter9,203,0.022484373473009862,0.026876855692118735
hpmcounter9,204,0.021955010780249064,0.026726373051382483
hpmcounter9,205,0.021365472904543298,0.026581229943250833
hpmcounter9,206,0.020747966879114937,0.02638787741784948
hpmcounter9,207,0.02013958405248114,0.026324613032600194
hpmcounter9,208,0.019466223640758805,0.02626540430595813
hpmcounter9,209,0.018791677365140487,0.026082706910333535
hpmcounter9,210,0.018390675519457493,0.025983173189524762
hpmcounter9,211,0.01829205505148673,0.025507073620740783
hpmcounter9,212,0.01845793834781955,0.024852827199851078
hpmcounter9,213,0.018558502448884958,0.02421055156738756
hpmcounter9,214,0.018836953806206338,0.02372514457473672
hpmcounter9,215,0.019038582625645097,0.023383877043302574
hpmcounter9,216,0.01916383197965225,0.023174046902969436
hpmcounter9,217,0.019213078509242972,0.023082733987772733
hpmcounter9,218,0.019186634826343085,0.023097331952942585
hpmcounter9,219,0.019084751606863327,0.02320602917427819
hpmcounter9,220,0.01890761939967594,0.02339819658167446
hpmcounter9,221,0.018655370173142595,0.023664662915689135
hpmcounter9,222,0.01850516650907125,0.02422628187723217
hpmcounter9,223,0.018287501806766228,0.02481093820324286
hpmcounter9,224,0.0180024681507837,0.025412359908633796
hpmcounter9,225,0.01762477574502631,0.026004991782756236
hpmcounter9,226,0.017181596032699274,0.026625792755963308
hpmcounter9,227,0.017240089064270468,0.027934761731193202
hpmcounter9,228,0.01773573749517278,0.030098194442768077
hpmcounter9,229,0.01827455717838334,0.0321048072112422
hpmcounter9,230,0.018801511860276152,0.03391380837186252
hpmcounter9,231,0.01941216374450752,0.03613721273542525
hpmcounter9,232,0.01996853149924022,0.038261345696514494
hpmcounter9,233,0.020471645368076684,0.04027965288221601
hpmcounter9,234,0.020922445700985164,0.042188251434285916
hpmcounter9,235,0.021321789527969145,0.043985013214539896
hpmcounter9,236,0.021670456378387878,0.045668970344528714
hpmcounter9,237,0.02196915343462446,0.047239922396968184
hpmcounter9,238,0.02221852009582413,0.048698172393333516
hpmcounter9,239,0.02241913201646589,0.05004434673760896
hpmcounter9,240,0.02257150467522768,0.05127927088143808
hpmcounter9,241,0.022676096521668403,0.052403882643071976
hpmcounter9,242,0.02273331174144344,0.0534191713814144
hpmcounter9,243,0.022743502674898695,0.05432613519679009
hpmcounter9,244,0.02270697191879327,0.05512575088905046
hpmcounter9,245,0.022623974136447685,0.05581895308406262
hpmcounter9,246,0.022494717597694072,0.05640662006398143
hpmcounter9,247,0.02231936546652197,0.056889564603928584
hpmcounter9,248,0.022098036851189204,0.057268528652957174
hpmcounter9,249,0.021830807628733826,0.057544181080863704
hpmcounter9,250,0.021517711053219417,0.057717117997429485
hpmcounter9,251,0.021158738154621114,0.05778786537295023
hpmcounter9,252,0.02078501461851894,0.05771683698220563
hpmcounter9,253,0.020469281861998846,0.057487961541940566
hpmcounter9,254,0.020219114649086142,0.057064111502516425
hpmcounter9,255,0.019925458422510044,0.056470230532837055
hpmcounter9,256,0.019631967033490613,0.05563608394169765
hpmcounter9,257,0.019452259397595477,0.05451462115730978
hpmcounter9,258,0.01923356671255726,0.05328490416474677
hpmcounter9,259,0.018975471747437616,0.051945399794135004
hpmcounter9,260,0.018975456889078365,0.05164489968896403
hpmcounter9,261,0.018916187733709924,0.0511570787300017
hpmcounter9,262,0.018797386267262916,0.05048078289855791
hpmcounter9,263,0.01861865427784354,0.04961448220643988
hpmcounter9,264,0.01837946973673876,0.04855627962540906
hpmcounter9,265,0.01807918203814168,0.04730392926991161
hpmcounter9,266,0.017717006006286333,0.04585486935480774
hpmcounter9,267,0.0172920145525943,0.044206279172563874
hpmcounter9,268,0.016803129835329757,0.04235517571906907
hpmcounter9,269,0.016249112738944957,0.04029857697899475
hpmcounter9,270,0.01597779420055326,0.039452957911657746
hpmcounter9,271,0.015659464047212367,0.038473773249745144
hpmcounter9,272,0.015292012304085029,0.03727555442947783
hpmcounter9,273,0.015019962824892394,0.03647770976963878
hpmcounter9,274,0.014688723009962967,0.035515609861655154
hpmcounter9,275,0.014297707767255955,0.03438910915412543
hpmcounter9,276,0.0138805421292168,0.0329982559489062
hpmcounter9,277,0.013354333587206755,0.03127010370741564
hpmcounter9,278,0.012761207349677048,0.029362147125167163
hpmcounter9,279,0.012143023474510368,0.027094157857003667
hpmcounter9,280,0.011414694098677207,0.024471997631123513
hpmcounter9,281,0.010677437080737479,0.02134174647793401
hpmcounter9,282,0.010630333745426077,0.020309015303473246
hpmcounter9,283,0.010546567841321174,0.019216770030061683
hpmcounter9,284,0.010687356347243092,0.018800319270989147
hpmcounter9,285,0.010799504483662676,0.018352152633155
hpmcounter9,286,0.010882958261209774,0.01787335663942209
hpmcounter9,287,0.010937653574733587,0.017365431452554893
hpmcounter9,288,0.010963516018577158,0.01683039206541893
hpmcounter9,289,0.011054519374842742,0.016354684136259904
hpmcounter9,290,0.011112622663607786,0.015879105251251302
hpmcounter9,291,0.011137763164802923,0.015408122190816949
hpmcounter9,292,0.011129865423484566,0.01494747408811545
hpmcounter9,293,0.011088841027400325,0.014504369414583211
hpmcounter9,294,0.011014588357102556,0.014087677043094231
hpmcounter9,295,0.0109206773091794,0.013669974683250706
hpmcounter9,296,0.01079292903595366,0.013301948760269015
hpmcounter9,297,0.010829107968411928,0.013229677921714093
hpmcounter9,298,0.01094565814235524,0.013281756693447486
hpmcounter10,69,0.23329156523619657,0.22703352417168524
hpmcounter10,70,0.21136427156091514,0.22221123265159923
hpmcounter10,71,0.1872531620877474,0.22104937002429506
hpmcounter10,72,0.17746930814173142,0.21036821179623158
hpmcounter10,73,0.16677183883231536,0.2011727126782827
hpmcounter10,74,0.15986411829284417,0.1923268805396807
hpmcounter10,75,0.15424300364543503,0.18345723983095316
hpmcounter10,76,0.14897881678045652,0.17507690231976294
hpmcounter10,77,0.14541687794247196,0.17013327650747032
hpmcounter10,78,0.1426226312135283,0.16724969112999735
hpmcounter10,79,0.13993464611776243,0.1646932509130871
hpmcounter10,80,0.13692360773947454,0.16260914210180916
hpmcounter10,81,0.13496997975826414,0.16171096080626082
hpmcounter10,82,0.133635308679323,0.16113904519894257
hpmcounter10,83,0.13264231907328994,0.16053124901871588
hpmcounter10,84,0.13171635208602545,0.15984010442797986
hpmcounter10,85,0.13082922453766624,0.15885637407610387
hpmcounter10,86,0.12997922430094902,0.1578073043255783
hpmcounter10,87,0.1290987404584206,0.15654671985724408
hpmcounter10,88,0.1281114192934164,0.15499057058067944
hpmcounter10,89,0.12690350859629349,0.15299083392124588
hpmcounter10,90,0.1253817256848106,0.15042459851137185
hpmcounter10,91,0.12357262782160687,0.14745351286866082
hpmcounter10,92,0.12143207152509014,0.14407689085642583
hpmcounter10,93,0.11900328145019709,0.14046901512590643
hpmcounter10,94,0.11630882153139503,0.136726946053391
hpmcounter10,95,0.11321242480470854,0.13288372178451957
hpmcounter10,96,0.10982497797575444,0.1289782197750393
hpmcounter10,97,0.10613617926930338,0.12506193198283583
hpmcounter10,98,0.10234280969029774,0.12103097849558683
hpmcounter10,99,0.09835452844761848,0.11706168710836312
hpmcounter10,100,0.09464782149668524,0.11317765112914958
hpmcounter10,101,0.09119106422325914,0.10913862169457504
hpmcounter10,102,0.0873373884893117,0.10527606408086072
hpmcounter10,103,0.0841576349952259,0.10226825729747588
hpmcounter10,104,0.08120115203730963,0.09962196310442746
hpmcounter10,105,0.07876223992619351,0.09728087076862685
hpmcounter10,106,0.07673188547127927,0.09510058123185647
hpmcounter10,107,0.0746397708943641,0.0928874475759226
hpmcounter10,108,0.07236526385506367,0.09057191916155626
hpmcounter10,109,0.06990442864671811,0.08817533795340177
hpmcounter10,110,0.06763601042338832,0.08566313114819164
hpmcounter10,111,0.0655024750535386,0.08296233261156298
hpmcounter10,112,0.06349891483782004,0.08014678769304044
hpmcounter10,113,0.06133880591508597,0.0771192569340961
hpmcounter10,114,0.05901854651096618,0.07388338592533183
hpmcounter10,115,0.05670799034025559,0.07041664128576358
hpmcounter10,116,0.054425926630620104,0.06666095531860972
hpmcounter10,117,0.052089831375995724,0.06259179696231827
hpmcounter10,118,0.04953419446251958,0.0582303947303548
hpmcounter10,119,0.046699027613949104,0.05354104278599186
hpmcounter10,120,0.04367974314862473,0.04863325171072671
hpmcounter10,121,0.04048031154282621,0.043511910680416745
hpmcounter10,122,0.03704138208985788,0.03821287590054614
hpmcounter10,123,0.03338569194568865,0.032769910982083456
hpmcounter10,124,0.029521651127978072,0.027576324273814047
hpmcounter10,125,0.025829749920830637,0.023892813936634533
hpmcounter10,126,0.022847617541059215,0.021507985922962856
hpmcounter10,127,0.020462923841521957,0.019975348482122957
hpmcounter10,128,0.018329188336410347,0.01889631421232342
hpmcounter10,129,0.016700600958236757,0.01814413120693879
hpmcounter10,130,0.015332484808260768,0.01753252290395553
hpmcounter10,131,0.014330778835727767,0.01684605203563748
hpmcounter10,132,0.013525487652611811,0.01604007354561186
hpmcounter10,133,0.012851133261440748,0.015214040838374038
hpmcounter10,134,0.012151611558280498,0.01447734590767596
hpmcounter10,135,0.011501049528965152,0.013845505975974965
hpmcounter10,136,0.01083135122055741,0.01335265078717203
hpmcounter10,137,0.010318733759812663,0.01288628166818661
hpmcounter10,138,0.009890804252739412,0.01237942203319586
hpmcounter10,139,0.009604921151613132,0.01180606919167214
hpmcounter10,140,0.00940079651170822,0.01117586428779836
hpmcounter10,141,0.009290687809341048,0.010597218005190834
hpmcounter10,142,0.009300795047764421,0.01016859169353502
hpmcounter10,143,0.009538093099750422,0.010126995488599471
hpmcounter10,144,0.010033444024641677,0.010756257163775276
hpmcounter10,145,0.010798625302064494,0.012248762088418361
hpmcounter10,146,0.011715415858557694,0.013973100666775621
hpmcounter10,147,0.012807884310902528,0.015779098652879967
hpmcounter10,148,0.014174756515339356,0.01756006736194437
hpmcounter10,149,0.015687471176965857,0.019351420063237833
hpmcounter10,150,0.017264903916271238,0.021234264008896598
hpmcounter10,151,0.018850803853263817,0.023159432307745313
hpmcounter10,152,0.020425287706936468,0.025060814259157595
hpmcounter10,153,0.021970269302507485,0.026904200630295354
hpmcounter10,154,0.023513083381775234,0.02865746025946193
hpmcounter10,155,0.024986012556818808,0.030382468245413782
hpmcounter10,156,0.026443353834558137,0.03197607964713313
hpmcounter10,157,0.02789536858622619,0.033410200838196576
hpmcounter10,158,0.029284818400140904,0.0345552797026112
hpmcounter10,159,0.03066117142998252,0.03559452265692403
hpmcounter10,160,0.032050433109702466,0.03650840494882487
hpmcounter10,161,0.033468346852383694,0.03732351504033699
hpmcounter10,162,0.03482880908532919,0.038117282228647464
hpmcounter10,163,0.036159544666134066,0.038855325848083204
hpmcounter10,164,0.03741428551098676,0.03955887922201981
hpmcounter10,165,0.03865603854247125,0.04021957356449751
hpmcounter10,166,0.03996927080710339,0.04090744409656295
hpmcounter10,167,0.04130199713298084,0.04152765554436098
hpmcounter10,168,0.04257859640038643,0.04211015600739399
hpmcounter10,169,0.043764356188996205,0.042655545521240554
hpmcounter10,170,0.04485976467331882,0.04316150231823416
hpmcounter10,171,0.04592116811832109,0.0436018654577982
hpmcounter10,172,0.046979108043406936,0.04399330125399692
hpmcounter10,173,0.04813442747801763,0.04421688085825885
hpmcounter10,174,0.04928466509035169,0.04425095030675274
hpmcounter10,175,0.050426021521661646,0.04416363005623442
hpmcounter10,176,0.05145000918716848,0.044037529144447474
hpmcounter10,177,0.052357074874325484,0.04387029201671003
hpmcounter10,178,0.053147598103098624,0.04365998740582035
hpmcounter10,179,0.05382189192969827,0.043405087190287205
hpmcounter10,180,0.05438020358576935,0.04310445295439159
hpmcounter10,181,0.054822714956615434,0.04275733065022883
hpmcounter10,182,0.055149542901048634,0.04236335389829064
hpmcounter10,183,0.05536073941450363,0.04192255665208638
hpmcounter10,184,0.05550206633887578,0.0413785009665437
hpmcounter10,185,0.05560044239753,0.04071407671771531
hpmcounter10,186,0.055758673180651405,0.03988037343765538
hpmcounter10,187,0.05603387471090178,0.03892466100145914
hpmcounter10,188,0.056290470289084626,0.03791807176114587
hpmcounter10,189,0.056522903449822345,0.03678830278703186
hpmcounter10,190,0.05661099945655893,0.0358114470793822
hpmcounter10,191,0.05661667601200247,0.03499917721020769
hpmcounter10,192,0.05656303626412544,0.03436505615013829
hpmcounter10,193,0.05648680278568348,0.033908494486525616
hpmcounter10,194,0.05659084961703981,0.03392401658665787
hpmcounter10,195,0.05654663453720592,0.03408868216599085
hpmcounter10,196,0.05635468020410539,0.034384040972583754
hpmcounter10,197,0.05595243533137534,0.03475717965890426
hpmcounter10,198,0.055399710785204094,0.03522880276753539
hpmcounter10,199,0.054747451248752424,0.035750428620327485
hpmcounter10,200,0.0539408738236152,0.03634518430462546
hpmcounter10,201,0.05297980912081059,0.037005232447184795
hpmcounter10,202,0.05185861264356277,0.03761374619571435
hpmcounter10,203,0.05066228795572175,0.03844066850504493
hpmcounter10,204,0.049312843093461164,0.03935204160970538
hpmcounter10,205,0.04780959250839705,0.040345706951787554
hpmcounter10,206,0.046117533336429005,0.041398345730637824
hpmcounter10,207,0.04422929255516759,0.04245863599329012
hpmcounter10,208,0.042427721964636345,0.04337166550186937
hpmcounter10,209,0.040554351264204244,0.04418657796545624
hpmcounter10,210,0.038907560385029676,0.04483449305613431
hpmcounter10,211,0.0374347053567896,0.045303538031801475
hpmcounter10,212,0.036086336111252656,0.045597887738450915
hpmcounter10,213,0.03490120246775076,0.045624269651333406
hpmcounter10,214,0.03380505703584924,0.045405252994741095
hpmcounter10,215,0.032728763313082256,0.04497230165988706
hpmcounter10,216,0.03174307352451648,0.04431579720643443
hpmcounter10,217,0.030800400659236095,0.04345835344786595
hpmcounter10,218,0.029954907289516226,0.04235984727536775
hpmcounter10,219,0.029065823238328604,0.04109417932816405
hpmcounter10,220,0.028043778554652947,0.03968423601724222
hpmcounter10,221,0.026930288374572182,0.0381717538345568
hpmcounter10,222,0.025805050135875203,0.03647602888381368
hpmcounter10,223,0.02463829584607402,0.034579128302127525
hpmcounter10,224,0.023402924584658685,0.03249206137264988
hpmcounter10,225,0.022271295713259386,0.03069283402310931
hpmcounter10,226,0.021406733711155104,0.029469247685897954
hpmcounter10,227,0.020809882168991788,0.028710572618304748
hpmcounter10,228,0.02045834730678625,0.028304084595867442
hpmcounter10,229,0.020288772915750403,0.0280216590591234
hpmcounter10,230,0.02029659749848104,0.02793142667017436
hpmcounter10,231,0.020497043820575652,0.028122477290414016
hpmcounter10,232,0.020820925841619833,0.0287836679275078
hpmcounter10,233,0.021044516214541058,0.02981691660859236
hpmcounter10,234,0.021199345419585465,0.031156805445990608
hpmcounter10,235,0.021435343254607258,0.03262447739115082
hpmcounter10,236,0.02164713320427598,0.03418405025593296
hpmcounter10,237,0.02179132796418538,0.03584240983719635
hpmcounter10,238,0.021945596564351133,0.037526861868189564
hpmcounter10,239,0.02204063270688212,0.03925897325423175
hpmcounter10,240,0.022077144867650642,0.04101550874358446
hpmcounter10,241,0.022099685768123004,0.0427380502217155
hpmcounter10,242,0.022143250541573626,0.04437652571952615
hpmcounter10,243,0.022229292433955362,0.04592012983147033
hpmcounter10,244,0.02234273803997839,0.0473853145948246
hpmcounter10,245,0.022467273306941565,0.04880196508323221
hpmcounter10,246,0.02265944070940884,0.05016412941066233
hpmcounter10,247,0.022970482324556583,0.05145565576942178
hpmcounter10,248,0.02330366874229344,0.05270024481386741
hpmcounter10,249,0.023570903002803314,0.05394484127537925
hpmcounter10,250,0.02377253305643636,0.05518545835156932
hpmcounter10,251,0.023908855225782375,0.056419211798465874
hpmcounter10,252,0.02398011576514965,0.05764416704931904
hpmcounter10,253,0.02399584222123717,0.058823762268804314
hpmcounter10,254,0.024140173512267125,0.059880896300256455
hpmcounter10,255,0.02441754057468364,0.06077288393798321
hpmcounter10,256,0.02482702195324734,0.06148778791358022
hpmcounter10,257,0.025237055780796998,0.06211193441665212
hpmcounter10,258,0.02561705332811976,0.06265080800158211
hpmcounter10,259,0.025927845380967086,0.06310773021028247
hpmcounter10,260,0.026303216214922015,0.0634583321683061
hpmcounter10,261,0.026874409964508635,0.06365845286703314
hpmcounter10,262,0.02744280055616936,0.06378726645932388
hpmcounter10,263,0.027958971727622718,0.06380060080705217
hpmcounter10,264,0.028471205024224622,0.06365626384360622
hpmcounter10,265,0.029000465973372126,0.06342051407010453
hpmcounter10,266,0.02966861097171748,0.06312537349823269
hpmcounter10,267,0.030501216684220355,0.06278081714280298
hpmcounter10,268,0.031567906770803164,0.06242074155430441
hpmcounter10,269,0.03273866409622449,0.06212449272583409
hpmcounter10,270,0.03406925192683856,0.06195799501653003
hpmcounter10,271,0.03556279043874144,0.06196836991150371
hpmcounter10,272,0.03723568137137648,0.062282620432112225
hpmcounter10,273,0.03907679370967676,0.06307831094924461
hpmcounter10,274,0.04076911119998865,0.06404762648464563
hpmcounter10,275,0.04234493656754812,0.06523502356469035
hpmcounter10,276,0.043822886418401395,0.06660037674117046
hpmcounter10,277,0.045243286768540086,0.06805242086883735
hpmcounter10,278,0.04654921408921488,0.06951686607176645
hpmcounter10,279,0.04778494532159065,0.07097502025720885
hpmcounter10,280,0.04888213669676119,0.0721703799828102
hpmcounter10,281,0.049827741573119894,0.07319671234477786
hpmcounter10,282,0.05062268577894624,0.07405584829658812
hpmcounter10,283,0.051267604680614774,0.07475119284654759
hpmcounter10,284,0.05176284712295272,0.07528766534790597
hpmcounter10,285,0.052150290972770255,0.07557894238457115
hpmcounter10,286,0.05238760948751524,0.07573228637446278
hpmcounter10,287,0.05247425478124895,0.075757903893027
hpmcounter10,288,0.05240938387205427,0.07566829266467824
hpmcounter10,289,0.052191847032656856,0.07547866577783334
hpmcounter10,290,0.05182017253082184,0.07520747999147195
hpmcounter10,291,0.05129254734260559,0.07487707287081571
hpmcounter10,292,0.05060212856090061,0.07446449211040082
hpmcounter10,293,0.0498448882161516,0.07398693770154413
hpmcounter10,294,0.049223211981735286,0.07352216405692787
hpmcounter10,295,0.0487576946541247,0.07299897375795768
hpmcounter10,296,0.04845680158971105,0.07235436111929536
hpmcounter10,297,0.04832260052348826,0.07155941979678727
hpmcounter10,298,0.04822530205750061,0.07065841144222491
