iter,mcycle,minstret,pc,hpmcounter3,hpmcounter4,hpmcounter5,hpmcounter6,hpmcounter7,hpmcounter8,hpmcounter9,hpmcounter10
0,0x11b86b,0x9c462,0x80008aa2,0x26,0x0,0x18d,0x4f78f,0x43f9,0x25da3,0x21dd,0x0
1,0x13a600,0xb9d7b,0x80008aa2,0x3a26,0xc,0x27b,0x4f797,0xb391,0x350b1,0x21e5,0x0
2,0x159618,0xd7a1f,0x80008aa2,0x7547,0x21,0x325,0x4f79f,0x123b9,0x445ed,0x21e9,0x0
3,0x17883f,0xf5870,0x80008aa2,0xb081,0x36,0x3db,0x4f7a7,0x1944f,0x53c3a,0x21ec,0x0
4,0x197d3b,0x113929,0x80008aa2,0xebd8,0x4b,0x4a3,0x4f7ad,0x2055b,0x63422,0x21ef,0x0
5,0x1b73f8,0x131c52,0x80008aa2,0x12748,0x60,0x561,0x4f7b3,0x276d1,0x72da1,0x21f2,0x0
6,0x1d6cbc,0x150162,0x80008aa2,0x162d2,0x75,0x626,0x4f7b9,0x2e8b4,0x82865,0x21f6,0x0
7,0x1f6713,0x16e817,0x80008aa2,0x19e78,0x8a,0x6d6,0x4f7bf,0x35afe,0x92406,0x21fa,0x0
8,0x2163bc,0x18d165,0x80008aa2,0x1da39,0x9f,0x78d,0x4f7c5,0x3cdbd,0xa2190,0x21fd,0x0
9,0x236211,0x1abc2a,0x80008aa2,0x21613,0xb4,0x847,0x4f7cb,0x440e3,0xb1fd9,0x2200,0x0
10,0x2562da,0x1ca97b,0x80008aa2,0x25208,0xc9,0x909,0x4f7d1,0x4b477,0xc1fdc,0x2203,0x0
11,0x2765ba,0x1e98e0,0x80008aa2,0x28e1f,0xde,0x9c0,0x4f7d9,0x52877,0xd2137,0x2206,0x0
12,0x29684c,0x208881,0x80008aa2,0x2ca38,0xf3,0xa6c,0x4f7e1,0x59c79,0xe22cc,0x2209,0x0
13,0x2b6ab7,0x2277bd,0x80008aa2,0x3064f,0x108,0xb23,0x4f7e9,0x61072,0xf23f0,0x220c,0x0
14,0x2d6e19,0x2467c1,0x80008aa2,0x34269,0x11d,0xbe2,0x4f7ef,0x68477,0x1025c1,0x220f,0x0
15,0x2f7112,0x265710,0x80008aa2,0x37e84,0x132,0xca3,0x4f7f5,0x6f87e,0x112702,0x2212,0x0
16,0x3173d9,0x284622,0x80008aa2,0x3ba98,0x147,0xd65,0x4f7fb,0x76c81,0x12280c,0x2215,0x0
17,0x337769,0x2a35d4,0x80008aa2,0x3f6ac,0x15c,0xe2f,0x4f801,0x7e084,0x132977,0x2218,0x0
18,0x357abc,0x2c259d,0x80008aa2,0x432c1,0x171,0xeec,0x4f807,0x85488,0x142b01,0x221b,0x0
19,0x377dec,0x2e158f,0x80008aa2,0x46ed7,0x186,0xf9c,0x4f80d,0x8c88b,0x152c98,0x221e,0x0
20,0x3981c9,0x300596,0x80008aa2,0x4aaed,0x19b,0x1067,0x4f813,0x93c90,0x162e4a,0x2221,0x0
21,0x3b84a8,0x31f4af,0x80008aa2,0x4e701,0x1b0,0x1122,0x4f81b,0x9b091,0x172f52,0x2224,0x0
22,0x3d87c7,0x33e40e,0x80008aa2,0x5231a,0x1c5,0x11e4,0x4f823,0xa248d,0x18307e,0x2227,0x0
23,0x3f8b1d,0x35d393,0x80008aa2,0x55f35,0x1da,0x1299,0x4f82b,0xa9893,0x1931e8,0x222b,0x0
24,0x418dc0,0x37c319,0x80008aa2,0x59b52,0x1ef,0x1341,0x4f831,0xb0c90,0x1a3358,0x222f,0x0
25,0x439065,0x39b23d,0x80008aa2,0x5d76d,0x204,0x13f2,0x4f837,0xb8095,0x1b347b,0x2232,0x0
26,0x4592ea,0x3ba169,0x80008aa2,0x61386,0x219,0x149a,0x4f83d,0xbf495,0x1c358d,0x2235,0x0
27,0x479593,0x3d90b9,0x80008aa2,0x64f9f,0x22e,0x154b,0x4f843,0xc689a,0x1d36c5,0x2238,0x0
28,0x499858,0x3f7fc8,0x80008aa2,0x68bb7,0x243,0x1602,0x4f849,0xcdc99,0x1e37cb,0x223b,0x0
29,0x4b9b2b,0x416f73,0x80008aa2,0x6c7d3,0x258,0x16b7,0x4f84f,0xd5099,0x1f3941,0x223e,0x0
30,0x4d9e6f,0x435f80,0x80008aa2,0x703eb,0x26d,0x176e,0x4f855,0xdc49c,0x203b07,0x2241,0x0
31,0x4fa170,0x454eed,0x80008aa2,0x74005,0x282,0x1823,0x4f85d,0xe38a0,0x213c5e,0x2244,0x0
32,0x51a465,0x473dd9,0x80008aa2,0x77c21,0x297,0x18e8,0x4f865,0xeaca8,0x223d4a,0x2247,0x0
33,0x53a773,0x492d83,0x80008aa2,0x7b83b,0x2ac,0x19a0,0x4f86d,0xf20a9,0x233ecc,0x224a,0x0
34,0x55ab5a,0x4b1db9,0x80008aa2,0x7f455,0x2c1,0x1a68,0x4f873,0xf94aa,0x2440a2,0x224d,0x0
35,0x57ae37,0x4d0cf1,0x80008aa2,0x8306c,0x2d6,0x1b2a,0x4f879,0x1008aa,0x2541bf,0x2250,0x0
36,0x59b1a8,0x4efca7,0x80008aa2,0x86c83,0x2eb,0x1be8,0x4f87f,0x107cb5,0x264342,0x2253,0x0
37,0x5bb496,0x50ec5c,0x80008aa2,0x8a89b,0x300,0x1ca3,0x4f885,0x10f0b1,0x2744c1,0x2256,0x0
38,0x5db791,0x52dba6,0x80008aa2,0x8e4b7,0x315,0x1d58,0x4f88b,0x1164b4,0x2845fd,0x2259,0x0
39,0x5fbb0d,0x54cb84,0x80008aa2,0x920d0,0x32a,0x1e16,0x4f891,0x11d8b3,0x2947a3,0x225c,0x0
40,0x61be4f,0x56bb2f,0x80008aa2,0x95ce9,0x33f,0x1ed7,0x4f897,0x124cb6,0x2a4936,0x225f,0x0
41,0x63c1e3,0x58ab31,0x80008aa2,0x99902,0x354,0x1f8d,0x4f89f,0x12c0b6,0x2b4aea,0x2262,0x0
42,0x65c4c1,0x5a9acf,0x80008aa2,0x9d51c,0x369,0x2039,0x4f8a7,0x1334b8,0x2c4c81,0x2265,0x0
43,0x67c7ac,0x5c8a3f,0x80008aa2,0xa1136,0x37e,0x20eb,0x4f8af,0x13a8bb,0x2d4dc9,0x2268,0x0
44,0x69ca69,0x5e7988,0x80008aa2,0xa4d4c,0x393,0x218d,0x4f8b5,0x141cbc,0x2e4f0f,0x226b,0x0
45,0x6bcccf,0x606860,0x80008aa2,0xa8966,0x3a8,0x2237,0x4f8bb,0x1490c1,0x2f4ff5,0x226e,0x0
46,0x6dcfe2,0x6257ef,0x80008aa2,0xac580,0x3bd,0x22ec,0x4f8c1,0x1504c6,0x305152,0x2271,0x0
47,0x6fd3ac,0x6447cf,0x80008aa2,0xb019a,0x3d2,0x23ae,0x4f8c7,0x1578cb,0x3152ea,0x2274,0x0
48,0x71d6f4,0x663797,0x80008aa2,0xb3db4,0x3e7,0x2473,0x4f8cd,0x15eccd,0x325478,0x2277,0x0
49,0x73da56,0x682715,0x80008aa2,0xb79ce,0x3fc,0x2543,0x4f8d3,0x1660cf,0x3355e0,0x227a,0x0
50,0x75ddd5,0x6a16df,0x80008aa2,0xbb5e8,0x411,0x25fc,0x4f8d9,0x16d4d5,0x34576d,0x227d,0x0
51,0x77e0f8,0x6c06e8,0x80008aa2,0xbf200,0x426,0x26b4,0x4f8e1,0x1748d9,0x35593e,0x2280,0x0
52,0x79e460,0x6df65a,0x80008aa2,0xc2e1a,0x43b,0x277f,0x4f8e9,0x17bce6,0x365a99,0x2283,0x0
53,0x7be753,0x6fe5bb,0x80008aa2,0xc6a30,0x450,0x2834,0x4f8f1,0x1830e9,0x375bd1,0x2286,0x0
54,0x7dea62,0x71d572,0x80008aa2,0xca64a,0x465,0x28f1,0x4f8f7,0x18a4e9,0x385d45,0x2289,0x0
55,0x7fed59,0x73c538,0x80008aa2,0xce261,0x47a,0x299b,0x4f8fd,0x1918ee,0x395eeb,0x228c,0x0
56,0x81f02a,0x75b49d,0x80008aa2,0xd1e79,0x48f,0x2a55,0x4f903,0x198cec,0x3a6040,0x228f,0x0
57,0x83f310,0x77a45b,0x80008aa2,0xd5a93,0x4a4,0x2b08,0x4f909,0x1a00e8,0x3b61c4,0x2292,0x0
58,0x85f64d,0x799406,0x80008aa2,0xd96a9,0x4b9,0x2bbb,0x4f90f,0x1a74e9,0x3c6349,0x2295,0x0
59,0x87f8d9,0x7b8371,0x80008aa2,0xdd2bf,0x4ce,0x2c68,0x4f915,0x1ae8e9,0x3d6498,0x2298,0x0
60,0x89fc3b,0x7d730e,0x80008aa2,0xe0ed5,0x4e3,0x2d24,0x4f91b,0x1b5cf2,0x3e65fa,0x229b,0x0
61,0x8bfee1,0x7f626e,0x80008aa2,0xe4aeb,0x4f8,0x2dcf,0x4f923,0x1bd0f0,0x3f673c,0x229e,0x0
62,0x8e0166,0x8151fe,0x80008aa2,0xe86ff,0x50d,0x2e71,0x4f92b,0x1c44e9,0x4068b0,0x22a1,0x0
63,0x90041e,0x83419b,0x80008aa2,0xec316,0x522,0x2f1d,0x4f933,0x1cb8e2,0x416a29,0x22a4,0x0
64,0x920744,0x85317b,0x80008aa2,0xeff30,0x537,0x2fcf,0x4f939,0x1d2cdc,0x426bb8,0x22a7,0x0
65,0x9409c2,0x872092,0x80008aa2,0xf3b4a,0x54c,0x307c,0x4f93f,0x1da0d7,0x436cca,0x22aa,0x0
66,0x960cbe,0x890fdc,0x80008aa2,0xf7764,0x561,0x3134,0x4f945,0x1e14d9,0x446df0,0x22ad,0x0
67,0x980fef,0x8affe0,0x80008aa2,0xfb37e,0x576,0x31f2,0x4f94b,0x1e88da,0x456fa2,0x22b0,0x0
68,0x9a12f6,0x8cefa7,0x80008aa2,0xfef98,0x58b,0x329c,0x4f951,0x1efcda,0x467124,0x22b3,0x0
69,0x9c165e,0x8edfda,0x80008aa2,0x102bb2,0x5a0,0x334d,0x4f957,0x1f70d7,0x4772fa,0x22b6,0x0
70,0x9e192d,0x90cefd,0x80008aa2,0x1067c8,0x5b5,0x3400,0x4f95d,0x1fe4db,0x48740f,0x22b9,0x0
71,0xa01bcb,0x92be37,0x80008aa2,0x10a3e1,0x5ca,0x34a9,0x4f965,0x2058d9,0x497542,0x22bc,0x0
72,0xa21e86,0x94ada4,0x80008aa2,0x10dffb,0x5df,0x3559,0x4f96d,0x20ccd1,0x4a768f,0x22bf,0x0
73,0xa42111,0x969cd8,0x80008aa2,0x111c15,0x5f4,0x3607,0x4f975,0x2140d1,0x4b77b6,0x22c2,0x0
74,0xa62489,0x988cdb,0x80008aa2,0x11582c,0x609,0x36b8,0x4f97b,0x21b4d6,0x4c795d,0x22c5,0x0
75,0xa82791,0x9a7c37,0x80008aa2,0x119447,0x61e,0x3771,0x4f981,0x2228da,0x4d7aa3,0x22c8,0x0
76,0xaa2aaf,0x9c6b9c,0x80008aa2,0x11d062,0x633,0x381b,0x4f987,0x229ce0,0x4e7be3,0x22cb,0x0
77,0xac2d84,0x9e5aaf,0x80008aa2,0x120c7b,0x648,0x38d0,0x4f98d,0x2310e9,0x4f7cf1,0x22ce,0x0
78,0xae30f1,0xa04a16,0x80008aa2,0x124896,0x65d,0x3993,0x4f993,0x2384ef,0x507e24,0x22d1,0x0
79,0xb033f4,0xa239b8,0x80008aa2,0x1284af,0x672,0x3a54,0x4f999,0x23f8f1,0x517f9d,0x22d4,0x0
80,0xb236cf,0xa42957,0x80008aa2,0x12c0c5,0x687,0x3afe,0x4f99f,0x246cf5,0x528111,0x22d7,0x0
81,0xb439ab,0xa61891,0x80008aa2,0x12fcda,0x69c,0x3bb2,0x4f9a7,0x24e0f2,0x538232,0x22da,0x0
82,0xb63ce6,0xa80815,0x80008aa2,0x1338f0,0x6b1,0x3c72,0x4f9af,0x2554f4,0x548383,0x22dd,0x0
83,0xb83fef,0xa9f782,0x80008aa2,0x137509,0x6c6,0x3d30,0x4f9b7,0x25c8f5,0x5584d1,0x22e0,0x0
84,0xba431b,0xabe758,0x80008aa2,0x13b122,0x6db,0x3de4,0x4f9bd,0x263cf6,0x56866f,0x22e3,0x0
85,0xbc45e3,0xadd6b5,0x80008aa2,0x13ed3a,0x6f0,0x3e93,0x4f9c3,0x26b0fa,0x5787b9,0x22e6,0x0
86,0xbe4908,0xafc66a,0x80008aa2,0x142954,0x705,0x3f4b,0x4f9c9,0x272500,0x58893f,0x22e9,0x0
87,0xc04c15,0xb1b610,0x80008aa2,0x14656d,0x71a,0x4009,0x4f9cf,0x2798ff,0x598acc,0x22ec,0x0
88,0xc24e77,0xb3a560,0x80008aa2,0x14a184,0x72f,0x40b5,0x4f9d5,0x280cff,0x5a8bfc,0x22ef,0x0
89,0xc4510b,0xb594ca,0x80008aa2,0x14dd9b,0x744,0x415e,0x4f9db,0x288103,0x5b8d51,0x22f2,0x0
90,0xc65419,0xb78473,0x80008aa2,0x1519b4,0x759,0x421f,0x4f9e1,0x28f502,0x5c8ebc,0x22f5,0x0
91,0xc85711,0xb97397,0x80008aa2,0x1555cb,0x76e,0x42dc,0x4f9e9,0x296907,0x5d8fe2,0x22f8,0x0
92,0xca59d8,0xbb62b3,0x80008aa2,0x1591e4,0x783,0x4398,0x4f9f1,0x29dd0e,0x5e90e9,0x22fb,0x0
93,0xcc5d39,0xbd5263,0x80008aa2,0x15cdfd,0x798,0x4462,0x4f9f9,0x2a5111,0x5f925a,0x22fe,0x0
94,0xce610b,0xbf4208,0x80008aa2,0x160a18,0x7ad,0x4530,0x4f9ff,0x2ac517,0x6093cc,0x2301,0x0
95,0xd06497,0xc131be,0x80008aa2,0x164631,0x7c2,0x45fb,0x4fa05,0x2b391b,0x61953f,0x2304,0x0
96,0xd2676f,0xc320fc,0x80008aa2,0x168249,0x7d7,0x46b0,0x4fa0b,0x2bad20,0x62966c,0x2307,0x0
97,0xd46a77,0xc51073,0x80008aa2,0x16be62,0x7ec,0x475c,0x4fa11,0x2c2123,0x6397cc,0x230a,0x0
98,0xd66d38,0xc6ffc7,0x80008aa2,0x16fa79,0x801,0x480f,0x4fa17,0x2c9529,0x649906,0x230d,0x0
99,0xd87084,0xc8f022,0x80008aa2,0x173691,0x816,0x48bc,0x4fa1d,0x2d0925,0x659af9,0x2310,0x0
100,0xda73af,0xcadfaa,0x80008aa2,0x1772ab,0x82b,0x4972,0x4fa23,0x2d7d29,0x669c55,0x2313,0x0
101,0xdc766e,0xcccee8,0x80008aa2,0x17aec0,0x840,0x4a24,0x4fa2b,0x2df12c,0x679d7c,0x2316,0x0
102,0xde7960,0xcebe5f,0x80008aa2,0x17ead7,0x855,0x4ae0,0x4fa33,0x2e652d,0x689ee2,0x2319,0x0
103,0xe07c1c,0xd0ad95,0x80008aa2,0x1826ee,0x86a,0x4b88,0x4fa3b,0x2ed92c,0x69a003,0x231c,0x0
104,0xe27fbc,0xd29d9f,0x80008aa2,0x186303,0x87f,0x4c46,0x4fa41,0x2f4d2f,0x6aa1b7,0x231f,0x0
105,0xe4826d,0xd48cfc,0x80008aa2,0x189f1c,0x894,0x4cf1,0x4fa47,0x2fc134,0x6ba306,0x2322,0x0
106,0xe68578,0xd67c25,0x80008aa2,0x18db35,0x8a9,0x4d9e,0x4fa4d,0x30353d,0x6ca418,0x2325,0x0
107,0xe88877,0xd86bba,0x80008aa2,0x19174e,0x8be,0x4e58,0x4fa53,0x30a93f,0x6da576,0x2328,0x0
108,0xea8bb4,0xda5b40,0x80008aa2,0x195363,0x8d3,0x4f16,0x4fa59,0x311d45,0x6ea6d9,0x232b,0x0
109,0xec8ee9,0xdc4adc,0x80008aa2,0x198f77,0x8e8,0x4fc3,0x4fa5f,0x319149,0x6fa83c,0x232e,0x0
110,0xee92a6,0xde3a60,0x80008aa2,0x19cb8e,0x8fd,0x5094,0x4fa65,0x320550,0x70a99e,0x2331,0x0
111,0xf095a4,0xe02960,0x80008aa2,0x1a07a7,0x912,0x5143,0x4fa6d,0x327956,0x71aa9a,0x2334,0x0
112,0xf298a6,0xe2186c,0x80008aa2,0x1a43bd,0x927,0x51f8,0x4fa75,0x32ed60,0x72ab96,0x2337,0x0
113,0xf49c69,0xe407f5,0x80008aa2,0x1a7fd1,0x93c,0x52c8,0x4fa7d,0x336168,0x73acea,0x233a,0x0
114,0xf69f81,0xe5f771,0x80008aa2,0x1abbe7,0x951,0x5375,0x4fa83,0x33d570,0x74ae34,0x233d,0x0
115,0xf8a284,0xe7e702,0x80008aa2,0x1af7ff,0x966,0x5426,0x4fa89,0x344977,0x75af9f,0x2340,0x0
116,0xfaa5b9,0xe9d665,0x80008aa2,0x1b3417,0x97b,0x54de,0x4fa8f,0x34bd7e,0x76b0de,0x2343,0x0
117,0xfca886,0xebc528,0x80008aa2,0x1b702f,0x990,0x559d,0x4fa95,0x353186,0x77b1a4,0x2346,0x0
118,0xfeab80,0xedb499,0x80008aa2,0x1bac45,0x9a5,0x5650,0x4fa9b,0x35a58d,0x78b2f6,0x2349,0x0
119,0x100ae9b,0xefa46e,0x80008aa2,0x1be85f,0x9ba,0x56f9,0x4faa1,0x361991,0x79b490,0x234c,0x0
120,0x102b164,0xf193da,0x80008aa2,0x1c247a,0x9cf,0x57a9,0x4faa7,0x368d95,0x7ab5ea,0x234f,0x0
121,0x104b3ca,0xf382be,0x80008aa2,0x1c6090,0x9e4,0x584f,0x4faaf,0x370199,0x7bb6c8,0x2352,0x0
122,0x106b70e,0xf5723b,0x80008aa2,0x1c9caa,0x9f9,0x5903,0x4fab7,0x37759f,0x7cb809,0x2355,0x0
123,0x108ba29,0xf761de,0x80008aa2,0x1cd8bf,0xa0e,0x59b7,0x4fabf,0x37e99b,0x7db963,0x2358,0x0
124,0x10abd04,0xf9514e,0x80008aa2,0x1d14d7,0xa23,0x5a68,0x4fac5,0x385d9d,0x7ebaa1,0x235b,0x0
125,0x10cbfeb,0xfb407a,0x80008aa2,0x1d50f3,0xa38,0x5b2f,0x4facb,0x38d19f,0x7fbbbb,0x235e,0x0
126,0x10ec28a,0xfd300f,0x80008aa2,0x1d8d0d,0xa4d,0x5bd4,0x4fad1,0x39459e,0x80bd1c,0x2361,0x0
127,0x110c62d,0xff1fe5,0x80008aa2,0x1dc927,0xa62,0x5ca2,0x4fad7,0x39b99d,0x81bea8,0x2364,0x0
128,0x112c944,0x1010f85,0x80008aa2,0x1e0541,0xa77,0x5d61,0x4fadd,0x3a2d9a,0x82c014,0x2367,0x0
129,0x114cc20,0x102feeb,0x80008aa2,0x1e4159,0xa8c,0x5e19,0x4fae3,0x3aa19e,0x83c154,0x236a,0x0
130,0x116cf14,0x104ee0b,0x80008aa2,0x1e7d77,0xaa1,0x5ed2,0x4fae9,0x3b15a8,0x84c260,0x236d,0x0
131,0x118d21f,0x106ddbb,0x80008aa2,0x1eb991,0xab6,0x5f83,0x4faf1,0x3b89ac,0x85c3f5,0x2370,0x0
132,0x11ad4bc,0x108cd1a,0x80008aa2,0x1ef5a9,0xacb,0x6032,0x4faf9,0x3bfdae,0x86c54a,0x2373,0x0
133,0x11cd822,0x10abd0e,0x80008aa2,0x1f31c3,0xae0,0x60f0,0x4fb01,0x3c71ab,0x87c6f2,0x2376,0x0
134,0x11edb5b,0x10cacc6,0x80008aa2,0x1f6ddb,0xaf5,0x619f,0x4fb07,0x3ce5b2,0x88c85c,0x2379,0x0
135,0x120dee1,0x10e9c3e,0x80008aa2,0x1fa9f2,0xb0a,0x625e,0x4fb0d,0x3d59b6,0x89c9a3,0x237c,0x0
136,0x122e204,0x1108b79,0x80008aa2,0x1fe60b,0xb1f,0x6321,0x4fb13,0x3dcdb9,0x8acad4,0x237f,0x0
137,0x124e50d,0x1127b09,0x80008aa2,0x202225,0xb34,0x63d5,0x4fb19,0x3e41be,0x8bcc41,0x2382,0x0
138,0x126e7e4,0x1146a84,0x80008aa2,0x205e3f,0xb49,0x6487,0x4fb1f,0x3eb5bc,0x8ccd8f,0x2385,0x0
139,0x128eb1a,0x1165a1b,0x80008aa2,0x209a5a,0xb5e,0x653f,0x4fb25,0x3f29be,0x8dcee2,0x2388,0x0
140,0x12aee1f,0x11849d7,0x80008aa2,0x20d672,0xb73,0x65ed,0x4fb2b,0x3f9dc0,0x8ed052,0x238b,0x0
141,0x12cf0c9,0x11a38f6,0x80008aa2,0x21128c,0xb88,0x6698,0x4fb33,0x4011c5,0x8fd168,0x238e,0x0
142,0x12ef39d,0x11c280c,0x80008aa2,0x214ea3,0xb9d,0x6749,0x4fb3b,0x4085c1,0x90d26c,0x2391,0x0
143,0x130f6d4,0x11e17f9,0x80008aa2,0x218aba,0xbb2,0x67ff,0x4fb43,0x40f9bf,0x91d419,0x2394,0x0
144,0x132f8ec,0x1200697,0x80008aa2,0x21c6d1,0xbc7,0x689e,0x4fb49,0x416dc2,0x92d4cd,0x2398,0x0
145,0x134fb60,0x121f595,0x80008aa2,0x2202e8,0xbdc,0x694d,0x4fb4f,0x41e1c5,0x93d5d3,0x239b,0x0
146,0x136fe75,0x123e514,0x80008aa2,0x223efc,0xbf1,0x69fe,0x4fb55,0x4255ca,0x94d734,0x239e,0x0
147,0x139017e,0x125d4ad,0x80008aa2,0x227b10,0xc06,0x6aae,0x4fb5b,0x42c9ca,0x95d8a8,0x23a1,0x0
148,0x13b0522,0x127c478,0x80008aa2,0x22b726,0xc1b,0x6b6d,0x4fb61,0x433dcf,0x96da29,0x23a4,0x0
149,0x13d07ff,0x129b408,0x80008aa2,0x22f341,0xc30,0x6c1f,0x4fb67,0x43b1d1,0x97dba3,0x23a7,0x0
150,0x13f0ab7,0x12ba3ac,0x80008aa2,0x232f5a,0xc45,0x6cc7,0x4fb6d,0x4425d8,0x98dd08,0x23aa,0x0
151,0x1410df6,0x12d9361,0x80008aa2,0x236b73,0xc5a,0x6d7e,0x4fb75,0x4499dd,0x99de80,0x23ad,0x0
152,0x14310b7,0x12f8331,0x80008aa2,0x23a78a,0xc6f,0x6e2b,0x4fb7d,0x450dd8,0x9ae025,0x23b0,0x0
153,0x145134e,0x13172bc,0x80008aa2,0x23e3a3,0xc84,0x6ec9,0x4fb85,0x4581d7,0x9be185,0x23b3,0x0
154,0x1471606,0x13361f9,0x80008aa2,0x241fbc,0xc99,0x6f75,0x4fb8b,0x45f5d5,0x9ce2a6,0x23b6,0x0
155,0x14918a8,0x1355128,0x80008aa2,0x245bd7,0xcae,0x7028,0x4fb91,0x4669da,0x9de3ca,0x23b9,0x0
156,0x14b1b93,0x137411f,0x80008aa2,0x2497ee,0xcc3,0x70c2,0x4fb97,0x46dde0,0x9ee56e,0x23bc,0x0
157,0x14d1e58,0x13930ca,0x80008aa2,0x24d404,0xcd8,0x7168,0x4fb9d,0x4751df,0x9fe6dd,0x23bf,0x0
158,0x14f210d,0x13b206a,0x80008aa2,0x25101d,0xced,0x7205,0x4fba3,0x47c5e4,0xa0e844,0x23c2,0x0
159,0x151241f,0x13d102c,0x80008aa2,0x254c34,0xd02,0x72b1,0x4fba9,0x4839e8,0xa1e9d1,0x23c5,0x0
160,0x1532706,0x13effb7,0x80008aa2,0x25884b,0xd17,0x7355,0x4fbaf,0x48adef,0xa2eb17,0x23c8,0x0
161,0x15529b6,0x140ef3c,0x80008aa2,0x25c462,0xd2c,0x7403,0x4fbb7,0x4921ee,0xa3ec6d,0x23cb,0x0
162,0x1572d01,0x142deb3,0x80008aa2,0x26007e,0xd41,0x74b6,0x4fbbf,0x4995f7,0xa4edbe,0x23ce,0x0
163,0x1592faa,0x144ce0d,0x80008aa2,0x263c95,0xd56,0x7563,0x4fbc7,0x4a09f6,0xa5eef7,0x23d2,0x0
164,0x15b3279,0x146bdb6,0x80008aa2,0x2678af,0xd6b,0x7609,0x4fbcd,0x4a7dfd,0xa6f06b,0x23d5,0x0
165,0x15d3564,0x148ad4a,0x80008aa2,0x26b4c7,0xd80,0x76af,0x4fbd3,0x4af1fc,0xa7f1cc,0x23d8,0x0
166,0x15f38eb,0x14a9cfc,0x80008aa2,0x26f0dc,0xd95,0x7773,0x4fbd9,0x4b6602,0xa8f337,0x23db,0x0
167,0x1613beb,0x14c8cc4,0x80008aa2,0x272cf5,0xdaa,0x7812,0x4fbdf,0x4bda08,0xa9f4ce,0x23de,0x0
168,0x1633f1c,0x14e7c5e,0x80008aa2,0x27690c,0xdbf,0x78be,0x4fbe5,0x4c4e09,0xaaf63e,0x23e1,0x0
169,0x16541af,0x1506b75,0x80008aa2,0x27a524,0xdd4,0x7965,0x4fbeb,0x4cc20c,0xabf74a,0x23e4,0x0
170,0x16744c4,0x1525b0d,0x80008aa2,0x27e13d,0xde9,0x7a17,0x4fbf1,0x4d3613,0xacf8a3,0x23e8,0x0
171,0x1694799,0x1544a81,0x80008aa2,0x281d54,0xdfe,0x7ac9,0x4fbf9,0x4daa0e,0xadf9db,0x23eb,0x0
172,0x16b49ed,0x1563982,0x80008aa2,0x28596d,0xe13,0x7b6c,0x4fc01,0x4e1e11,0xaefacb,0x23ee,0x0
173,0x16d4d23,0x1582927,0x80008aa2,0x289586,0xe28,0x7c26,0x4fc09,0x4e9213,0xaffc3a,0x23f1,0x0
174,0x16f4ff6,0x15a18ab,0x80008aa2,0x28d1a1,0xe3d,0x7cce,0x4fc0f,0x4f0618,0xb0fd9b,0x23f4,0x0
175,0x17152d3,0x15c0816,0x80008aa2,0x290dba,0xe52,0x7d72,0x4fc15,0x4f7a1c,0xb1fed4,0x23f7,0x0
176,0x17354c4,0x15df715,0x80008aa2,0x2949d3,0xe67,0x7dfe,0x4fc1b,0x4fee19,0xb2ffb3,0x23fa,0x0
177,0x17557a3,0x15fe69a,0x80008aa2,0x2985ec,0xe7c,0x7ea5,0x4fc21,0x506220,0xb40125,0x23fd,0x0
178,0x1775a73,0x161d603,0x80008aa2,0x29c207,0xe91,0x7f53,0x4fc27,0x50d621,0xb50263,0x2400,0x0
179,0x1795d22,0x163c550,0x80008aa2,0x29fe20,0xea6,0x7ffc,0x4fc2d,0x514a1f,0xb6039c,0x2403,0x0
180,0x17b605e,0x165b501,0x80008aa2,0x2a3a39,0xebb,0x80b7,0x4fc33,0x51be1d,0xb70511,0x2406,0x0
181,0x17d6377,0x167a4b0,0x80008aa2,0x2a7651,0xed0,0x8169,0x4fc3b,0x523222,0xb80690,0x2409,0x0
182,0x17f66f2,0x1699482,0x80008aa2,0x2ab269,0xee5,0x8219,0x4fc43,0x52a627,0xb9080f,0x240c,0x0
183,0x1816a1c,0x16b8448,0x80008aa2,0x2aee80,0xefa,0x82cc,0x4fc4b,0x531a28,0xba09a0,0x240f,0x0
184,0x1836ce3,0x16d73af,0x80008aa2,0x2b2a99,0xf0f,0x837a,0x4fc51,0x538e2c,0xbb0af4,0x2412,0x0
185,0x1856ffc,0x16f63b3,0x80008aa2,0x2b66b0,0xf24,0x8429,0x4fc57,0x54022d,0xbc0ca7,0x2415,0x0
186,0x1877262,0x17152fc,0x80008aa2,0x2ba2c7,0xf39,0x84c9,0x4fc5d,0x547629,0xbd0dcc,0x2418,0x0
187,0x1897537,0x1734297,0x80008aa2,0x2bdedb,0xf4e,0x856b,0x4fc63,0x54ea2c,0xbe0f49,0x241b,0x0
188,0x18b77bd,0x17531cc,0x80008aa2,0x2c1af1,0xf63,0x860a,0x4fc69,0x555e34,0xbf106e,0x241f,0x0
189,0x18d7a7f,0x17720de,0x80008aa2,0x2c5708,0xf78,0x86bf,0x4fc6f,0x55d238,0xc01178,0x2422,0x0
190,0x18f7d9f,0x179107a,0x80008aa2,0x2c9321,0xf8d,0x876c,0x4fc75,0x56463f,0xc112e6,0x2425,0x0
191,0x191803d,0x17b003c,0x80008aa2,0x2ccf3a,0xfa2,0x8807,0x4fc7d,0x56ba3c,0xc2147c,0x2429,0x0
192,0x1938302,0x17cf007,0x80008aa2,0x2d0b51,0xfb7,0x88a9,0x4fc85,0x572e41,0xc31606,0x242c,0x0
193,0x19585c1,0x17edf41,0x80008aa2,0x2d4768,0xfcc,0x8964,0x4fc8d,0x57a246,0xc41729,0x242f,0x0
194,0x19788c5,0x180cec0,0x80008aa2,0x2d837f,0xfe1,0x8a1a,0x4fc93,0x581651,0xc51881,0x2432,0x0
195,0x1998b50,0x182be15,0x80008aa2,0x2dbf9a,0xff6,0x8abc,0x4fc99,0x588a5a,0xc619c7,0x2435,0x0
196,0x19b8e2d,0x184adb1,0x80008aa2,0x2dfbb3,0x100b,0x8b69,0x4fc9f,0x58fe60,0xc71b1c,0x2438,0x0
197,0x19d90e2,0x1869d21,0x80008aa2,0x2e37cc,0x1020,0x8c18,0x4fca5,0x597268,0xc81c5b,0x243b,0x0
198,0x19f940a,0x1888d17,0x80008aa2,0x2e73e3,0x1035,0x8ccb,0x4fcab,0x59e66d,0xc91e03,0x243e,0x0
199,0x1a1969a,0x18a7c72,0x80008aa2,0x2eaff7,0x104a,0x8d6b,0x4fcb1,0x5a5a6a,0xca1f35,0x2441,0x0
200,0x1a3992e,0x18c6c17,0x80008aa2,0x2eec10,0x105f,0x8e03,0x4fcb7,0x5ace6d,0xcb2097,0x2444,0x0
201,0x1a59b99,0x18e5bec,0x80008aa2,0x2f2829,0x1074,0x8e9f,0x4fcbf,0x5b4269,0xcc222d,0x2447,0x0
202,0x1a79e5a,0x1904b40,0x80008aa2,0x2f643f,0x1089,0x8f47,0x4fcc7,0x5bb672,0xcd237d,0x244a,0x0
203,0x1a9a14f,0x1923af0,0x80008aa2,0x2fa058,0x109e,0x8ff8,0x4fccf,0x5c2a79,0xce2502,0x244d,0x0
204,0x1aba43c,0x1942a87,0x80008aa2,0x2fdc71,0x10b3,0x909e,0x4fcd5,0x5c9e84,0xcf265a,0x2450,0x0
205,0x1ada721,0x1961a59,0x80008aa2,0x30188a,0x10c8,0x914c,0x4fcdb,0x5d1291,0xd027fd,0x2453,0x0
206,0x1afa9e6,0x19809ea,0x80008aa2,0x3054a1,0x10dd,0x91ef,0x4fce1,0x5d8696,0xd12967,0x2456,0x0
207,0x1b1ad14,0x199f9c3,0x80008aa2,0x3090bc,0x10f2,0x92a0,0x4fce7,0x5dfa9c,0xd22af3,0x2459,0x0
208,0x1b3affc,0x19be930,0x80008aa2,0x30ccd5,0x1107,0x9353,0x4fced,0x5e6ea3,0xd32c49,0x245c,0x0
209,0x1b5b2ff,0x19dd8c4,0x80008aa2,0x3108ec,0x111c,0x940a,0x4fcf3,0x5ee2b0,0xd42da2,0x245f,0x0
210,0x1b7b580,0x19fc808,0x80008aa2,0x314505,0x1131,0x94b0,0x4fcf9,0x5f56b4,0xd52ebe,0x2462,0x0
211,0x1b9b836,0x1a1b758,0x80008aa2,0x31811e,0x1146,0x9564,0x4fd01,0x5fcab4,0xd62fe9,0x2465,0x0
212,0x1bbbb3c,0x1a3a728,0x80008aa2,0x31bd38,0x115b,0x960b,0x4fd09,0x603eb6,0xd7316f,0x2468,0x0
213,0x1bdbe28,0x1a59692,0x80008aa2,0x31f953,0x1170,0x96c2,0x4fd11,0x60b2bb,0xd832ac,0x246b,0x0
214,0x1bfc0b5,0x1a785b6,0x80008aa2,0x32356c,0x1185,0x9767,0x4fd17,0x6126c1,0xd933b7,0x246e,0x0
215,0x1c1c387,0x1a97510,0x80008aa2,0x327185,0x119a,0x9812,0x4fd1d,0x619ac8,0xda34fe,0x2471,0x0
216,0x1c3c6b9,0x1ab6500,0x80008aa2,0x32ad9e,0x11af,0x98be,0x4fd23,0x620ed1,0xdb36a8,0x2474,0x0
217,0x1c5c95b,0x1ad54af,0x80008aa2,0x32e9b7,0x11c4,0x995b,0x4fd29,0x6282dd,0xdc3813,0x2477,0x0
218,0x1c7cc52,0x1af4434,0x80008aa2,0x3325d0,0x11d9,0x9a03,0x4fd2f,0x62f6e7,0xdd3963,0x247a,0x0
219,0x1c9ce50,0x1b13369,0x80008aa2,0x3361e9,0x11ee,0x9a9b,0x4fd35,0x636ae8,0xde3a8b,0x247d,0x0
220,0x1cbd09c,0x1b32271,0x80008aa2,0x339e00,0x1203,0x9b3c,0x4fd3b,0x63deef,0xdf3b85,0x2480,0x0
221,0x1cdd2f3,0x1b511f3,0x80008aa2,0x33da1b,0x1218,0x9be1,0x4fd43,0x6452f1,0xe03cf0,0x2483,0x0
222,0x1cfd535,0x1b700fb,0x80008aa2,0x341636,0x122d,0x9c85,0x4fd4b,0x64c6f4,0xe13de7,0x2486,0x0
223,0x1d1d807,0x1b8f086,0x80008aa2,0x34524f,0x1242,0x9d2f,0x4fd53,0x653af9,0xe23f41,0x2489,0x0
224,0x1d3da52,0x1badfa4,0x80008aa2,0x348e6a,0x1257,0x9dd4,0x4fd59,0x65af07,0xe3404b,0x248c,0x0
225,0x1d5dc61,0x1bcce81,0x80008aa2,0x34ca85,0x126c,0x9e75,0x4fd5f,0x662310,0xe4412b,0x248f,0x0
226,0x1d7df65,0x1bebde6,0x80008aa2,0x35069e,0x1281,0x9f2a,0x4fd65,0x669714,0xe54261,0x2492,0x0
227,0x1d9e234,0x1c0ad5d,0x80008aa2,0x3542bb,0x1296,0x9fd1,0x4fd6b,0x670b20,0xe643b8,0x2495,0x0
228,0x1dbe491,0x1c29c60,0x80008aa2,0x357ed4,0x12ab,0xa076,0x4fd71,0x677f2c,0xe744bf,0x2498,0x0
229,0x1dde71d,0x1c48bbb,0x80008aa2,0x35baef,0x12c0,0xa120,0x4fd77,0x67f32f,0xe845fb,0x249b,0x0
230,0x1dfe94e,0x1c67aa0,0x80008aa2,0x35f708,0x12d5,0xa1c1,0x4fd7d,0x686735,0xe946d2,0x249f,0x0
231,0x1e1ec4c,0x1c86b00,0x80008aa2,0x36331d,0x12ea,0xa266,0x4fd85,0x68db32,0xea48e3,0x24a2,0x0
232,0x1e3ef6e,0x1ca5b15,0x80008aa2,0x366f36,0x12ff,0xa316,0x4fd8d,0x694f35,0xeb4aad,0x24a5,0x0
233,0x1e5f253,0x1cc4aa3,0x80008aa2,0x36ab51,0x1314,0xa3c8,0x4fd95,0x69c333,0xec4c19,0x24a8,0x0
234,0x1e7f50e,0x1ce3a30,0x80008aa2,0x36e769,0x1329,0xa473,0x4fd9b,0x6a3732,0xed4d63,0x24ab,0x0
235,0x1e9f767,0x1d0299f,0x80008aa2,0x372381,0x133e,0xa512,0x4fda1,0x6aab30,0xee4eae,0x24ae,0x0
236,0x1ebf9e9,0x1d218eb,0x80008aa2,0x375f95,0x1353,0xa5bc,0x4fda7,0x6b1f33,0xef4fe7,0x24b1,0x0
237,0x1edfcb3,0x1d40871,0x80008aa2,0x379bad,0x1368,0xa666,0x4fdad,0x6b9336,0xf05133,0x24b4,0x0
238,0x1efff32,0x1d5f80f,0x80008aa2,0x37d7c5,0x137d,0xa708,0x4fdb3,0x6c073a,0xf1529e,0x24b7,0x0
239,0x1f20172,0x1d7e751,0x80008aa2,0x3813d9,0x1392,0xa79f,0x4fdb9,0x6c7b42,0xf253d0,0x24bc,0x0
240,0x1f4044c,0x1d9d6a1,0x80008aa2,0x384ff1,0x13a7,0xa84b,0x4fdbf,0x6cef46,0xf354f5,0x24bf,0x0
241,0x1f606f2,0x1dbc667,0x80008aa2,0x388c0a,0x13bc,0xa8ed,0x4fdc7,0x6d6347,0xf45682,0x24c2,0x0
242,0x1f80993,0x1ddb5f6,0x80008aa2,0x38c823,0x13d1,0xa989,0x4fdcf,0x6dd74f,0xf557e1,0x24c5,0x0
243,0x1fa0c5d,0x1dfa5be,0x80008aa2,0x39043c,0x13e6,0xaa29,0x4fdd7,0x6e4b54,0xf65954,0x24c8,0x0
244,0x1fc0f01,0x1e19525,0x80008aa2,0x394054,0x13fb,0xaad1,0x4fddd,0x6ebf5d,0xf75a97,0x24cb,0x0
245,0x1fe1138,0x1e38401,0x80008aa2,0x397c6d,0x1410,0xab75,0x4fde3,0x6f3361,0xf85b7c,0x24ce,0x0
246,0x20013e3,0x1e573b2,0x80008aa2,0x39b88a,0x1425,0xac0e,0x4fde9,0x6fa768,0xf95ce6,0x24d1,0x0
247,0x202166c,0x1e76302,0x80008aa2,0x39f4a7,0x143a,0xacb5,0x4fdef,0x701b70,0xfa5e27,0x24d4,0x0
248,0x20419c7,0x1e952bd,0x80008aa2,0x3a30be,0x144f,0xad6c,0x4fdf5,0x708f74,0xfb5fab,0x24d7,0x0
249,0x2061cf7,0x1eb4245,0x80008aa2,0x3a6cd6,0x1464,0xae27,0x4fdfb,0x710380,0xfc60f0,0x24da,0x0
250,0x2081fad,0x1ed3135,0x80008aa2,0x3aa8f0,0x1479,0xaed1,0x4fe01,0x71778c,0xfd61e0,0x24dd,0x0
251,0x20a2292,0x1ef20d5,0x80008aa2,0x3ae507,0x148e,0xaf7f,0x4fe09,0x71eb95,0xfe6355,0x24e0,0x0
252,0x20c2517,0x1f11065,0x80008aa2,0x3b211f,0x14a3,0xb012,0x4fe11,0x725f98,0xff64af,0x24e3,0x0
253,0x20e27ff,0x1f2ffef,0x80008aa2,0x3b5d38,0x14b8,0xb0cb,0x4fe19,0x72d398,0x10065fc,0x24e6,0x0
254,0x2102a31,0x1f4ef32,0x80008aa2,0x3b994f,0x14cd,0xb160,0x4fe1f,0x73479d,0x1016711,0x24e9,0x0
255,0x2122d0e,0x1f6de97,0x80008aa2,0x3bd567,0x14e2,0xb20d,0x4fe25,0x73bba6,0x1026849,0x24ec,0x0
256,0x2143006,0x1f8ce63,0x80008aa2,0x3c1184,0x14f7,0xb2b1,0x4fe2b,0x742faf,0x10369da,0x24ef,0x0
257,0x21632c1,0x1fabdae,0x80008aa2,0x3c4d9d,0x150c,0xb361,0x4fe31,0x74a3b9,0x1046b16,0x24f2,0x0
258,0x21834fe,0x1fcad2b,0x80008aa2,0x3c89b8,0x1521,0xb3f2,0x4fe37,0x7517bc,0x1056c7e,0x24f5,0x0
259,0x21a379b,0x1fe9c86,0x80008aa2,0x3cc5d3,0x1536,0xb491,0x4fe3d,0x758bc0,0x1066dae,0x24f8,0x0
260,0x21c3a96,0x2008bf2,0x80008aa2,0x3d01ec,0x154b,0xb541,0x4fe43,0x75ffc6,0x1076efb,0x24fb,0x0
261,0x21e3d57,0x2027b5e,0x80008aa2,0x3d3e07,0x1560,0xb5f0,0x4fe4b,0x7673c3,0x1087047,0x24fe,0x0
262,0x2204007,0x2046b13,0x80008aa2,0x3d7a22,0x1575,0xb69a,0x4fe53,0x76e7c1,0x10971ed,0x2501,0x0
263,0x22242ca,0x2065a87,0x80008aa2,0x3db63d,0x158a,0xb746,0x4fe5b,0x775bc6,0x10a7346,0x2504,0x0
264,0x22445b5,0x2084a21,0x80008aa2,0x3df254,0x159f,0xb7f9,0x4fe61,0x77cfc8,0x10b74b7,0x2507,0x0
265,0x2264891,0x20a3983,0x80008aa2,0x3e2e6f,0x15b4,0xb8b4,0x4fe67,0x7843cf,0x10c7605,0x250a,0x0
266,0x2284b66,0x20c289e,0x80008aa2,0x3e6a89,0x15c9,0xb969,0x4fe6d,0x78b7d3,0x10d770c,0x250d,0x0
267,0x22a4dc9,0x20e1765,0x80008aa2,0x3ea6a8,0x15de,0xba16,0x4fe73,0x792bd4,0x10e77e0,0x2510,0x0
268,0x22c505a,0x2100710,0x80008aa2,0x3ee2be,0x15f3,0xbabd,0x4fe79,0x799fd2,0x10f7981,0x2513,0x0
269,0x22e52ad,0x211f6cd,0x80008aa2,0x3f1ed7,0x1608,0xbb53,0x4fe7f,0x7a13d6,0x1107b0b,0x2516,0x0
270,0x2305572,0x213e65a,0x80008aa2,0x3f5af1,0x161d,0xbc04,0x4fe85,0x7a87da,0x1117c78,0x2519,0x0
271,0x232582c,0x215d5f3,0x80008aa2,0x3f970a,0x1632,0xbcb2,0x4fe8d,0x7afbdc,0x1127def,0x251d,0x0
272,0x2345ae7,0x217c55b,0x80008aa2,0x3fd323,0x1647,0xbd66,0x4fe95,0x7b6fdd,0x1137f38,0x2520,0x0
273,0x2365d45,0x219b482,0x80008aa2,0x400f3e,0x165c,0xbe11,0x4fe9d,0x7be3e0,0x1148064,0x2523,0x0
274,0x2385fe9,0x21ba3ec,0x80008aa2,0x404b5b,0x1671,0xbeab,0x4fea3,0x7c57ee,0x115819f,0x2526,0x0
275,0x23a620e,0x21d92f0,0x80008aa2,0x408776,0x1686,0xbf4c,0x4fea9,0x7ccbf1,0x116829f,0x2529,0x0
276,0x23c6507,0x21f828f,0x80008aa2,0x40c38d,0x169b,0xbffd,0x4feaf,0x7d3ff7,0x1178426,0x252c,0x0
277,0x23e6846,0x2217224,0x80008aa2,0x40ffa8,0x16b0,0xc0b5,0x4feb5,0x7db400,0x1188595,0x252f,0x0
278,0x2406b1e,0x22361aa,0x80008aa2,0x413bc5,0x16c5,0xc170,0x4febb,0x7e2801,0x11986e4,0x2532,0x0
279,0x2426dc5,0x2255113,0x80008aa2,0x4177e2,0x16da,0xc216,0x4fec1,0x7e9c06,0x11a8833,0x2535,0x0
280,0x2447056,0x227407a,0x80008aa2,0x41b3fb,0x16ef,0xc2cc,0x4fec7,0x7f1003,0x11b8989,0x2538,0x0
281,0x246729a,0x2292fc1,0x80008aa2,0x41f014,0x1704,0xc369,0x4fecf,0x7f83ff,0x11c8ac6,0x253b,0x0
282,0x2487548,0x22b1f27,0x80008aa2,0x422c2c,0x1719,0xc410,0x4fed7,0x7ff7fa,0x11d8c1a,0x253e,0x0
283,0x24a7820,0x22d0eb3,0x80008aa2,0x426840,0x172e,0xc4b9,0x4fedf,0x806bf5,0x11e8d75,0x2541,0x0
284,0x24c7aa2,0x22efddd,0x80008aa2,0x42a458,0x1743,0xc562,0x4fee5,0x80dff9,0x11f8e97,0x2544,0x0
285,0x24e7cd0,0x230ed33,0x80008aa2,0x42e06e,0x1758,0xc5f1,0x4feeb,0x8153f7,0x1208fdd,0x2547,0x0
286,0x2507f65,0x232dcb2,0x80008aa2,0x431c86,0x176d,0xc68a,0x4fef1,0x81c7f3,0x1219145,0x254a,0x0
287,0x252823f,0x234cbde,0x80008aa2,0x43589c,0x1782,0xc73a,0x4fef7,0x823bf3,0x1229253,0x254d,0x0
288,0x254852a,0x236bc14,0x80008aa2,0x4394b3,0x1797,0xc7d1,0x4fefd,0x82aff0,0x1239422,0x2550,0x0
289,0x2568773,0x238abcf,0x80008aa2,0x43d0cc,0x17ac,0xc86e,0x4ff03,0x8323ef,0x12495a8,0x2553,0x0
290,0x2588a5e,0x23a9bdf,0x80008aa2,0x440ce5,0x17c1,0xc914,0x4ff09,0x8397ec,0x1259766,0x2556,0x0
291,0x25a8c82,0x23c8b06,0x80008aa2,0x444902,0x17d6,0xc9aa,0x4ff11,0x840bea,0x126988d,0x2559,0x0
292,0x25c8f63,0x23e7abf,0x80008aa2,0x44851d,0x17eb,0xca50,0x4ff19,0x847fef,0x1279a0f,0x255c,0x0
293,0x25e91a0,0x24069db,0x80008aa2,0x44c140,0x1800,0xcaf8,0x4ff21,0x84f3ea,0x1289b18,0x255f,0x0
294,0x26093fe,0x242593c,0x80008aa2,0x44fd5d,0x1815,0xcb97,0x4ff27,0x8567ea,0x1299c51,0x2562,0x0
295,0x26296ee,0x24448d3,0x80008aa2,0x453979,0x182a,0xcc44,0x4ff2d,0x85dbed,0x12a9dc1,0x2565,0x0
296,0x26499da,0x2463879,0x80008aa2,0x457595,0x183f,0xcce3,0x4ff33,0x864fed,0x12b9f31,0x2568,0x0
297,0x2669c40,0x248278e,0x80008aa2,0x45b1ad,0x1854,0xcd85,0x4ff39,0x86c3ef,0x12ca036,0x256b,0x0
298,0x2689f45,0x24a16e4,0x80008aa2,0x45edcb,0x1869,0xce36,0x4ff3f,0x8737f3,0x12da165,0x256f,0x0
