counter,mode,seed,max_D,threshold,num_windows,num_flagged_windows,exceeds_threshold
hpmcounter10,drift,test_seed_1,79.33035171935897,183.2070984550081,282,0,False
hpmcounter10,drift,test_seed_10,84.82639094188303,183.2070984550081,282,0,False
hpmcounter10,drift,test_seed_11,94.28718029331806,183.2070984550081,282,0,False
hpmcounter10,drift,test_seed_12,52.60819206299023,183.2070984550081,282,0,False
hpmcounter10,drift,test_seed_13,88.25489551469441,183.2070984550081,282,0,False
hpmcounter10,drift,test_seed_14,61.901311819594255,183.2070984550081,282,0,False
hpmcounter10,drift,test_seed_15,62.56210282517467,183.2070984550081,282,0,False
hpmcounter10,drift,test_seed_16,86.4011394349784,183.2070984550081,282,0,False
hpmcounter10,drift,test_seed_17,82.41507568912681,183.2070984550081,282,0,False
hpmcounter10,drift,test_seed_18,70.97751642177428,183.2070984550081,282,0,False
hpmcounter10,drift,test_seed_19,75.38710469303709,183.2070984550081,282,0,False
hpmcounter10,drift,test_seed_2,78.12221584078345,183.2070984550081,282,0,False
hpmcounter10,drift,test_seed_20,60.22851033147743,183.2070984550081,282,0,False
hpmcounter10,drift,test_seed_3,67.73908297479956,183.2070984550081,282,0,False
hpmcounter10,drift,test_seed_4,158.58998972738993,183.2070984550081,282,0,False
hpmcounter10,drift,test_seed_5,119.69845764705504,183.2070984550081,282,0,False
hpmcounter10,drift,test_seed_6,67.48399177340006,183.2070984550081,282,0,False
hpmcounter10,drift,test_seed_7,75.12692386183618,183.2070984550081,282,0,False
hpmcounter10,drift,test_seed_8,83.18716509462634,183.2070984550081,282,0,False
hpmcounter10,drift,test_seed_9,85.60924779481857,183.2070984550081,282,0,False
hpmcounter10,jump,test_seed_1,83.99303827938388,183.2070984550081,282,0,False
hpmcounter10,jump,test_seed_10,119.7438844826088,183.2070984550081,282,0,False
hpmcounter10,jump,test_seed_11,65.00125182212881,183.2070984550081,282,0,False
hpmcounter10,jump,test_seed_12,112.48589075488728,183.2070984550081,282,0,False
hpmcounter10,jump,test_seed_13,54.90495986147305,183.2070984550081,282,0,False
hpmcounter10,jump,test_seed_14,52.92166947289379,183.2070984550081,282,0,False
hpmcounter10,jump,test_seed_15,56.305256594304055,183.2070984550081,282,0,False
hpmcounter10,jump,test_seed_16,125.2911460656321,183.2070984550081,282,0,False
hpmcounter10,jump,test_seed_17,60.487114377721625,183.2070984550081,282,0,False
hpmcounter10,jump,test_seed_18,86.20534101290626,183.2070984550081,282,0,False
hpmcounter10,jump,test_seed_19,73.21268553818453,183.2070984550081,282,0,False
hpmcounter10,jump,test_seed_2,80.83651583079863,183.2070984550081,282,0,False
hpmcounter10,jump,test_seed_20,90.5109864252714,183.2070984550081,282,0,False
hpmcounter10,jump,test_seed_3,48.97284379340428,183.2070984550081,282,0,False
hpmcounter10,jump,test_seed_4,84.18303687137461,183.2070984550081,282,0,False
hpmcounter10,jump,test_seed_5,94.5362923495976,183.2070984550081,282,0,False
hpmcounter10,jump,test_seed_6,59.68258038154854,183.2070984550081,282,0,False
hpmcounter10,jump,test_seed_7,96.22819400227272,183.2070984550081,282,0,False
hpmcounter10,jump,test_seed_8,89.05219294758646,183.2070984550081,282,0,False
hpmcounter10,jump,test_seed_9,86.76540739526298,183.2070984550081,282,0,False
hpmcounter10,replay,test_seed_1,56.97871788471557,183.2070984550081,282,0,False
hpmcounter10,replay,test_seed_10,165.88769950353688,183.2070984550081,282,0,False
hpmcounter10,replay,test_seed_11,82.92639558024588,183.2070984550081,282,0,False
hpmcounter10,replay,test_seed_12,67.81473715533019,183.2070984550081,282,0,False
hpmcounter10,replay,test_seed_13,91.7078671298558,183.2070984550081,282,0,False
hpmcounter10,replay,test_seed_14,75.89287408540123,183.2070984550081,282,0,False
hpmcounter10,replay,test_seed_15,77.7942513434277,183.2070984550081,282,0,False
hpmcounter10,replay,test_seed_16,88.56322056261756,183.2070984550081,282,0,False
hpmcounter10,replay,test_seed_17,80.23305800959946,183.2070984550081,282,0,False
hpmcounter10,replay,test_seed_18,103.64061654268929,183.2070984550081,282,0,False
hpmcounter10,replay,test_seed_19,123.41601364832702,183.2070984550081,282,0,False
hpmcounter10,replay,test_seed_2,105.8179774806583,183.2070984550081,282,0,False
hpmcounter10,replay,test_seed_20,73.46133574680866,183.2070984550081,282,0,False
hpmcounter10,replay,test_seed_3,118.69874513590004,183.2070984550081,282,0,False
hpmcounter10,replay,test_seed_4,60.038849600231146,183.2070984550081,282,0,False
hpmcounter10,replay,test_seed_5,102.16161398967508,183.2070984550081,282,0,False
hpmcounter10,replay,test_seed_6,152.7938759321624,183.2070984550081,282,0,False
hpmcounter10,replay,test_seed_7,152.7938759321624,183.2070984550081,282,0,False
hpmcounter10,replay,test_seed_8,152.7938759321624,183.2070984550081,282,0,False
hpmcounter10,replay,test_seed_9,152.7938759321624,183.2070984550081,282,0,False
hpmcounter3,drift,test_seed_1,95.4483026648375,189.48440654417075,282,0,False
hpmcounter3,drift,test_seed_10,133.25865676279008,189.48440654417075,282,0,False
hpmcounter3,drift,test_seed_11,62.37969213868127,189.48440654417075,282,0,False
hpmcounter3,drift,test_seed_12,52.10723484916464,189.48440654417075,282,0,False
hpmcounter3,drift,test_seed_13,99.0661029459064,189.48440654417075,282,0,False
hpmcounter3,drift,test_seed_14,91.98154664946564,189.48440654417075,282,0,False
hpmcounter3,drift,test_seed_15,64.1642963689326,189.48440654417075,282,0,False
hpmcounter3,drift,test_seed_16,73.19533394537058,189.48440654417075,282,0,False
hpmcounter3,drift,test_seed_17,93.8261476764784,189.48440654417075,282,0,False
hpmcounter3,drift,test_seed_18,110.38073051226364,189.48440654417075,282,0,False
hpmcounter3,drift,test_seed_19,123.29331575417852,189.48440654417075,282,0,False
hpmcounter3,drift,test_seed_2,94.762481026741,189.48440654417075,282,0,False
hpmcounter3,drift,test_seed_20,88.0765434809808,189.48440654417075,282,0,False
hpmcounter3,drift,test_seed_3,72.88981780391813,189.48440654417075,282,0,False
hpmcounter3,drift,test_seed_4,59.147554237394765,189.48440654417075,282,0,False
hpmcounter3,drift,test_seed_5,140.88458077535165,189.48440654417075,282,0,False
hpmcounter3,drift,test_seed_6,236.19585167510172,189.48440654417075,282,1,True
hpmcounter3,drift,test_seed_7,81.11467895448132,189.48440654417075,282,0,False
hpmcounter3,drift,test_seed_8,115.74247910037464,189.48440654417075,282,0,False
hpmcounter3,drift,test_seed_9,168.56035553569325,189.48440654417075,282,0,False
hpmcounter3,jump,test_seed_1,88.61091514951478,189.48440654417075,282,0,False
hpmcounter3,jump,test_seed_10,135.1159327878319,189.48440654417075,282,0,False
hpmcounter3,jump,test_seed_11,50.291265844239625,189.48440654417075,282,0,False
hpmcounter3,jump,test_seed_12,53.88248197207091,189.48440654417075,282,0,False
hpmcounter3,jump,test_seed_13,53.61901514387963,189.48440654417075,282,0,False
hpmcounter3,jump,test_seed_14,130.17469127706323,189.48440654417075,282,0,False
hpmcounter3,jump,test_seed_15,89.69245709894571,189.48440654417075,282,0,False
hpmcounter3,jump,test_seed_16,136.05677162200735,189.48440654417075,282,0,False
hpmcounter3,jump,test_seed_17,51.87900893075452,189.48440654417075,282,0,False
hpmcounter3,jump,test_seed_18,91.62666195616838,189.48440654417075,282,0,False
hpmcounter3,jump,test_seed_19,120.5105648916658,189.48440654417075,282,0,False
hpmcounter3,jump,test_seed_2,91.33894217746388,189.48440654417075,282,0,False
hpmcounter3,jump,test_seed_20,63.93227949431147,189.48440654417075,282,0,False
hpmcounter3,jump,test_seed_3,64.22771625119623,189.48440654417075,282,0,False
hpmcounter3,jump,test_seed_4,87.90416951910063,189.48440654417075,282,0,False
hpmcounter3,jump,test_seed_5,74.55621660527115,189.48440654417075,282,0,False
hpmcounter3,jump,test_seed_6,67.60393659971076,189.48440654417075,282,0,False
hpmcounter3,jump,test_seed_7,128.60745282099637,189.48440654417075,282,0,False
hpmcounter3,jump,test_seed_8,122.8718939068086,189.48440654417075,282,0,False
hpmcounter3,jump,test_seed_9,115.77459900035,189.48440654417075,282,0,False
hpmcounter3,replay,test_seed_1,97.10931378913853,189.48440654417075,282,0,False
hpmcounter3,replay,test_seed_10,93.26437589543616,189.48440654417075,282,0,False
hpmcounter3,replay,test_seed_11,58.517636509834965,189.48440654417075,282,0,False
hpmcounter3,replay,test_seed_12,71.01125505799304,189.48440654417075,282,0,False
hpmcounter3,replay,test_seed_13,84.62254260845154,189.48440654417075,282,0,False
hpmcounter3,replay,test_seed_14,168.39427154950218,189.48440654417075,282,0,False
hpmcounter3,replay,test_seed_15,54.325662327821945,189.48440654417075,282,0,False
hpmcounter3,replay,test_seed_16,122.54001652410456,189.48440654417075,282,0,False
hpmcounter3,replay,test_seed_17,79.73194879954143,189.48440654417075,282,0,False
hpmcounter3,replay,test_seed_18,70.35414568573613,189.48440654417075,282,0,False
hpmcounter3,replay,test_seed_19,128.5422432253435,189.48440654417075,282,0,False
hpmcounter3,replay,test_seed_2,147.54164395712843,189.48440654417075,282,0,False
hpmcounter3,replay,test_seed_20,78.56790811953276,189.48440654417075,282,0,False
hpmcounter3,replay,test_seed_3,50.89828302678925,189.48440654417075,282,0,False
hpmcounter3,replay,test_seed_4,78.40118891226942,189.48440654417075,282,0,False
hpmcounter3,replay,test_seed_5,105.18722106378355,189.48440654417075,282,0,False
hpmcounter3,replay,test_seed_6,93.07115514453211,189.48440654417075,282,0,False
hpmcounter3,replay,test_seed_7,93.07115514453211,189.48440654417075,282,0,False
hpmcounter3,replay,test_seed_8,93.07115514453211,189.48440654417075,282,0,False
hpmcounter3,replay,test_seed_9,93.07115514453211,189.48440654417075,282,0,False
hpmcounter4,drift,test_seed_1,157.26212738356438,659.7992298804954,282,0,False
hpmcounter4,drift,test_seed_10,79.7978913973934,659.7992298804954,282,0,False
hpmcounter4,drift,test_seed_11,314.9282399751016,659.7992298804954,282,0,False
hpmcounter4,drift,test_seed_12,348.71047813326817,659.7992298804954,282,0,False
hpmcounter4,drift,test_seed_13,131.2427291342987,659.7992298804954,282,0,False
hpmcounter4,drift,test_seed_14,103.16615474137296,659.7992298804954,282,0,False
hpmcounter4,drift,test_seed_15,106.7830785005664,659.7992298804954,282,0,False
hpmcounter4,drift,test_seed_16,168.52882337578552,659.7992298804954,282,0,False
hpmcounter4,drift,test_seed_17,135.17863991935374,659.7992298804954,282,0,False
hpmcounter4,drift,test_seed_18,154.9734198540356,659.7992298804954,282,0,False
hpmcounter4,drift,test_seed_19,137.65885718940694,659.7992298804954,282,0,False
hpmcounter4,drift,test_seed_2,120.75727422140942,659.7992298804954,282,0,False
hpmcounter4,drift,test_seed_20,149.59660250697277,659.7992298804954,282,0,False
hpmcounter4,drift,test_seed_3,320.9673111496498,659.7992298804954,282,0,False
hpmcounter4,drift,test_seed_4,147.7235176624076,659.7992298804954,282,0,False
hpmcounter4,drift,test_seed_5,120.54188618061268,659.7992298804954,282,0,False
hpmcounter4,drift,test_seed_6,317.3132623238543,659.7992298804954,282,0,False
hpmcounter4,drift,test_seed_7,210.60086860721395,659.7992298804954,282,0,False
hpmcounter4,drift,test_seed_8,259.52476019294664,659.7992298804954,282,0,False
hpmcounter4,drift,test_seed_9,87.91279558506575,659.7992298804954,282,0,False
hpmcounter4,jump,test_seed_1,127.47915518991628,659.7992298804954,282,0,False
hpmcounter4,jump,test_seed_10,173.73848027967526,659.7992298804954,282,0,False
hpmcounter4,jump,test_seed_11,237.07884583027587,659.7992298804954,282,0,False
hpmcounter4,jump,test_seed_12,129.56487447697842,659.7992298804954,282,0,False
hpmcounter4,jump,test_seed_13,81.17570558156825,659.7992298804954,282,0,False
hpmcounter4,jump,test_seed_14,129.0791637685722,659.7992298804954,282,0,False
hpmcounter4,jump,test_seed_15,74.90039926984792,659.7992298804954,282,0,False
hpmcounter4,jump,test_seed_16,96.83108163451408,659.7992298804954,282,0,False
hpmcounter4,jump,test_seed_17,106.80599834836129,659.7992298804954,282,0,False
hpmcounter4,jump,test_seed_18,207.51458559715928,659.7992298804954,282,0,False
hpmcounter4,jump,test_seed_19,224.9767481969426,659.7992298804954,282,0,False
hpmcounter4,jump,test_seed_2,427.2874597689993,659.7992298804954,282,0,False
hpmcounter4,jump,test_seed_20,451.1247805448651,659.7992298804954,282,0,False
hpmcounter4,jump,test_seed_3,286.3303776847284,659.7992298804954,282,0,False
hpmcounter4,jump,test_seed_4,328.7983287335527,659.7992298804954,282,0,False
hpmcounter4,jump,test_seed_5,232.6699865453905,659.7992298804954,282,0,False
hpmcounter4,jump,test_seed_6,136.71630726882762,659.7992298804954,282,0,False
hpmcounter4,jump,test_seed_7,107.68182216303492,659.7992298804954,282,0,False
hpmcounter4,jump,test_seed_8,123.55752498246557,659.7992298804954,282,0,False
hpmcounter4,jump,test_seed_9,66.40694291479889,659.7992298804954,282,0,False
hpmcounter4,replay,test_seed_1,70.10354177934916,659.7992298804954,282,0,False
hpmcounter4,replay,test_seed_10,259.2436833360288,659.7992298804954,282,0,False
hpmcounter4,replay,test_seed_11,141.2793009526558,659.7992298804954,282,0,False
hpmcounter4,replay,test_seed_12,101.91941914781428,659.7992298804954,282,0,False
hpmcounter4,replay,test_seed_13,233.77948624564024,659.7992298804954,282,0,False
hpmcounter4,replay,test_seed_14,137.94972452541842,659.7992298804954,282,0,False
hpmcounter4,replay,test_seed_15,92.71434964232378,659.7992298804954,282,0,False
hpmcounter4,replay,test_seed_16,118.16461970989134,659.7992298804954,282,0,False
hpmcounter4,replay,test_seed_17,74.86137328280209,659.7992298804954,282,0,False
hpmcounter4,replay,test_seed_18,321.80438711033344,659.7992298804954,282,0,False
hpmcounter4,replay,test_seed_19,499.41023881548233,659.7992298804954,282,0,False
hpmcounter4,replay,test_seed_2,168.77162372897766,659.7992298804954,282,0,False
hpmcounter4,replay,test_seed_20,322.8511709266377,659.7992298804954,282,0,False
hpmcounter4,replay,test_seed_3,179.71551839596663,659.7992298804954,282,0,False
hpmcounter4,replay,test_seed_4,253.704056739145,659.7992298804954,282,0,False
hpmcounter4,replay,test_seed_5,96.36173191304964,659.7992298804954,282,0,False
hpmcounter4,replay,test_seed_6,74.30787777084194,659.7992298804954,282,0,False
hpmcounter4,replay,test_seed_7,74.30787777084194,659.7992298804954,282,0,False
hpmcounter4,replay,test_seed_8,74.30787777084194,659.7992298804954,282,0,False
hpmcounter4,replay,test_seed_9,74.30787777084194,659.7992298804954,282,0,False
hpmcounter5,drift,test_seed_1,36.82515914339716,119.89820685930462,282,0,False
hpmcounter5,drift,test_seed_10,47.17040375554648,119.89820685930462,282,0,False
hpmcounter5,drift,test_seed_11,135.51297501683104,119.89820685930462,282,2,True
hpmcounter5,drift,test_seed_12,57.65465236734129,119.89820685930462,282,0,False
hpmcounter5,drift,test_seed_13,41.35414723474128,119.89820685930462,282,0,False
hpmcounter5,drift,test_seed_14,35.1553958480329,119.89820685930462,282,0,False
hpmcounter5,drift,test_seed_15,73.58717859681384,119.89820685930462,282,0,False
hpmcounter5,drift,test_seed_16,70.07007446303116,119.89820685930462,282,0,False
hpmcounter5,drift,test_seed_17,103.81077016382474,119.89820685930462,282,0,False
hpmcounter5,drift,test_seed_18,66.0404018111693,119.89820685930462,282,0,False
hpmcounter5,drift,test_seed_19,45.34269191625407,119.89820685930462,282,0,False
hpmcounter5,drift,test_seed_2,58.43397772133934,119.89820685930462,282,0,False
hpmcounter5,drift,test_seed_20,65.28626057244517,119.89820685930462,282,0,False
hpmcounter5,drift,test_seed_3,42.21448546051719,119.89820685930462,282,0,False
hpmcounter5,drift,test_seed_4,34.4489666334216,119.89820685930462,282,0,False
hpmcounter5,drift,test_seed_5,31.995409982610106,119.89820685930462,282,0,False
hpmcounter5,drift,test_seed_6,48.04929361394927,119.89820685930462,282,0,False
hpmcounter5,drift,test_seed_7,77.42571527023871,119.89820685930462,282,0,False
hpmcounter5,drift,test_seed_8,30.326228930112173,119.89820685930462,282,0,False
hpmcounter5,drift,test_seed_9,54.13254696303775,119.89820685930462,282,0,False
hpmcounter5,jump,test_seed_1,74.9230995435652,119.89820685930462,282,0,False
hpmcounter5,jump,test_seed_10,45.28283225420397,119.89820685930462,282,0,False
hpmcounter5,jump,test_seed_11,54.718589059723335,119.89820685930462,282,0,False
hpmcounter5,jump,test_seed_12,86.12242665261785,119.89820685930462,282,0,False
hpmcounter5,jump,test_seed_13,47.55838885142301,119.89820685930462,282,0,False
hpmcounter5,jump,test_seed_14,59.73046353237916,119.89820685930462,282,0,False
hpmcounter5,jump,test_seed_15,82.1358619499588,119.89820685930462,282,0,False
hpmcounter5,jump,test_seed_16,54.53253985685777,119.89820685930462,282,0,False
hpmcounter5,jump,test_seed_17,95.64019936178506,119.89820685930462,282,0,False
hpmcounter5,jump,test_seed_18,113.29183481006214,119.89820685930462,282,0,False
hpmcounter5,jump,test_seed_19,78.22064952609755,119.89820685930462,282,0,False
hpmcounter5,jump,test_seed_2,42.15030104091246,119.89820685930462,282,0,False
hpmcounter5,jump,test_seed_20,56.32433077888585,119.89820685930462,282,0,False
hpmcounter5,jump,test_seed_3,67.15948970271566,119.89820685930462,282,0,False
hpmcounter5,jump,test_seed_4,52.95983299559043,119.89820685930462,282,0,False
hpmcounter5,jump,test_seed_5,48.97373255781047,119.89820685930462,282,0,False
hpmcounter5,jump,test_seed_6,47.07638995877405,119.89820685930462,282,0,False
hpmcounter5,jump,test_seed_7,53.42717730075973,119.89820685930462,282,0,False
hpmcounter5,jump,test_seed_8,117.74971085864289,119.89820685930462,282,0,False
hpmcounter5,jump,test_seed_9,123.12887042596331,119.89820685930462,282,1,True
hpmcounter5,replay,test_seed_1,64.0064928417141,119.89820685930462,282,0,False
hpmcounter5,replay,test_seed_10,47.25429408614973,119.89820685930462,282,0,False
hpmcounter5,replay,test_seed_11,54.93001606677061,119.89820685930462,282,0,False
hpmcounter5,replay,test_seed_12,46.95329186658206,119.89820685930462,282,0,False
hpmcounter5,replay,test_seed_13,38.76943654261177,119.89820685930462,282,0,False
hpmcounter5,replay,test_seed_14,76.84763956852973,119.89820685930462,282,0,False
hpmcounter5,replay,test_seed_15,65.91495546597665,119.89820685930462,282,0,False
hpmcounter5,replay,test_seed_16,78.47821661976712,119.89820685930462,282,0,False
hpmcounter5,replay,test_seed_17,46.84615140426343,119.89820685930462,282,0,False
hpmcounter5,replay,test_seed_18,48.47479097446791,119.89820685930462,282,0,False
hpmcounter5,replay,test_seed_19,75.72949313463677,119.89820685930462,282,0,False
hpmcounter5,replay,test_seed_2,67.62124146327993,119.89820685930462,282,0,False
hpmcounter5,replay,test_seed_20,37.37832164332341,119.89820685930462,282,0,False
hpmcounter5,replay,test_seed_3,79.1297618142205,119.89820685930462,282,0,False
hpmcounter5,replay,test_seed_4,67.7430329564051,119.89820685930462,282,0,False
hpmcounter5,replay,test_seed_5,48.6678740520582,119.89820685930462,282,0,False
hpmcounter5,replay,test_seed_6,100.82997612204164,119.89820685930462,282,0,False
hpmcounter5,replay,test_seed_7,100.82997612204164,119.89820685930462,282,0,False
hpmcounter5,replay,test_seed_8,100.82997612204164,119.89820685930462,282,0,False
hpmcounter5,replay,test_seed_9,100.82997612204164,119.89820685930462,282,0,False
hpmcounter6,drift,test_seed_1,164.8017499023881,163.2210751778113,282,1,True
hpmcounter6,drift,test_seed_10,100.1765397654934,163.2210751778113,282,0,False
hpmcounter6,drift,test_seed_11,71.37146909708197,163.2210751778113,282,0,False
hpmcounter6,drift,test_seed_12,63.269386880796965,163.2210751778113,282,0,False
hpmcounter6,drift,test_seed_13,62.07818265068545,163.2210751778113,282,0,False
hpmcounter6,drift,test_seed_14,71.77681406741823,163.2210751778113,282,0,False
hpmcounter6,drift,test_seed_15,163.5363953966635,163.2210751778113,282,1,True
hpmcounter6,drift,test_seed_16,97.36144938708615,163.2210751778113,282,0,False
hpmcounter6,drift,test_seed_17,100.1207840637252,163.2210751778113,282,0,False
hpmcounter6,drift,test_seed_18,55.95231415387654,163.2210751778113,282,0,False
hpmcounter6,drift,test_seed_19,71.72977084668888,163.2210751778113,282,0,False
hpmcounter6,drift,test_seed_2,56.1546067954496,163.2210751778113,282,0,False
hpmcounter6,drift,test_seed_20,74.87553870141464,163.2210751778113,282,0,False
hpmcounter6,drift,test_seed_3,58.49943358305664,163.2210751778113,282,0,False
hpmcounter6,drift,test_seed_4,94.85713070015537,163.2210751778113,282,0,False
hpmcounter6,drift,test_seed_5,122.86388386443976,163.2210751778113,282,0,False
hpmcounter6,drift,test_seed_6,90.02553835056975,163.2210751778113,282,0,False
hpmcounter6,drift,test_seed_7,85.52142957242957,163.2210751778113,282,0,False
hpmcounter6,drift,test_seed_8,63.41596926206229,163.2210751778113,282,0,False
hpmcounter6,drift,test_seed_9,73.47969715665714,163.2210751778113,282,0,False
hpmcounter6,jump,test_seed_1,147.96259955562368,163.2210751778113,282,0,False
hpmcounter6,jump,test_seed_10,79.52786857670606,163.2210751778113,282,0,False
hpmcounter6,jump,test_seed_11,60.10477913659833,163.2210751778113,282,0,False
hpmcounter6,jump,test_seed_12,141.12331199731668,163.2210751778113,282,0,False
hpmcounter6,jump,test_seed_13,68.90812939563386,163.2210751778113,282,0,False
hpmcounter6,jump,test_seed_14,98.4875022430169,163.2210751778113,282,0,False
hpmcounter6,jump,test_seed_15,74.98284104632646,163.2210751778113,282,0,False
hpmcounter6,jump,test_seed_16,180.5829900483101,163.2210751778113,282,1,True
hpmcounter6,jump,test_seed_17,61.01812409534875,163.2210751778113,282,0,False
hpmcounter6,jump,test_seed_18,84.43289605539918,163.2210751778113,282,0,False
hpmcounter6,jump,test_seed_19,91.41027214870624,163.2210751778113,282,0,False
hpmcounter6,jump,test_seed_2,81.36703655762496,163.2210751778113,282,0,False
hpmcounter6,jump,test_seed_20,94.03064948996906,163.2210751778113,282,0,False
hpmcounter6,jump,test_seed_3,126.48307824058236,163.2210751778113,282,0,False
hpmcounter6,jump,test_seed_4,101.03199260611687,163.2210751778113,282,0,False
hpmcounter6,jump,test_seed_5,83.9230530919176,163.2210751778113,282,0,False
hpmcounter6,jump,test_seed_6,105.15793258841543,163.2210751778113,282,0,False
hpmcounter6,jump,test_seed_7,135.90806847226207,163.2210751778113,282,0,False
hpmcounter6,jump,test_seed_8,92.86479151442292,163.2210751778113,282,0,False
hpmcounter6,jump,test_seed_9,84.0887422412426,163.2210751778113,282,0,False
hpmcounter6,replay,test_seed_1,58.148027847202485,163.2210751778113,282,0,False
hpmcounter6,replay,test_seed_10,78.12039805322699,163.2210751778113,282,0,False
hpmcounter6,replay,test_seed_11,98.41278762427066,163.2210751778113,282,0,False
hpmcounter6,replay,test_seed_12,101.0449654815715,163.2210751778113,282,0,False
hpmcounter6,replay,test_seed_13,93.37298529107392,163.2210751778113,282,0,False
hpmcounter6,replay,test_seed_14,91.77570815298188,163.2210751778113,282,0,False
hpmcounter6,replay,test_seed_15,128.1113265178312,163.2210751778113,282,0,False
hpmcounter6,replay,test_seed_16,65.859337860116,163.2210751778113,282,0,False
hpmcounter6,replay,test_seed_17,86.44454672788083,163.2210751778113,282,0,False
hpmcounter6,replay,test_seed_18,97.2888876146582,163.2210751778113,282,0,False
hpmcounter6,replay,test_seed_19,62.4348309347782,163.2210751778113,282,0,False
hpmcounter6,replay,test_seed_2,126.33546247785064,163.2210751778113,282,0,False
hpmcounter6,replay,test_seed_20,82.54205867850969,163.2210751778113,282,0,False
hpmcounter6,replay,test_seed_3,62.14123167429112,163.2210751778113,282,0,False
hpmcounter6,replay,test_seed_4,53.707216649498974,163.2210751778113,282,0,False
hpmcounter6,replay,test_seed_5,246.39839043069065,163.2210751778113,282,5,True
hpmcounter6,replay,test_seed_6,75.67152414391815,163.2210751778113,282,0,False
hpmcounter6,replay,test_seed_7,75.67152414391815,163.2210751778113,282,0,False
hpmcounter6,replay,test_seed_8,75.67152414391815,163.2210751778113,282,0,False
hpmcounter6,replay,test_seed_9,75.67152414391815,163.2210751778113,282,0,False
hpmcounter7,drift,test_seed_1,63.60082231802453,139.97544633174778,282,0,False
hpmcounter7,drift,test_seed_10,56.85274686102623,139.97544633174778,282,0,False
hpmcounter7,drift,test_seed_11,40.53695022797084,139.97544633174778,282,0,False
hpmcounter7,drift,test_seed_12,53.66720129358816,139.97544633174778,282,0,False
hpmcounter7,drift,test_seed_13,35.647100662204906,139.97544633174778,282,0,False
hpmcounter7,drift,test_seed_14,53.13081838277769,139.97544633174778,282,0,False
hpmcounter7,drift,test_seed_15,52.77653550655491,139.97544633174778,282,0,False
hpmcounter7,drift,test_seed_16,69.44110503565763,139.97544633174778,282,0,False
hpmcounter7,drift,test_seed_17,45.57399897814973,139.97544633174778,282,0,False
hpmcounter7,drift,test_seed_18,34.48975640195186,139.97544633174778,282,0,False
hpmcounter7,drift,test_seed_19,27.558910611181485,139.97544633174778,282,0,False
hpmcounter7,drift,test_seed_2,32.10085966732169,139.97544633174778,282,0,False
hpmcounter7,drift,test_seed_20,48.82420418362781,139.97544633174778,282,0,False
hpmcounter7,drift,test_seed_3,57.756877014998125,139.97544633174778,282,0,False
hpmcounter7,drift,test_seed_4,55.80529306426196,139.97544633174778,282,0,False
hpmcounter7,drift,test_seed_5,36.0777133327254,139.97544633174778,282,0,False
hpmcounter7,drift,test_seed_6,61.39842288198391,139.97544633174778,282,0,False
hpmcounter7,drift,test_seed_7,58.62323798273436,139.97544633174778,282,0,False
hpmcounter7,drift,test_seed_8,33.39252088691588,139.97544633174778,282,0,False
hpmcounter7,drift,test_seed_9,43.62449340296771,139.97544633174778,282,0,False
hpmcounter7,jump,test_seed_1,52.623050525592376,139.97544633174778,282,0,False
hpmcounter7,jump,test_seed_10,42.36540005224173,139.97544633174778,282,0,False
hpmcounter7,jump,test_seed_11,34.96141520738501,139.97544633174778,282,0,False
hpmcounter7,jump,test_seed_12,37.157010082646096,139.97544633174778,282,0,False
hpmcounter7,jump,test_seed_13,34.539730577201965,139.97544633174778,282,0,False
hpmcounter7,jump,test_seed_14,44.81600966849087,139.97544633174778,282,0,False
hpmcounter7,jump,test_seed_15,37.90534292993138,139.97544633174778,282,0,False
hpmcounter7,jump,test_seed_16,64.18945689798105,139.97544633174778,282,0,False
hpmcounter7,jump,test_seed_17,117.75872634353404,139.97544633174778,282,0,False
hpmcounter7,jump,test_seed_18,71.78632250659086,139.97544633174778,282,0,False
hpmcounter7,jump,test_seed_19,50.21110597966232,139.97544633174778,282,0,False
hpmcounter7,jump,test_seed_2,106.1396267956453,139.97544633174778,282,0,False
hpmcounter7,jump,test_seed_20,59.85567499253064,139.97544633174778,282,0,False
hpmcounter7,jump,test_seed_3,74.73440817117728,139.97544633174778,282,0,False
hpmcounter7,jump,test_seed_4,92.9423498526346,139.97544633174778,282,0,False
hpmcounter7,jump,test_seed_5,47.59949040032309,139.97544633174778,282,0,False
hpmcounter7,jump,test_seed_6,34.24834197441708,139.97544633174778,282,0,False
hpmcounter7,jump,test_seed_7,65.84616516099351,139.97544633174778,282,0,False
hpmcounter7,jump,test_seed_8,84.66758743489889,139.97544633174778,282,0,False
hpmcounter7,jump,test_seed_9,48.435439046740974,139.97544633174778,282,0,False
hpmcounter7,replay,test_seed_1,62.188049545637966,139.97544633174778,282,0,False
hpmcounter7,replay,test_seed_10,59.52771778120872,139.97544633174778,282,0,False
hpmcounter7,replay,test_seed_11,71.06290778051556,139.97544633174778,282,0,False
hpmcounter7,replay,test_seed_12,34.68409469218947,139.97544633174778,282,0,False
hpmcounter7,replay,test_seed_13,34.179372098038314,139.97544633174778,282,0,False
hpmcounter7,replay,test_seed_14,46.81034492318266,139.97544633174778,282,0,False
hpmcounter7,replay,test_seed_15,41.01688086097569,139.97544633174778,282,0,False
hpmcounter7,replay,test_seed_16,53.75101119384264,139.97544633174778,282,0,False
hpmcounter7,replay,test_seed_17,52.19705739861909,139.97544633174778,282,0,False
hpmcounter7,replay,test_seed_18,28.252573714116878,139.97544633174778,282,0,False
hpmcounter7,replay,test_seed_19,46.84416997013303,139.97544633174778,282,0,False
hpmcounter7,replay,test_seed_2,61.65190968027785,139.97544633174778,282,0,False
hpmcounter7,replay,test_seed_20,24.74216326812565,139.97544633174778,282,0,False
hpmcounter7,replay,test_seed_3,50.45285327650996,139.97544633174778,282,0,False
hpmcounter7,replay,test_seed_4,31.44389247091057,139.97544633174778,282,0,False
hpmcounter7,replay,test_seed_5,72.71463511260379,139.97544633174778,282,0,False
hpmcounter7,replay,test_seed_6,104.74077088862336,139.97544633174778,282,0,False
hpmcounter7,replay,test_seed_7,104.74077088862336,139.97544633174778,282,0,False
hpmcounter7,replay,test_seed_8,104.74077088862336,139.97544633174778,282,0,False
hpmcounter7,replay,test_seed_9,104.74077088862336,139.97544633174778,282,0,False
hpmcounter8,drift,test_seed_1,135.35200169222642,210.3186740895653,282,0,False
hpmcounter8,drift,test_seed_10,91.3761034273129,210.3186740895653,282,0,False
hpmcounter8,drift,test_seed_11,70.00710544781496,210.3186740895653,282,0,False
hpmcounter8,drift,test_seed_12,53.58183508236565,210.3186740895653,282,0,False
hpmcounter8,drift,test_seed_13,68.83027082066153,210.3186740895653,282,0,False
hpmcounter8,drift,test_seed_14,69.90040279561117,210.3186740895653,282,0,False
hpmcounter8,drift,test_seed_15,116.96784874059726,210.3186740895653,282,0,False
hpmcounter8,drift,test_seed_16,161.35035148045557,210.3186740895653,282,0,False
hpmcounter8,drift,test_seed_17,72.65425296705679,210.3186740895653,282,0,False
hpmcounter8,drift,test_seed_18,58.73755303343234,210.3186740895653,282,0,False
hpmcounter8,drift,test_seed_19,86.74564739496194,210.3186740895653,282,0,False
hpmcounter8,drift,test_seed_2,73.26949433131793,210.3186740895653,282,0,False
hpmcounter8,drift,test_seed_20,53.56370890366606,210.3186740895653,282,0,False
hpmcounter8,drift,test_seed_3,68.83061926600273,210.3186740895653,282,0,False
hpmcounter8,drift,test_seed_4,102.79342712289342,210.3186740895653,282,0,False
hpmcounter8,drift,test_seed_5,130.34692600890014,210.3186740895653,282,0,False
hpmcounter8,drift,test_seed_6,91.19897894625664,210.3186740895653,282,0,False
hpmcounter8,drift,test_seed_7,90.77059183539892,210.3186740895653,282,0,False
hpmcounter8,drift,test_seed_8,72.65010868790925,210.3186740895653,282,0,False
hpmcounter8,drift,test_seed_9,78.23400867168068,210.3186740895653,282,0,False
hpmcounter8,jump,test_seed_1,86.58225611395156,210.3186740895653,282,0,False
hpmcounter8,jump,test_seed_10,144.89604428572133,210.3186740895653,282,0,False
hpmcounter8,jump,test_seed_11,55.15812846050217,210.3186740895653,282,0,False
hpmcounter8,jump,test_seed_12,83.9690688484433,210.3186740895653,282,0,False
hpmcounter8,jump,test_seed_13,63.58544261303123,210.3186740895653,282,0,False
hpmcounter8,jump,test_seed_14,73.07907337999238,210.3186740895653,282,0,False
hpmcounter8,jump,test_seed_15,82.63898756987017,210.3186740895653,282,0,False
hpmcounter8,jump,test_seed_16,160.8746009700018,210.3186740895653,282,0,False
hpmcounter8,jump,test_seed_17,85.26548827152709,210.3186740895653,282,0,False
hpmcounter8,jump,test_seed_18,119.48067495977156,210.3186740895653,282,0,False
hpmcounter8,jump,test_seed_19,115.57574677247588,210.3186740895653,282,0,False
hpmcounter8,jump,test_seed_2,114.63827319501608,210.3186740895653,282,0,False
hpmcounter8,jump,test_seed_20,92.85195784726224,210.3186740895653,282,0,False
hpmcounter8,jump,test_seed_3,64.59916990227238,210.3186740895653,282,0,False
hpmcounter8,jump,test_seed_4,113.12780142481546,210.3186740895653,282,0,False
hpmcounter8,jump,test_seed_5,89.6201620071812,210.3186740895653,282,0,False
hpmcounter8,jump,test_seed_6,63.981945805783006,210.3186740895653,282,0,False
hpmcounter8,jump,test_seed_7,148.95623993250047,210.3186740895653,282,0,False
hpmcounter8,jump,test_seed_8,99.1917810646464,210.3186740895653,282,0,False
hpmcounter8,jump,test_seed_9,100.34518313848844,210.3186740895653,282,0,False
hpmcounter8,replay,test_seed_1,72.96857105291856,210.3186740895653,282,0,False
hpmcounter8,replay,test_seed_10,146.68669333957422,210.3186740895653,282,0,False
hpmcounter8,replay,test_seed_11,89.95193144575845,210.3186740895653,282,0,False
hpmcounter8,replay,test_seed_12,85.21129406430076,210.3186740895653,282,0,False
hpmcounter8,replay,test_seed_13,142.89097561185994,210.3186740895653,282,0,False
hpmcounter8,replay,test_seed_14,82.17067629685249,210.3186740895653,282,0,False
hpmcounter8,replay,test_seed_15,103.36879409842652,210.3186740895653,282,0,False
hpmcounter8,replay,test_seed_16,82.21265706244003,210.3186740895653,282,0,False
hpmcounter8,replay,test_seed_17,99.74727843016063,210.3186740895653,282,0,False
hpmcounter8,replay,test_seed_18,123.8843193917116,210.3186740895653,282,0,False
hpmcounter8,replay,test_seed_19,84.0626596126417,210.3186740895653,282,0,False
hpmcounter8,replay,test_seed_2,119.1950609861455,210.3186740895653,282,0,False
hpmcounter8,replay,test_seed_20,99.86815922839448,210.3186740895653,282,0,False
hpmcounter8,replay,test_seed_3,99.9226579990408,210.3186740895653,282,0,False
hpmcounter8,replay,test_seed_4,57.50812076003196,210.3186740895653,282,0,False
hpmcounter8,replay,test_seed_5,163.8462790539701,210.3186740895653,282,0,False
hpmcounter8,replay,test_seed_6,116.31950758449004,210.3186740895653,282,0,False
hpmcounter8,replay,test_seed_7,116.31950758449004,210.3186740895653,282,0,False
hpmcounter8,replay,test_seed_8,116.31950758449004,210.3186740895653,282,0,False
hpmcounter8,replay,test_seed_9,116.31950758449004,210.3186740895653,282,0,False
hpmcounter9,drift,test_seed_1,78.70790709906825,165.14037238157442,282,0,False
hpmcounter9,drift,test_seed_10,109.55266189565326,165.14037238157442,282,0,False
hpmcounter9,drift,test_seed_11,43.76861485792915,165.14037238157442,282,0,False
hpmcounter9,drift,test_seed_12,61.9327392829439,165.14037238157442,282,0,False
hpmcounter9,drift,test_seed_13,42.732728207828,165.14037238157442,282,0,False
hpmcounter9,drift,test_seed_14,58.088130460331534,165.14037238157442,282,0,False
hpmcounter9,drift,test_seed_15,58.21562446571626,165.14037238157442,282,0,False
hpmcounter9,drift,test_seed_16,116.17742883283316,165.14037238157442,282,0,False
hpmcounter9,drift,test_seed_17,69.44312449954045,165.14037238157442,282,0,False
hpmcounter9,drift,test_seed_18,40.32744639633362,165.14037238157442,282,0,False
hpmcounter9,drift,test_seed_19,28.88644796882605,165.14037238157442,282,0,False
hpmcounter9,drift,test_seed_2,89.53306261786517,165.14037238157442,282,0,False
hpmcounter9,drift,test_seed_20,81.48051736031354,165.14037238157442,282,0,False
hpmcounter9,drift,test_seed_3,60.27274991590865,165.14037238157442,282,0,False
hpmcounter9,drift,test_seed_4,71.878079383552,165.14037238157442,282,0,False
hpmcounter9,drift,test_seed_5,63.48420474414572,165.14037238157442,282,0,False
hpmcounter9,drift,test_seed_6,44.93670114557192,165.14037238157442,282,0,False
hpmcounter9,drift,test_seed_7,61.01214720790888,165.14037238157442,282,0,False
hpmcounter9,drift,test_seed_8,55.7653181436652,165.14037238157442,282,0,False
hpmcounter9,drift,test_seed_9,50.911388901338135,165.14037238157442,282,0,False
hpmcounter9,jump,test_seed_1,95.6409147244251,165.14037238157442,282,0,False
hpmcounter9,jump,test_seed_10,57.80629398063024,165.14037238157442,282,0,False
hpmcounter9,jump,test_seed_11,48.59028204433484,165.14037238157442,282,0,False
hpmcounter9,jump,test_seed_12,64.12834360005347,165.14037238157442,282,0,False
hpmcounter9,jump,test_seed_13,68.97903142476882,165.14037238157442,282,0,False
hpmcounter9,jump,test_seed_14,83.28377024782137,165.14037238157442,282,0,False
hpmcounter9,jump,test_seed_15,45.692734305660565,165.14037238157442,282,0,False
hpmcounter9,jump,test_seed_16,152.1706367361678,165.14037238157442,282,0,False
hpmcounter9,jump,test_seed_17,72.81854433346227,165.14037238157442,282,0,False
hpmcounter9,jump,test_seed_18,86.09391883535471,165.14037238157442,282,0,False
hpmcounter9,jump,test_seed_19,48.72883019849203,165.14037238157442,282,0,False
hpmcounter9,jump,test_seed_2,77.9624374717034,165.14037238157442,282,0,False
hpmcounter9,jump,test_seed_20,65.66884983611551,165.14037238157442,282,0,False
hpmcounter9,jump,test_seed_3,66.25756786051323,165.14037238157442,282,0,False
hpmcounter9,jump,test_seed_4,75.74343178489299,165.14037238157442,282,0,False
hpmcounter9,jump,test_seed_5,63.875259106676026,165.14037238157442,282,0,False
hpmcounter9,jump,test_seed_6,39.479539998692495,165.14037238157442,282,0,False
hpmcounter9,jump,test_seed_7,67.7763272075161,165.14037238157442,282,0,False
hpmcounter9,jump,test_seed_8,80.09790249716846,165.14037238157442,282,0,False
hpmcounter9,jump,test_seed_9,73.67870532722468,165.14037238157442,282,0,False
hpmcounter9,replay,test_seed_1,75.37906476082506,165.14037238157442,282,0,False
hpmcounter9,replay,test_seed_10,90.40830910256354,165.14037238157442,282,0,False
hpmcounter9,replay,test_seed_11,74.8702239608645,165.14037238157442,282,0,False
hpmcounter9,replay,test_seed_12,53.58709848398394,165.14037238157442,282,0,False
hpmcounter9,replay,test_seed_13,51.02289680921138,165.14037238157442,282,0,False
hpmcounter9,replay,test_seed_14,70.2410396823711,165.14037238157442,282,0,False
hpmcounter9,replay,test_seed_15,83.56973646583143,165.14037238157442,282,0,False
hpmcounter9,replay,test_seed_16,93.13569487940904,165.14037238157442,282,0,False
hpmcounter9,replay,test_seed_17,127.54588813545354,165.14037238157442,282,0,False
hpmcounter9,replay,test_seed_18,59.39567948975629,165.14037238157442,282,0,False
hpmcounter9,replay,test_seed_19,68.14262245579313,165.14037238157442,282,0,False
hpmcounter9,replay,test_seed_2,103.75218716793204,165.14037238157442,282,0,False
hpmcounter9,replay,test_seed_20,36.60931060074031,165.14037238157442,282,0,False
hpmcounter9,replay,test_seed_3,54.75651481611182,165.14037238157442,282,0,False
hpmcounter9,replay,test_seed_4,46.96979513635417,165.14037238157442,282,0,False
hpmcounter9,replay,test_seed_5,58.11890060394472,165.14037238157442,282,0,False
hpmcounter9,replay,test_seed_6,44.43732097221413,165.14037238157442,282,0,False
hpmcounter9,replay,test_seed_7,44.43732097221413,165.14037238157442,282,0,False
hpmcounter9,replay,test_seed_8,44.43732097221413,165.14037238157442,282,0,False
hpmcounter9,replay,test_seed_9,44.43732097221413,165.14037238157442,282,0,False
