counter,mode,seed,alpha,beta,residual_mean,residual_std
hpmcounter3,normal,test_seed_1,-0.41038037291322743,0.0024427058015735084,2.8690299467976556e-16,0.04359271053805234
hpmcounter3,normal,test_seed_10,1.3919018576982018,-0.001143609510499731,-2.8079867564402584e-16,0.03079047060810279
hpmcounter3,normal,test_seed_11,0.5051328285245912,0.0005278268495359339,-1.0224734384863984e-16,0.047314280136430305
hpmcounter3,normal,test_seed_12,-1.9572871846764488,0.0006229797948046414,1.3582109854520816e-16,0.020288786235062087
hpmcounter3,normal,test_seed_13,-0.1272662510300448,-3.4400107874879278e-06,1.3734717830414308e-17,0.03987546460799343
hpmcounter3,normal,test_seed_14,0.42863426000776805,-0.0006866354537932104,-7.630398794674615e-17,0.046403548054692476
hpmcounter3,normal,test_seed_15,0.31864994642651384,0.0001347561351300209,-9.022946574702733e-17,0.02335798669859483
hpmcounter3,normal,test_seed_16,0.8492146122458205,0.001744033169926346,-2.617226786573393e-16,0.03858423647550557
hpmcounter3,normal,test_seed_17,-1.5262872782741448,-0.0002693530814706456,2.5485531974213214e-16,0.02959552900770717
hpmcounter3,normal,test_seed_18,0.9425299625171474,0.0006278486420046602,-2.0411316775754595e-16,0.025497039782187095
hpmcounter3,normal,test_seed_19,1.3244189106968887,-0.0019797158798580488,-2.6210419859707304e-16,0.03849914816471304
hpmcounter3,normal,test_seed_2,-0.210760652500584,-0.0001847937517184236,5.493887132165723e-17,0.07224788864367175
hpmcounter3,normal,test_seed_20,-1.0681844320295455,-0.0010108624501280528,-9.309086529503031e-17,0.025002944162999325
hpmcounter3,normal,test_seed_3,0.19301532336477592,-0.0016159876847291188,-6.562142963420169e-17,0.053642481038261206
hpmcounter3,normal,test_seed_4,0.8514820809895671,-0.0021269247835586963,-2.38068442393848e-16,0.046604404531651704
hpmcounter3,normal,test_seed_5,0.8047824615405273,0.001651836204229393,-8.317134686195331e-17,0.06429297445427479
hpmcounter3,normal,test_seed_6,-1.6962374300754182,1.4460473579794673e-05,5.318387959888207e-16,0.03826790852326959
hpmcounter3,normal,test_seed_7,0.02842828278169449,0.0009054120568498538,5.493887132165723e-17,0.09865936091086369
hpmcounter3,normal,test_seed_8,0.7860208969786454,7.328050450308818e-05,-5.2649751683254844e-17,0.04174905072784298
hpmcounter3,normal,test_seed_9,-1.4278078222727228,0.0002761829744061374,1.823665311927233e-16,0.036172953584472166
hpmcounter3,drift,test_seed_1,0.37605419921866823,0.0023694993148987344,4.402740104527253e-16,0.03921733971343259
hpmcounter3,drift,test_seed_10,-0.07167394990547883,0.000568015080730926,5.493887132165723e-17,0.09209865661087926
hpmcounter3,drift,test_seed_11,0.8494532125232113,0.000531307219349811,1.8160349131325584e-16,0.044674525710300755
hpmcounter3,drift,test_seed_12,-1.3744820862109524,-0.00011452992516792641,2.1746636564822653e-16,0.033913180524965
hpmcounter3,drift,test_seed_13,1.1642833934932324,0.00010008321762460608,1.266646199915986e-16,0.04186401450450309
hpmcounter3,drift,test_seed_14,-0.013950117046340593,0.00231383703467026,1.9686428890260507e-16,0.04059600674370772
hpmcounter3,drift,test_seed_15,0.4141205517242039,-1.8800995920162745e-06,-1.3963629794254546e-16,0.05763005438567566
hpmcounter3,drift,test_seed_16,0.7146759298276797,-0.00022310848369248604,-1.5604165535109587e-16,0.0413364903136072
hpmcounter3,drift,test_seed_17,0.5913266723713141,0.00043514219157378235,1.1445598192011922e-17,0.05893055711888912
hpmcounter3,drift,test_seed_18,0.4776981710062426,-0.0015753990821557242,-7.477790818781124e-17,0.03807226863999445
hpmcounter3,drift,test_seed_19,0.4441236619375859,0.0015295046136473793,6.523990969446796e-17,0.03526738707723904
hpmcounter3,drift,test_seed_2,0.4652182165575189,0.0013320488232565462,2.0792836715488327e-16,0.05419685034875421
hpmcounter3,drift,test_seed_20,-1.6844482252631339,0.0006057827212372199,1.0224734384863984e-16,0.06618937707099452
hpmcounter3,drift,test_seed_3,0.05439843449114511,0.0005897999805315765,1.526079758934923e-18,0.0457581868852512
hpmcounter3,drift,test_seed_4,0.23680172470902336,0.00038975187313219624,5.036063204485246e-17,0.03545028563850321
hpmcounter3,drift,test_seed_5,1.0987694896592508,0.0015232233898454892,-3.235289088942037e-16,0.14518733065263548
hpmcounter3,drift,test_seed_6,0.03858205988182374,-0.002460313239074995,-2.0678380733568208e-16,0.04830004957406222
hpmcounter3,drift,test_seed_7,0.3341351562576587,0.001116849450940789,-9.766910457183508e-17,0.05862692649826157
hpmcounter3,drift,test_seed_8,-0.04786261219063688,0.0022439979441334647,1.9915340854100747e-16,0.04809051213457336
hpmcounter3,drift,test_seed_9,0.30948670224551217,-0.0002465264970115594,-1.19034221196924e-16,0.07392123182759341
hpmcounter3,jump,test_seed_1,0.7949318678524239,0.0004450973579801151,-6.600294957393542e-17,0.03450848497565436
hpmcounter3,jump,test_seed_10,0.770086405668204,-0.000328108435620797,-2.6706395781361153e-16,0.06970694869362058
hpmcounter3,jump,test_seed_11,0.7713476509003309,0.00013118751448559237,3.509983445550323e-17,0.03216727247646574
hpmcounter3,jump,test_seed_12,1.1995939353810547,0.00039194536536293315,2.5485531974213214e-16,0.05674964212143977
hpmcounter3,jump,test_seed_13,0.5257566102130641,0.0012490862814479142,-7.9356147464616e-17,0.040585495767655216
hpmcounter3,jump,test_seed_14,-0.6264648953780365,0.0024919531177658187,3.418418660014228e-16,0.07579943203907076
hpmcounter3,jump,test_seed_15,0.9898721060454957,2.772712499251949e-05,-5.036063204485246e-17,0.06047350100812427
hpmcounter3,jump,test_seed_16,0.4426855329140967,0.0003933433959605615,1.9228604962580032e-16,0.08060731367216194
hpmcounter3,jump,test_seed_17,1.109731815915868,6.363036001199251e-06,-4.929237621359802e-16,0.03583335249810561
hpmcounter3,jump,test_seed_18,0.8988650389795421,-0.0017525926742526642,-2.319641233581083e-16,0.03501440585080034
hpmcounter3,jump,test_seed_19,0.9235355324771785,-0.0016387843640677715,-1.4650365685775261e-16,0.07392436665384804
hpmcounter3,jump,test_seed_2,-0.014606425915645893,0.0011935705506402007,8.240830698248585e-17,0.032775382777572866
hpmcounter3,jump,test_seed_20,-1.9387205968321721,0.00028048726926824187,6.9436629031539e-17,0.039756316222457455
hpmcounter3,jump,test_seed_3,0.2951844423689995,0.000338933335167018,3.548135439523696e-17,0.04938082892892521
hpmcounter3,jump,test_seed_4,0.7182631054887006,0.0005591451975786554,1.3200589914787085e-16,0.03846108092475671
hpmcounter3,jump,test_seed_5,1.5746860777587879,-0.0011928983929176602,-4.425631300911277e-17,0.03932187436505987
hpmcounter3,jump,test_seed_6,0.17961939613409006,0.0010598189208774456,1.1674510155852162e-16,0.04262404375572281
hpmcounter3,jump,test_seed_7,1.6947343491430846,-0.0008138251940202825,-2.38068442393848e-16,0.13620778234684017
hpmcounter3,jump,test_seed_8,0.45639835273780494,-7.31642033504064e-05,4.6545432647515155e-17,0.04794391743996742
hpmcounter3,jump,test_seed_9,0.3346692937980929,-0.0007272853296696592,-9.614302481290016e-17,0.0682658707778239
hpmcounter3,replay,test_seed_1,1.181626435437638,-0.0002742866618134721,-2.8079867564402584e-16,0.10619033960733416
hpmcounter3,replay,test_seed_10,0.8575872328067405,0.00037455398026653593,-6.714750939313661e-17,0.08943616843173385
hpmcounter3,replay,test_seed_11,0.8158692904035416,0.0007323039434493294,5.2649751683254844e-17,0.05508838196511785
hpmcounter3,replay,test_seed_12,-1.5169465642455366,0.0003556626014108198,5.341279156272231e-18,0.041560300423584245
hpmcounter3,replay,test_seed_13,1.0581521812324992,-8.147127339518973e-05,-2.7698347624668854e-16,0.06421101226490086
hpmcounter3,replay,test_seed_14,0.29143401903740246,-0.0006573854176894505,-1.3124285926840339e-16,0.09705014791739297
hpmcounter3,replay,test_seed_15,0.0049921141594887475,0.00027556997417713336,2.441727614295877e-17,0.05571743045989561
hpmcounter3,replay,test_seed_16,-0.6813196119724557,-0.0013681087216558916,-6.714750939313661e-17,0.054618445856992756
hpmcounter3,replay,test_seed_17,0.061464636143972816,-0.00024221583727874706,-2.518031602242623e-17,0.03731437843635681
hpmcounter3,replay,test_seed_18,-1.6299600175772382,0.0024227577076696904,4.3340665153751814e-16,0.052809055930214864
hpmcounter3,replay,test_seed_19,0.6908100018948192,-0.002566319109200202,-2.7164219709041633e-16,0.09300342114893527
hpmcounter3,replay,test_seed_2,0.286303933010446,-0.0013612205790094836,-8.54604665003557e-17,0.06847992415068267
hpmcounter3,replay,test_seed_20,0.8085527699469167,9.947282278662498e-05,-2.4264668167065275e-16,0.05948042114933536
hpmcounter3,replay,test_seed_3,-0.030055938934404027,0.0014231652867191518,6.953200901647243e-17,0.017583711522364313
hpmcounter3,replay,test_seed_4,0.3361136856566646,-0.0022053170973766775,-2.258598043223686e-16,0.05859874625888961
hpmcounter3,replay,test_seed_5,0.6142024206964237,-1.6431740812624345e-05,-1.2971677950946847e-16,0.080693058507009
hpmcounter3,replay,test_seed_6,0.7216390049092549,0.0012763576030121462,1.251385402326637e-16,0.07832648957737598
hpmcounter3,replay,test_seed_7,0.7216390049092549,0.0012763576030121462,1.251385402326637e-16,0.07832648957737598
hpmcounter3,replay,test_seed_8,0.7216390049092549,0.0012763576030121462,1.251385402326637e-16,0.07832648957737598
hpmcounter3,replay,test_seed_9,0.7216390049092549,0.0012763576030121462,1.251385402326637e-16,0.07832648957737598
hpmcounter4,normal,test_seed_1,0.48879900018063815,-0.00011162632874590194,-1.6977637318151018e-16,0.007988663574109703
hpmcounter4,normal,test_seed_10,-0.03624066613381321,-0.00016678854612132648,-4.375556808821225e-18,0.0036326559358734376
hpmcounter4,normal,test_seed_11,1.3580038164053876,-0.00022146401727240496,-3.235289088942037e-16,0.017014057168569838
hpmcounter4,normal,test_seed_12,0.47132906273583647,-0.00023239940440496307,-1.19034221196924e-16,0.002364226898355274
hpmcounter4,normal,test_seed_13,-0.13860912787354412,-0.000325603883027611,-1.526079758934923e-18,0.0032734550422584973
hpmcounter4,normal,test_seed_14,-0.10016537684017426,8.26443105242833e-05,1.774067719761848e-17,0.00999915429033817
hpmcounter4,normal,test_seed_15,0.5717815496303712,0.00017370116283145333,8.202678704275212e-17,0.006011863826843381
hpmcounter4,normal,test_seed_16,-0.08505734830021452,-3.8890379403300554e-05,-9.824138448143568e-18,0.006053695025455892
hpmcounter4,normal,test_seed_17,-0.12140328649347713,-5.8450349161629444e-05,-2.0792836715488327e-17,0.005437940087260721
hpmcounter4,normal,test_seed_18,-0.01974312801881041,-0.00017897693682192729,-9.728758463210134e-18,0.004375506946033207
hpmcounter4,normal,test_seed_19,-0.15186599315014337,-0.00043116120843267726,5.1505191864053656e-18,0.0028564446684043576
hpmcounter4,normal,test_seed_2,0.5358034792019702,-0.000309379523410819,-2.8613995480029806e-18,0.0038445502669990144
hpmcounter4,normal,test_seed_20,-0.13037368493344367,-0.0006114607588268194,-4.2062573355643816e-17,0.004252721288849511
hpmcounter4,normal,test_seed_3,1.1792088530811158,-0.00011960722323164985,-5.547299923728445e-16,0.005560415881505573
hpmcounter4,normal,test_seed_4,-0.12411090028531263,-0.0002595653778982945,-4.93114522105847e-17,0.004513595713239711
hpmcounter4,normal,test_seed_5,-0.09692373082456009,0.0028477286462901532,2.7645888632955466e-16,0.0038377198246416855
hpmcounter4,normal,test_seed_6,-3.9222516702865327,0.0001780723275523509,-2.899551541976354e-17,0.007146914477915897
hpmcounter4,normal,test_seed_7,0.5585002417096485,-4.692073208681223e-05,-3.6625914214438153e-17,0.007957979813804989
hpmcounter4,normal,test_seed_8,-0.11493284349030004,7.201862964585728e-07,3.920117380764084e-17,0.0052079255135448164
hpmcounter4,normal,test_seed_9,-0.12174824631470851,-0.00017057196464797123,-3.2429194877367116e-18,0.006362073065819048
hpmcounter4,drift,test_seed_1,-0.09911115060366488,3.335386457537327e-05,9.919518433077e-18,0.007823137535242518
hpmcounter4,drift,test_seed_10,-0.7636976811933348,0.0002487237880053758,2.0869140703435073e-16,0.0061347113709825886
hpmcounter4,drift,test_seed_11,0.008143950890930845,-4.794752741533103e-05,-3.433679457603577e-18,0.009154796692802955
hpmcounter4,drift,test_seed_12,-0.140745589342673,-0.00023038609790565717,5.913559065872827e-18,0.003922040903914618
hpmcounter4,drift,test_seed_13,-0.10900603735221483,-1.192943747828991e-05,1.1636358161878789e-17,0.007700370481438818
hpmcounter4,drift,test_seed_14,0.5071375312116492,0.00043519326339610994,-9.270934535529658e-17,0.007876351242355192
hpmcounter4,drift,test_seed_15,0.5629204677465749,0.00011956148144173094,1.0110278402943865e-16,0.007053421278366815
hpmcounter4,drift,test_seed_16,0.5719978814752917,-0.00018455969777600255,-1.3963629794254546e-16,0.0053881076970790686
hpmcounter4,drift,test_seed_17,-0.1412253342007771,3.741145605312068e-05,8.965718583742673e-17,0.01254663707107627
hpmcounter4,drift,test_seed_18,-0.040224977319519725,-0.000189775765228573,-2.8613995480029806e-18,0.0035488611187769587
hpmcounter4,drift,test_seed_19,-0.13942513785322289,-0.00028420652053050017,-1.383009781534774e-17,0.004438177266256818
hpmcounter4,drift,test_seed_2,-0.08426075843260503,-0.0002892583874655802,5.1028291939386494e-18,0.004673358914999808
hpmcounter4,drift,test_seed_20,-0.7771618010921918,-0.0003995532107269977,-2.1594028588929161e-16,0.003172716634821799
hpmcounter4,drift,test_seed_3,0.5250979717651059,-0.0002767077949057213,-1.4249769749054845e-16,0.009225226505136668
hpmcounter4,drift,test_seed_4,0.5115425519205014,-0.0004396961966819298,-1.4364225730974964e-16,0.004576675320051281
hpmcounter4,drift,test_seed_5,0.58130083162508,-0.00010547838749226879,-9.42354251142315e-17,0.00419983718485558
hpmcounter4,drift,test_seed_6,-0.10340542026558049,-0.00020441660981070962,1.0301038372810731e-17,0.0072332564687428704
hpmcounter4,drift,test_seed_7,-0.068037347834842,-0.00010761765498171522,-1.4402377724948338e-17,0.005562875089106437
hpmcounter4,drift,test_seed_8,0.5025437817492899,-0.00011835269989245058,-2.2891196384023844e-16,0.00507016372721403
hpmcounter4,drift,test_seed_9,-0.7383857122954218,6.425923777296075e-05,7.401486830834377e-17,0.006382631854234768
hpmcounter4,jump,test_seed_1,-0.09275625518225288,-0.00023689480763196402,2.804171557042921e-17,0.011929311691249347
hpmcounter4,jump,test_seed_10,-0.09233309607733879,-9.78745387967232e-05,-1.7931437167485347e-17,0.005383911168550077
hpmcounter4,jump,test_seed_11,-0.06327212176725407,2.8964047521849953e-05,2.7850955600562346e-17,0.009986207538717826
hpmcounter4,jump,test_seed_12,0.5329003902320267,0.00017725399461166055,-4.196719337071038e-18,0.006086567293669529
hpmcounter4,jump,test_seed_13,0.5703246892931398,-7.173622338708373e-05,-1.6519813390470543e-16,0.004928207242827385
hpmcounter4,jump,test_seed_14,0.5663832431717064,0.00036393181225627424,-2.1365116625088924e-17,0.006586696752654195
hpmcounter4,jump,test_seed_15,-0.01959046370755249,0.00010899457615885945,7.248878854940885e-18,0.004234887836341227
hpmcounter4,jump,test_seed_16,-0.03763229984909083,-5.134081487465599e-05,-1.7168397288017885e-18,0.009402797909105172
hpmcounter4,jump,test_seed_17,-0.11143932918896031,0.0004378234492220871,2.756481564576205e-17,0.008300625000159574
hpmcounter4,jump,test_seed_18,-0.10167763877652178,-0.00011193874687395412,5.5320391261390965e-18,0.006738928686134858
hpmcounter4,jump,test_seed_19,-0.635390331368417,-0.00039035501142811046,2.1136204661248684e-16,0.005021160352913791
hpmcounter4,jump,test_seed_2,-0.09993573839914266,-0.0003469283294400799,-5.751413091485992e-17,0.005264500243742783
hpmcounter4,jump,test_seed_20,0.5504530034603605,-0.0005679731325506245,-1.0510874339664282e-16,0.005352650242667436
hpmcounter4,jump,test_seed_3,-0.14020505865852081,-0.00023473725788073296,3.052159517869846e-18,0.01163700962826268
hpmcounter4,jump,test_seed_4,0.5611381299784735,-0.0004355960094031431,-4.2920993220044713e-17,0.003289728829365431
hpmcounter4,jump,test_seed_5,-0.022780926524781232,-0.00010241423720868446,-5.722799096005961e-18,0.00721493601461257
hpmcounter4,jump,test_seed_6,-1.3881224429265944,0.000117722195362719,2.1288812637142178e-16,0.008904864417629846
hpmcounter4,jump,test_seed_7,0.5734099064319681,-2.5688058597386712e-06,-2.1403268619062297e-16,0.008498127605905329
hpmcounter4,jump,test_seed_8,-0.15325099568085443,-5.625173932072947e-05,4.3397893144711875e-17,0.003998975265802525
hpmcounter4,jump,test_seed_9,-0.10060372489881948,5.379863230375136e-05,4.005959367204173e-18,0.004670672632642137
hpmcounter4,replay,test_seed_1,-1.9950859383908566,8.182114711086807e-05,4.150936944302991e-16,0.006896756587877766
hpmcounter4,replay,test_seed_10,0.5489420112638942,-0.00016303198682778085,-9.690606469236762e-17,0.007438050510088287
hpmcounter4,replay,test_seed_11,-3.8681819977586414,0.00021646713413657243,1.3582109854520814e-15,0.010138977109427615
hpmcounter4,replay,test_seed_12,-0.15903453174520948,-0.00023515319032020333,1.6500737393483856e-17,0.005254128043345663
hpmcounter4,replay,test_seed_13,-0.1611419272482597,-0.0001297897629894933,4.6163912707781426e-17,0.00779638024391192
hpmcounter4,replay,test_seed_14,0.547534847587859,0.00018971287539267643,-2.899551541976354e-16,0.006817576263460974
hpmcounter4,replay,test_seed_15,0.5711760646804551,0.0001526777036727801,-2.8232475540296075e-17,0.004815978704190264
hpmcounter4,replay,test_seed_16,-1.4030104187274453,1.8872261232530455e-05,2.830877952824282e-16,0.003954356630642804
hpmcounter4,replay,test_seed_17,-0.11440677404869344,-2.036662558396813e-05,2.923396538209712e-17,0.004880051279539514
hpmcounter4,replay,test_seed_18,-0.1468707366196821,-8.916829818228471e-05,8.507894656062197e-17,0.00872570827676657
hpmcounter4,replay,test_seed_19,-0.16481819380032275,-0.0006464723091876846,-5.0837531969519623e-17,0.0037339628743044916
hpmcounter4,replay,test_seed_2,-0.12102868030947299,-0.0003832957189349621,-5.1075981931853204e-17,0.0020355630988566982
hpmcounter4,replay,test_seed_20,-0.6714037626928933,-0.0004230113231460806,2.0907292697408446e-16,0.011577919097316982
hpmcounter4,replay,test_seed_3,-0.06243714314833215,9.043194652380488e-05,2.863784047626317e-17,0.002481015972271282
hpmcounter4,replay,test_seed_4,0.5333099141212426,-0.0003120227259920321,-7.744854776594734e-17,0.007373155104869594
hpmcounter4,replay,test_seed_5,-0.744130201997455,-4.0599656745700996e-05,2.2509676444290116e-17,0.005607135647005041
hpmcounter4,replay,test_seed_6,-0.08940377871635215,6.937306188439755e-05,3.204767493763338e-17,0.005527884905494116
hpmcounter4,replay,test_seed_7,-0.08940377871635215,6.937306188439755e-05,3.204767493763338e-17,0.005527884905494116
hpmcounter4,replay,test_seed_8,-0.08940377871635215,6.937306188439755e-05,3.204767493763338e-17,0.005527884905494116
hpmcounter4,replay,test_seed_9,-0.08940377871635215,6.937306188439755e-05,3.204767493763338e-17,0.005527884905494116
hpmcounter5,normal,test_seed_1,-0.6329440505154152,0.0012446613828757636,1.251385402326637e-16,0.06297530893184927
hpmcounter5,normal,test_seed_10,0.8069777341089306,-0.00313901729781238,-2.0296860793834476e-16,0.06511431593469498
hpmcounter5,normal,test_seed_11,1.0251353895912456,-0.0009931022966619088,8.54604665003557e-17,0.1782219755922823
hpmcounter5,normal,test_seed_12,-1.191445415272042,0.0020194600488580624,1.6519813390470543e-16,0.058381399119045475
hpmcounter5,normal,test_seed_13,-0.3904167258693056,0.0014590988582074227,1.4955581637562247e-16,0.09485355672681153
hpmcounter5,normal,test_seed_14,0.2849309304730357,0.00027232171993951443,-7.630398794674616e-18,0.08135241870029186
hpmcounter5,normal,test_seed_15,-0.6667743939249813,-0.0014449680109364254,1.4345149733988278e-16,0.06443822864736988
hpmcounter5,normal,test_seed_16,1.672568490293333,-0.0033963270404135104,-7.050488486279344e-16,0.07873985372621432
hpmcounter5,normal,test_seed_17,-0.5419783288349241,-0.00033165116047404635,1.2208638071479384e-17,0.11281228067987316
hpmcounter5,normal,test_seed_18,-0.34176799431909805,-0.0015138983590615735,-6.104319035739692e-18,0.0831372045315882
hpmcounter5,normal,test_seed_19,2.798991844794532,-0.005883407069755548,-3.76941700456926e-16,0.08297417159846093
hpmcounter5,normal,test_seed_2,-0.8316161129116846,0.0016665093982983507,1.9839036866154e-17,0.07033762425520167
hpmcounter5,normal,test_seed_20,1.2062290009496541,-0.0003225660210112079,-1.8389261095165824e-16,0.07515492787143357
hpmcounter5,normal,test_seed_3,-0.2119212417099012,-0.0004477148159185134,4.578239276804769e-17,0.056349370811893985
hpmcounter5,normal,test_seed_4,0.285836784383257,-0.0021025879810563086,-1.6710573360337408e-16,0.08821613046847813
hpmcounter5,normal,test_seed_5,0.3492669681353632,0.011298509480333473,3.662591421443815e-16,0.23485984545514063
hpmcounter5,normal,test_seed_6,-0.2931036014508123,-0.0006748222835427474,2.1365116625088924e-17,0.06017157591580669
hpmcounter5,normal,test_seed_7,-0.33799171129695504,-0.0008071188038075001,-1.8312957107219077e-17,0.07831154487537302
hpmcounter5,normal,test_seed_8,-1.5753629793550965,-0.00020474477296888397,-2.319641233581083e-16,0.10751934586155688
hpmcounter5,normal,test_seed_9,-1.414614587269099,0.003301365024907764,2.8690299467976556e-16,0.09822729629726391
hpmcounter5,drift,test_seed_1,-2.4119188656839,0.002560110729611282,1.1170903835403637e-15,0.08626940243986268
hpmcounter5,drift,test_seed_10,0.08700918730268697,0.0012218401483196878,5.9517110598462e-17,0.10079255201811031
hpmcounter5,drift,test_seed_11,1.3180186888643213,-0.0036874603664427542,-2.6095963877787186e-16,0.08433291175766423
hpmcounter5,drift,test_seed_12,-0.7987641391280759,-0.000173817725008165,-1.1598206167905416e-16,0.1106125611227269
hpmcounter5,drift,test_seed_13,0.4941937497472143,-0.0032728771290178277,-1.5794925504976454e-16,0.07167656900134219
hpmcounter5,drift,test_seed_14,-2.024126634447914,-0.0005079509921541801,5.493887132165723e-17,0.09221093734430184
hpmcounter5,drift,test_seed_15,0.5722059143108598,-0.001441952085554528,3.052159517869846e-18,0.10514537808358218
hpmcounter5,drift,test_seed_16,-0.6925668479681752,0.0009179631562111527,3.6854826178278395e-16,0.06974143468705608
hpmcounter5,drift,test_seed_17,-1.8898718779943133,0.0020530745997653158,5.005541609306548e-16,0.212734041000159
hpmcounter5,drift,test_seed_18,-0.6410159468230096,0.0018703618420337542,1.6176445444710184e-16,0.08191386755806626
hpmcounter5,drift,test_seed_19,0.9005723101800056,-0.0013868477483864018,-1.251385402326637e-16,0.07813994977904286
hpmcounter5,drift,test_seed_2,0.7075061473621093,-0.006218692983295787,-4.0784481557535817e-16,0.04708464877660127
hpmcounter5,drift,test_seed_20,0.33114350136794507,-0.0015181277170296349,-1.0377342360757477e-16,0.08657294627836855
hpmcounter5,drift,test_seed_3,-0.2197780511429373,-0.002265326736979456,-1.3124285926840339e-16,0.12160173341793844
hpmcounter5,drift,test_seed_4,-0.6905469329721353,-0.0013471441386280958,-1.4039933782201292e-16,0.07748461826116015
hpmcounter5,drift,test_seed_5,-0.20395072641877937,-2.5509709005167326e-06,3.929655379257427e-17,0.05237598486133139
hpmcounter5,drift,test_seed_6,-0.529414715354494,0.00015014794115645404,3.204767493763338e-17,0.10719817264336781
hpmcounter5,drift,test_seed_7,-1.2171582116200699,0.00010087534162622411,1.526079758934923e-16,0.06433511697130069
hpmcounter5,drift,test_seed_8,-0.9683963845794439,0.00044991475905353865,6.104319035739692e-18,0.04470134168344601
hpmcounter5,drift,test_seed_9,-0.6321236551462874,-0.0009388861120970597,-6.409534987526676e-17,0.07911148455581184
hpmcounter5,jump,test_seed_1,-0.6185274446174344,-0.004175165020453226,-3.540505040729022e-16,0.16456681550315583
hpmcounter5,jump,test_seed_10,-1.4130111244865184,0.00033726708053879404,2.2891196384023846e-18,0.047234411131350844
hpmcounter5,jump,test_seed_11,-0.48650565962469355,-0.0025688109023940717,-1.0072126408970492e-16,0.0883543341764908
hpmcounter5,jump,test_seed_12,-0.4225004354047044,-0.003041735879677477,-1.510818961345574e-16,0.12479836159182064
hpmcounter5,jump,test_seed_13,0.18363050787962643,-0.004106774323965212,-3.3573754696568307e-16,0.05424355793819587
hpmcounter5,jump,test_seed_14,0.29651111245004497,-0.004600997590602727,-2.9758555299231e-16,0.10654939162327029
hpmcounter5,jump,test_seed_15,1.0607108266951124,-0.006658098910173551,-5.341279156272231e-16,0.13382026583071804
hpmcounter5,jump,test_seed_16,-0.31244248027624816,-0.0026379740294468815,1.3429501878627322e-16,0.1570000963468176
hpmcounter5,jump,test_seed_17,0.036653401748702505,-0.0018410169702906937,-1.8007741155432092e-16,0.09487538702821051
hpmcounter5,jump,test_seed_18,-0.3059356887495044,-0.0035318199910512015,-1.0682558312544462e-16,0.09690933568021609
hpmcounter5,jump,test_seed_19,1.5343545202409932,-0.005508165832831448,-6.089058238150343e-16,0.09101375338800036
hpmcounter5,jump,test_seed_2,-1.561567984015067,-0.0019088237932800953,9.385390517449777e-17,0.08438303466664866
hpmcounter5,jump,test_seed_20,2.4562119578547055,-0.0059014559492635175,-1.129299021611843e-15,0.13015568806828495
hpmcounter5,jump,test_seed_3,-1.5742676249607201,-0.0037340094904569953,1.3734717830414308e-16,0.15463879150383894
hpmcounter5,jump,test_seed_4,0.07374285009870016,-0.004329344556670117,-3.7236346118012124e-16,0.22331928367395604
hpmcounter5,jump,test_seed_5,-0.9020917368715359,-0.0016209128410531778,1.6023837468816692e-16,0.07071078053683659
hpmcounter5,jump,test_seed_6,0.09805646166404124,-0.0022321584049645325,-7.019966891100646e-17,0.08204801077803299
hpmcounter5,jump,test_seed_7,-0.319152499957571,-0.0010313530394444358,1.19034221196924e-16,0.11360923873092829
hpmcounter5,jump,test_seed_8,-0.9868595431439913,-0.003983003974355288,8.011918734408346e-17,0.07297089779276472
hpmcounter5,jump,test_seed_9,-0.4335281837894651,-0.004502532276496301,-3.17424589858464e-16,0.1126153061974138
hpmcounter5,replay,test_seed_1,-1.2089093292557165,-0.000902453962926645,1.4345149733988278e-16,0.10676066620778583
hpmcounter5,replay,test_seed_10,-0.4336050102581803,-0.0011335599192451814,1.1216686228171684e-16,0.13176482474605306
hpmcounter5,replay,test_seed_11,-0.37057665528762734,0.0006061060942841,1.5260797589349232e-17,0.13642257503025548
hpmcounter5,replay,test_seed_12,-0.5344793613489867,0.0014466072360002477,1.476482166769538e-16,0.05125009776893661
hpmcounter5,replay,test_seed_13,0.7218416464288184,-0.0005407568652958332,6.562142963420169e-17,0.10999390606558172
hpmcounter5,replay,test_seed_14,-1.8449957458451676,0.0016816627029122646,-9.461694505396523e-17,0.08783485093933084
hpmcounter5,replay,test_seed_15,0.1798381382365151,-0.0014579022060976212,-1.2971677950946847e-16,0.09515365068818071
hpmcounter5,replay,test_seed_16,1.3182643617156067,-0.0030044424093250994,-5.127627990021341e-16,0.12806111238771073
hpmcounter5,replay,test_seed_17,-0.8211455211703559,0.0010560494942895757,2.395945221527829e-16,0.0920977819439068
hpmcounter5,replay,test_seed_18,-0.19440104218374538,-0.0017641777041429386,-1.0835166288437954e-16,0.0650170364765898
hpmcounter5,replay,test_seed_19,0.531657661371109,0.0003214413281831145,-6.104319035739692e-18,0.10260856777350535
hpmcounter5,replay,test_seed_2,-1.1258045283613667,-0.002261102530781455,3.3573754696568306e-17,0.07984181438325057
hpmcounter5,replay,test_seed_20,-0.9552310414997476,-0.000388061991846074,4.189088938276364e-16,0.05143713120719839
hpmcounter5,replay,test_seed_3,-0.011575602067475509,-0.001788237360412759,-1.278091798107998e-16,0.060526647238596146
hpmcounter5,replay,test_seed_4,-0.5212049108656445,-0.0013973626361287533,1.1140382240224938e-16,0.08940196772170912
hpmcounter5,replay,test_seed_5,-0.7976214374782392,4.875836222586292e-05,7.019966891100646e-17,0.15643452129072483
hpmcounter5,replay,test_seed_6,0.09647299007573083,-0.0005455680381694149,-5.799103083952708e-17,0.130102092690893
hpmcounter5,replay,test_seed_7,0.09647299007573083,-0.0005455680381694149,-5.799103083952708e-17,0.130102092690893
hpmcounter5,replay,test_seed_8,0.09647299007573083,-0.0005455680381694149,-5.799103083952708e-17,0.130102092690893
hpmcounter5,replay,test_seed_9,0.09647299007573083,-0.0005455680381694149,-5.799103083952708e-17,0.130102092690893
hpmcounter6,normal,test_seed_1,-0.539656695317422,7.981663713222194e-05,1.0529950336650969e-16,0.0995048877349286
hpmcounter6,normal,test_seed_10,-0.36524720971441704,-0.00014379943978872197,7.43963882480775e-18,0.0486587206775667
hpmcounter6,normal,test_seed_11,3.33278123008476,-0.010420970309003475,-1.1964465310049798e-15,0.42337757290292677
hpmcounter6,normal,test_seed_12,-0.24743761581072432,0.001279613522917333,8.54604665003557e-17,0.1155973516856105
hpmcounter6,normal,test_seed_13,0.006499379218287941,0.0008687046559110123,6.104319035739693e-17,0.15962586066629536
hpmcounter6,normal,test_seed_14,-0.2687086679139054,0.0005031892104214023,6.409534987526676e-17,0.08156179833347972
hpmcounter6,normal,test_seed_15,-0.8099682805182907,0.00012953883669232052,2.441727614295877e-17,0.05796045166990189
hpmcounter6,normal,test_seed_16,-0.1836487982922456,-0.0005547511462026704,-5.493887132165723e-17,0.08906338715842829
hpmcounter6,normal,test_seed_17,0.020199261399267587,-0.0005536161332169759,-4.883455228591754e-17,0.07508393820129963
hpmcounter6,normal,test_seed_18,0.4086637222987595,-0.0020218481136735638,-2.2280764480449877e-16,0.09746732134673648
hpmcounter6,normal,test_seed_19,-0.7677812428633203,0.0004897670173650743,-1.9075996986686537e-16,0.11763273213535506
hpmcounter6,normal,test_seed_2,-1.109691457953812,0.0009470541878903132,2.0296860793834476e-16,0.09171262618156324
hpmcounter6,normal,test_seed_20,-0.4236046165641035,0.0026263505854674323,2.533292399831972e-16,0.11820603658369438
hpmcounter6,normal,test_seed_3,-0.40368490363616355,0.0017653429181395967,1.770252520364511e-16,0.17011769487545783
hpmcounter6,normal,test_seed_4,0.05015202188885781,-0.002075419799737392,-2.655378780546766e-16,0.19101103623752225
hpmcounter6,normal,test_seed_5,2.029127598501538,0.008980025256666599,7.569355604317218e-16,0.5289415652865579
hpmcounter6,normal,test_seed_6,0.15804546252251933,-0.002730382072286104,-1.770252520364511e-16,0.1867770249060717
hpmcounter6,normal,test_seed_7,-0.03068231150587304,2.739608825941584e-05,1.9266756956553403e-17,0.07585849601222727
hpmcounter6,normal,test_seed_8,-0.4749737851190185,0.00036972249492627944,4.578239276804769e-17,0.11392959034939822
hpmcounter6,normal,test_seed_9,-0.3803830907046996,0.0004342656021198917,4.883455228591754e-17,0.09344663407286842
hpmcounter6,drift,test_seed_1,-0.7687785692247147,0.00149342810599651,1.7168397288017885e-16,0.11159113977326174
hpmcounter6,drift,test_seed_10,-0.9956678869820155,0.00470704555830025,5.9517110598462e-16,0.09531823636195207
hpmcounter6,drift,test_seed_11,-0.44959237166174876,0.00022088844352322577,1.327689390273383e-16,0.07552719085677666
hpmcounter6,drift,test_seed_12,-0.01932771056146843,-0.00036531638843891767,-1.9839036866154e-17,0.08142769914379666
hpmcounter6,drift,test_seed_13,-0.18314736991367156,0.000575393847068588,3.0521595178698464e-17,0.1081709339118241
hpmcounter6,drift,test_seed_14,-0.8770936357141951,0.0017494901952179326,1.8923389010793046e-16,0.1235141912171687
hpmcounter6,drift,test_seed_15,-0.8069786550978821,-0.0010589320417358859,-7.172574866994139e-17,0.07769214900385615
hpmcounter6,drift,test_seed_16,0.23673309097026296,-0.0018000644680216855,-1.724470127596463e-16,0.17631175793204665
hpmcounter6,drift,test_seed_17,-0.35168231953028667,0.0001453821461033142,1.5947533480869946e-16,0.08382342015169561
hpmcounter6,drift,test_seed_18,-0.6432086764112828,0.0018801250725771902,2.846138750413632e-16,0.04786846374501243
hpmcounter6,drift,test_seed_19,-0.2656257786342091,-0.00022596845945420767,2.3654236263491307e-17,0.06124343070368678
hpmcounter6,drift,test_seed_2,-0.7782527484840209,0.000903319188218045,1.129299021611843e-16,0.07263930098008475
hpmcounter6,drift,test_seed_20,0.5334138593563865,-0.0009264866730178193,-2.0754684721514954e-16,0.12543804405654962
hpmcounter6,drift,test_seed_3,-0.5206831333511805,-0.0003308268904504896,7.630398794674616e-18,0.07240875933357273
hpmcounter6,drift,test_seed_4,-0.5546894921374819,-0.0014273558237335427,1.0987774264331447e-16,0.11325137560076598
hpmcounter6,drift,test_seed_5,-0.1863129639474523,-0.00016210742505417243,-1.6786877348284153e-17,0.050942852784664545
hpmcounter6,drift,test_seed_6,-0.39950672353438516,0.0004889079939474152,1.1445598192011922e-17,0.06296628776581174
hpmcounter6,drift,test_seed_7,-0.31301435443552345,-8.453367175791641e-05,9.156478553609538e-17,0.09611133348120539
hpmcounter6,drift,test_seed_8,-0.3551739455568923,0.0009000404598826375,8.393438674142077e-17,0.11461232123326033
hpmcounter6,drift,test_seed_9,-0.3320071846745529,-0.0005890764760252055,3.9678073732308e-17,0.1142911042530437
hpmcounter6,jump,test_seed_1,0.1687618314175646,-0.0021820296514138164,-1.770252520364511e-16,0.17816039428244787
hpmcounter6,jump,test_seed_10,-0.11294480240729915,0.0003428783581087147,9.156478553609538e-18,0.14532633670907436
hpmcounter6,jump,test_seed_11,-0.4240796522357073,7.847289738899661e-05,1.4802973661668753e-16,0.07113745636927575
hpmcounter6,jump,test_seed_12,-0.2608251765369214,-0.00029764329232033937,-2.899551541976354e-17,0.06789493385763917
hpmcounter6,jump,test_seed_13,-0.4700922370300175,0.00014932062020036273,3.052159517869846e-18,0.05953080710113358
hpmcounter6,jump,test_seed_14,-0.11324801263394363,-0.0008016829733486656,-7.630398794674616e-18,0.09705740335066494
hpmcounter6,jump,test_seed_15,-0.6587561105312082,0.00020030346999439346,1.4955581637562247e-16,0.12690399111019898
hpmcounter6,jump,test_seed_16,0.014263950129036904,-0.00020526123738585293,-2.7469435660828616e-17,0.23587108499457965
hpmcounter6,jump,test_seed_17,-0.4073637092816074,0.0029051847176799683,1.8007741155432092e-16,0.11441159748726744
hpmcounter6,jump,test_seed_18,0.24492913893039756,-0.0009471857533051362,-7.783006770568107e-17,0.08108154470984236
hpmcounter6,jump,test_seed_19,-0.1486117820925177,-0.0026299531969033447,-7.630398794674615e-17,0.16114578946169802
hpmcounter6,jump,test_seed_2,-0.16601583445740192,-0.00184751620022695,-2.830877952824282e-16,0.06583576067918769
hpmcounter6,jump,test_seed_20,-0.17873209945969099,0.0011907704155864197,1.2208638071479386e-16,0.1133495285184905
hpmcounter6,jump,test_seed_3,-0.8362885973705219,0.000636945695329166,7.019966891100646e-17,0.12439150652976318
hpmcounter6,jump,test_seed_4,-0.9557737183280964,0.00193865586522796,2.0602076745621462e-16,0.14930723838431612
hpmcounter6,jump,test_seed_5,-0.07850986442638243,-0.0004706223037528884,-2.441727614295877e-17,0.08365144967507482
hpmcounter6,jump,test_seed_6,-0.12901037547093488,0.000537153783930427,4.7308472526982614e-17,0.08019804157960192
hpmcounter6,jump,test_seed_7,0.012528995902443791,0.0007413687103646809,3.0521595178698464e-17,0.2012156418407523
hpmcounter6,jump,test_seed_8,-0.37627754095214866,0.00019680918061513525,7.706702782621361e-17,0.09244192227528866
hpmcounter6,jump,test_seed_9,-0.23112262932261166,0.0011765800312194302,1.2056030095585891e-16,0.09912831917410361
hpmcounter6,replay,test_seed_1,-0.2362407116741551,-0.0010168012427375763,-3.6625914214438153e-17,0.1247796261144649
hpmcounter6,replay,test_seed_10,-0.38584136335836355,0.0005420455825429921,4.807151240645008e-17,0.07600433274954868
hpmcounter6,replay,test_seed_11,0.4937999737705759,-0.0014941762109515386,-1.9381212938473523e-16,0.20765853701697204
hpmcounter6,replay,test_seed_12,-0.014723305976775462,-0.0012114381799473001,-5.036063204485246e-17,0.07105598714324643
hpmcounter6,replay,test_seed_13,-0.4244523137260159,0.0014064981968332033,9.766910457183508e-17,0.10470161145471499
hpmcounter6,replay,test_seed_14,-0.8376462503088715,0.001147548392958677,1.1598206167905416e-16,0.13100829874450332
hpmcounter6,replay,test_seed_15,-0.9280474672624024,-0.00041426339689471734,7.019966891100646e-17,0.08908492881161144
hpmcounter6,replay,test_seed_16,-0.21566954854044823,-0.0029826949769293275,-6.562142963420169e-17,0.13314012337981146
hpmcounter6,replay,test_seed_17,-0.7259495589380276,0.0004477175345765941,6.409534987526676e-17,0.0755287365881866
hpmcounter6,replay,test_seed_18,-0.3923938141207354,0.0004655316208701043,1.3734717830414308e-16,0.08787954216383831
hpmcounter6,replay,test_seed_19,-0.733479126313634,0.0001269671602474073,3.3573754696568306e-17,0.13764310905671212
hpmcounter6,replay,test_seed_2,-1.1448778123388086,-0.0032783635605798576,-6.714750939313661e-17,0.19646887363372795
hpmcounter6,replay,test_seed_20,0.22427715798333642,7.132756798088927e-06,-2.556183596215996e-17,0.06996222998571587
hpmcounter6,replay,test_seed_3,-0.13978702492621972,0.0002838009813513626,2.899551541976354e-17,0.061196537232919
hpmcounter6,replay,test_seed_4,-0.8517672644931601,0.0014910131868349711,3.632069826265117e-16,0.08028012148395068
hpmcounter6,replay,test_seed_5,-0.46094613830811587,0.002119484040705173,2.655378780546766e-16,0.11774777193517762
hpmcounter6,replay,test_seed_6,-0.1976515042487893,0.0002754004891615114,6.104319035739693e-17,0.11568555839804928
hpmcounter6,replay,test_seed_7,-0.1976515042487893,0.0002754004891615114,6.104319035739693e-17,0.11568555839804928
hpmcounter6,replay,test_seed_8,-0.1976515042487893,0.0002754004891615114,6.104319035739693e-17,0.11568555839804928
hpmcounter6,replay,test_seed_9,-0.1976515042487893,0.0002754004891615114,6.104319035739693e-17,0.11568555839804928
hpmcounter7,normal,test_seed_1,-0.5728868589134306,0.0001984414634685827,1.38873258063078e-16,0.09117085679803512
hpmcounter7,normal,test_seed_10,-0.3428025001665836,-0.00020212455779137838,4.807151240645008e-17,0.04546457434009614
hpmcounter7,normal,test_seed_11,3.3076409788310146,-0.01032055653729384,-1.2941156355768147e-15,0.41963669156367384
hpmcounter7,normal,test_seed_12,-0.2601544731679394,0.0013137075372384025,5.493887132165723e-17,0.11554332437618386
hpmcounter7,normal,test_seed_13,-0.03995796619888505,0.000999852086358322,1.0377342360757477e-16,0.1608091955446953
hpmcounter7,normal,test_seed_14,-0.30441992554141606,0.0006285593549861104,1.0835166288437954e-16,0.07898812565027419
hpmcounter7,normal,test_seed_15,-0.8093943361678833,0.00013111216295971507,7.783006770568107e-17,0.0541048296790896
hpmcounter7,normal,test_seed_16,-0.15034215027863482,-0.0006805014514685908,-8.698654625929061e-17,0.08281703591672678
hpmcounter7,normal,test_seed_17,0.046372643394496316,-0.0006430789856530021,-2.9758555299231e-17,0.07984640124006225
hpmcounter7,normal,test_seed_18,0.4185383604206522,-0.002070685837407634,-1.6786877348284153e-16,0.09981631026723276
hpmcounter7,normal,test_seed_19,-0.7521842267797669,0.00043267684922944024,1.5260797589349232e-17,0.11769283521424927
hpmcounter7,normal,test_seed_2,-1.0599048685117238,0.0007655458459108316,2.640117982957417e-16,0.10589130766792577
hpmcounter7,normal,test_seed_20,-0.48642211531144514,0.0028650569172851614,3.235289088942037e-16,0.13525570537946907
hpmcounter7,normal,test_seed_3,-0.44351997724116915,0.001904530066525414,1.7397309251858123e-16,0.17282338150663873
hpmcounter7,normal,test_seed_4,0.013607851844159233,-0.0019176184044541456,-2.7469435660828616e-17,0.16975201272468823
hpmcounter7,normal,test_seed_5,2.0564899522281945,0.008875724440328938,9.766910457183508e-17,0.5207190438446782
hpmcounter7,normal,test_seed_6,0.178547235347566,-0.0027866156012820035,-1.526079758934923e-16,0.18477986020746184
hpmcounter7,normal,test_seed_7,0.010814943188985099,-0.00010936951544041054,-7.630398794674616e-18,0.07773816232666701
hpmcounter7,normal,test_seed_8,-0.4696802935597447,0.00034688042991162484,1.2971677950946847e-16,0.11620757709096427
hpmcounter7,normal,test_seed_9,-0.34034227341640677,0.0002684637365883135,3.6625914214438153e-17,0.08993312136579808
hpmcounter7,drift,test_seed_1,-0.7235179704895957,0.001324862777255101,1.9571972908340388e-16,0.11642320147830708
hpmcounter7,drift,test_seed_10,-0.9652295422588609,0.004605701857874397,5.35653995386158e-16,0.08898221087701828
hpmcounter7,drift,test_seed_11,-0.3880852483027535,1.5951786907951506e-05,-5.112367192431992e-17,0.0849049179033913
hpmcounter7,drift,test_seed_12,0.02580413405710987,-0.0005247570128188735,-3.0521595178698464e-17,0.08824679520655286
hpmcounter7,drift,test_seed_13,-0.14926958524998213,0.00042982746737628636,6.714750939313661e-17,0.10148593237249486
hpmcounter7,drift,test_seed_14,-0.914790797090321,0.001881844823156828,8.54604665003557e-17,0.12185149676529708
hpmcounter7,drift,test_seed_15,-0.7714769259199525,-0.0011895851885091618,1.724470127596463e-16,0.08052418068019752
hpmcounter7,drift,test_seed_16,0.2255360087974322,-0.0017502381322646646,-8.54604665003557e-17,0.16773557391092073
hpmcounter7,drift,test_seed_17,-0.35385022847799025,0.0001688058181971782,7.9356147464616e-17,0.07280443712156587
hpmcounter7,drift,test_seed_18,-0.6483593976908585,0.0018965639038329464,1.8618173059006062e-16,0.05906037723382141
hpmcounter7,drift,test_seed_19,-0.30980307735623386,-6.268385903765517e-05,6.409534987526676e-17,0.06485019822161296
hpmcounter7,drift,test_seed_2,-0.8129603026936871,0.0010212116163417298,3.5786570347023947e-16,0.08593178053648208
hpmcounter7,drift,test_seed_20,0.5425346087197208,-0.0009521629962381632,-1.9533820914367015e-16,0.11605223888585435
hpmcounter7,drift,test_seed_3,-0.6256749140097769,2.94933570058276e-05,-5.074215198458619e-17,0.07914256834814001
hpmcounter7,drift,test_seed_4,-0.5039060170161629,-0.001585169765177256,1.709209330007114e-16,0.11871112293422859
hpmcounter7,drift,test_seed_5,-0.10814419994666759,-0.0004281061903762918,1.7931437167485347e-17,0.05629564742007386
hpmcounter7,drift,test_seed_6,-0.3370566356993442,0.00025915692828998814,8.164526710301839e-17,0.0657102942242898
hpmcounter7,drift,test_seed_7,-0.27784473413717986,-0.00020120025780290897,3.9678073732308e-17,0.0940839166574988
hpmcounter7,drift,test_seed_8,-0.34863521693574573,0.0008747127909632088,1.846556508311257e-16,0.11328147156985877
hpmcounter7,drift,test_seed_9,-0.33981514357333215,-0.0005285436995487104,1.6786877348284153e-17,0.09965430942927568
hpmcounter7,jump,test_seed_1,0.14739004180664675,-0.00208581674334031,-2.6248571853680677e-16,0.173406829728685
hpmcounter7,jump,test_seed_10,-0.006661447504375305,-2.6224563218069806e-05,1.2208638071479384e-17,0.13195526755821113
hpmcounter7,jump,test_seed_11,-0.3850138797613913,-5.519756187065372e-05,-2.556183596215996e-17,0.07937909878659373
hpmcounter7,jump,test_seed_12,-0.28493442601290064,-0.00016223828495420887,3.815199397337308e-18,0.06729212040850427
hpmcounter7,jump,test_seed_13,-0.4501993638777996,7.506172191893016e-05,2.937703535949727e-17,0.06761162585331092
hpmcounter7,jump,test_seed_14,-0.05201360107151294,-0.001011842056130335,-6.714750939313661e-17,0.10327368277883998
hpmcounter7,jump,test_seed_15,-0.7000623342426858,0.00037494333827517456,3.3573754696568307e-16,0.154470539301321
hpmcounter7,jump,test_seed_16,0.03425773617416666,-0.0002594621017346922,-6.104319035739692e-18,0.23467295032637475
hpmcounter7,jump,test_seed_17,-0.3787587051697656,0.0028069042387248297,1.8007741155432092e-16,0.11257222350675888
hpmcounter7,jump,test_seed_18,0.21983931618743147,-0.0008734530876655683,-5.799103083952708e-17,0.08175742203967748
hpmcounter7,jump,test_seed_19,-0.10383505239803707,-0.002762711994060059,-8.54604665003557e-17,0.16245385857544017
hpmcounter7,jump,test_seed_2,-0.13280728435771416,-0.001955878604419903,-1.1369294204065176e-16,0.06818187819924275
hpmcounter7,jump,test_seed_20,-0.11459319116345064,0.0009667356855223777,6.562142963420169e-17,0.10747205906276625
hpmcounter7,jump,test_seed_3,-0.8682568499436291,0.0007462206208571195,1.4955581637562247e-16,0.11881722902809537
hpmcounter7,jump,test_seed_4,-0.8926318321957959,0.0017106469086276832,2.5943355901893694e-16,0.1537604707062186
hpmcounter7,jump,test_seed_5,-0.05448985687012908,-0.0005426832995313758,-6.409534987526676e-17,0.0841043211545555
hpmcounter7,jump,test_seed_6,-0.17581105248503504,0.0007117349954083633,6.714750939313661e-17,0.08303489007487437
hpmcounter7,jump,test_seed_7,-0.028564495925606437,0.000891262623153911,3.0521595178698464e-17,0.21050536755332708
hpmcounter7,jump,test_seed_8,-0.42891049630217937,0.00040666625335608603,1.770252520364511e-16,0.0915286917284241
hpmcounter7,jump,test_seed_9,-0.303624608326986,0.001455980831366154,1.2208638071479386e-16,0.10312810713589264
hpmcounter7,replay,test_seed_1,-0.24399740019247224,-0.000996958703139436,-1.129299021611843e-16,0.11441188616969578
hpmcounter7,replay,test_seed_10,-0.36176642725709274,0.0004662119503294209,-1.602383746881669e-17,0.08152809525786892
hpmcounter7,replay,test_seed_11,0.4986543365070879,-0.0014963433326217886,-2.7469435660828616e-17,0.20181759575918884
hpmcounter7,replay,test_seed_12,-0.0070998673170943,-0.0012232620923049436,-7.783006770568107e-17,0.06893752564456039
hpmcounter7,replay,test_seed_13,-0.5476531830218645,0.0018283610174958428,2.0144252817940985e-16,0.11824372224700207
hpmcounter7,replay,test_seed_14,-0.8445721452137459,0.0011638082846019383,1.0987774264331447e-16,0.13104054022445433
hpmcounter7,replay,test_seed_15,-0.8756809002044911,-0.000594761592180045,2.9300731371550523e-16,0.08358297000017711
hpmcounter7,replay,test_seed_16,-0.232574961150218,-0.0029247738233476985,-1.0987774264331447e-16,0.13028949001506646
hpmcounter7,replay,test_seed_17,-0.7577364286807754,0.0005756092749916992,1.0148430396917238e-16,0.07382088902040192
hpmcounter7,replay,test_seed_18,-0.39152519168170496,0.0004668565055979952,6.867358915207154e-17,0.09024731061932952
hpmcounter7,replay,test_seed_19,-0.7307881034002052,0.00014242003419585766,9.919518433077e-17,0.13771715942672416
hpmcounter7,replay,test_seed_2,-1.1620748980051074,-0.003195382954801642,-1.3124285926840339e-16,0.18662678341038613
hpmcounter7,replay,test_seed_20,0.17483452242750025,0.0001995049982574442,4.578239276804769e-18,0.06646138381442084
hpmcounter7,replay,test_seed_3,-0.08312655988273021,3.9240902902889496e-05,1.4116237770148038e-17,0.05494027828550228
hpmcounter7,replay,test_seed_4,-0.7935379364089713,0.0012597898094322967,2.77746516126156e-16,0.09949846387215168
hpmcounter7,replay,test_seed_5,-0.4894213859590846,0.0022115209733972654,1.4650365685775261e-16,0.11800883581891386
hpmcounter7,replay,test_seed_6,-0.1381488615844195,5.684993037007546e-05,1.5260797589349232e-17,0.10175457183768692
hpmcounter7,replay,test_seed_7,-0.1381488615844195,5.684993037007546e-05,1.5260797589349232e-17,0.10175457183768692
hpmcounter7,replay,test_seed_8,-0.1381488615844195,5.684993037007546e-05,1.5260797589349232e-17,0.10175457183768692
hpmcounter7,replay,test_seed_9,-0.1381488615844195,5.684993037007546e-05,1.5260797589349232e-17,0.10175457183768692
hpmcounter8,normal,test_seed_1,-0.5314484842097534,5.609034801173681e-05,8.851262601822554e-17,0.10150645507119198
hpmcounter8,normal,test_seed_10,-0.38761993217745067,-8.185951526912333e-05,1.602383746881669e-17,0.04970141262811902
hpmcounter8,normal,test_seed_11,3.330691898854378,-0.010401565329061975,-9.888996837898302e-16,0.42014988102184925
hpmcounter8,normal,test_seed_12,-0.225510602957731,0.0012474435010964152,9.156478553609538e-17,0.11411618460218663
hpmcounter8,normal,test_seed_13,0.02315023099544406,0.0007414523963474469,3.9678073732308e-17,0.15774585624304086
hpmcounter8,normal,test_seed_14,-0.27873355892302615,0.000603136683304355,9.156478553609538e-17,0.08076764248582423
hpmcounter8,normal,test_seed_15,-0.788304353808813,0.00012528949436411952,-3.128463505816592e-17,0.05528804735126667
hpmcounter8,normal,test_seed_16,-0.16445162602803406,-0.000668238986964957,1.6786877348284153e-17,0.0817348717244016
hpmcounter8,normal,test_seed_17,0.03785659540527399,-0.0006249129826622948,-2.5943355901893693e-17,0.07538960778708387
hpmcounter8,normal,test_seed_18,0.4006397910509672,-0.0020659660453723108,-1.9075996986686537e-16,0.0981916401000271
hpmcounter8,normal,test_seed_19,-0.8349236489332793,0.0006618342154038517,3.2200282913526876e-16,0.10465057775866941
hpmcounter8,normal,test_seed_2,-1.0687621085362062,0.0008430332096543341,2.3654236263491308e-16,0.09688120433283756
hpmcounter8,normal,test_seed_20,-0.5057191258003457,0.0028860614223186355,3.693113016622514e-16,0.1382737029226932
hpmcounter8,normal,test_seed_3,-0.4009226963620454,0.001735492150310933,1.709209330007114e-16,0.1647858925957986
hpmcounter8,normal,test_seed_4,0.05472416965571374,-0.0020707745048952723,-1.8618173059006062e-16,0.19304903293740922
hpmcounter8,normal,test_seed_5,2.024058080113687,0.009022162253284846,-2.1975548528662893e-16,0.5302753803665563
hpmcounter8,normal,test_seed_6,0.16768714895456452,-0.002754086076862248,-1.709209330007114e-16,0.18425857043859842
hpmcounter8,normal,test_seed_7,0.02590905937410085,-0.00015110808641151182,-9.53799849334327e-18,0.07610515393106472
hpmcounter8,normal,test_seed_8,-0.46462940258049185,0.00036832529472802705,4.7308472526982614e-17,0.11585842854127018
hpmcounter8,normal,test_seed_9,-0.4136914340869625,0.000528190558675078,1.0682558312544462e-16,0.09291149291604978
hpmcounter8,drift,test_seed_1,-0.7688480239164313,0.001529973688307501,4.46378329488465e-17,0.1094525572424441
hpmcounter8,drift,test_seed_10,-1.027399724299147,0.004798002929054757,2.9605947323337506e-16,0.08885092651365145
hpmcounter8,drift,test_seed_11,-0.4073061584488667,8.533633916153609e-05,-6.256927011633185e-17,0.0810268137034741
hpmcounter8,drift,test_seed_12,0.0003041215896939077,-0.00039173715813329337,-1.0682558312544462e-17,0.08144471898670028
hpmcounter8,drift,test_seed_13,-0.2028838039795727,0.0005976505749559382,4.578239276804769e-17,0.1062877355738448
hpmcounter8,drift,test_seed_14,-0.8676942064158528,0.0017486327289216522,1.9533820914367015e-16,0.1224402515849452
hpmcounter8,drift,test_seed_15,-0.7739438578056019,-0.0011041367540764052,-1.0072126408970492e-16,0.07611790686097625
hpmcounter8,drift,test_seed_16,0.23612478907464057,-0.001820178193597251,-1.58712294929232e-16,0.17496839250337654
hpmcounter8,drift,test_seed_17,-0.2805514883177597,-6.0813325311315675e-05,1.2208638071479384e-17,0.09306398376486369
hpmcounter8,drift,test_seed_18,-0.6181974062099378,0.0017631700238018016,2.4608036112825636e-16,0.04430988508913146
hpmcounter8,drift,test_seed_19,-0.30283164429859905,-0.00014636033850425165,5.646495108059215e-17,0.05854908323969184
hpmcounter8,drift,test_seed_2,-0.7769918564475532,0.0008999279589081804,1.8007741155432092e-16,0.07077282308454842
hpmcounter8,drift,test_seed_20,0.530337111382358,-0.000955525278394948,-1.19034221196924e-16,0.12419194408983365
hpmcounter8,drift,test_seed_3,-0.5520442719009109,-0.00022793768342700674,1.4345149733988278e-16,0.07349548522057049
hpmcounter8,drift,test_seed_4,-0.5301600650729834,-0.0015175564067228065,-4.273023325017785e-17,0.12018208405703434
hpmcounter8,drift,test_seed_5,-0.24298760920043616,-8.736188191961053e-07,2.7469435660828616e-17,0.04904541663579521
hpmcounter8,drift,test_seed_6,-0.3674742001611,0.0004156065094022008,1.0377342360757477e-16,0.061794818200029376
hpmcounter8,drift,test_seed_7,-0.3173909072950698,-8.064782706126124e-05,3.0521595178698464e-17,0.09448741963594152
hpmcounter8,drift,test_seed_8,-0.33686997870436974,0.0008078970780282177,9.766910457183508e-17,0.10916135334091057
hpmcounter8,drift,test_seed_9,-0.3505065298198776,-0.0005169109962959773,1.4039933782201292e-16,0.1091596473726723
hpmcounter8,jump,test_seed_1,0.17834777487076284,-0.0021835281923141894,-1.58712294929232e-16,0.17783302283932362
hpmcounter8,jump,test_seed_10,-0.08474170567228488,0.00021998459472641858,4.578239276804769e-17,0.1371336289807022
hpmcounter8,jump,test_seed_11,-0.4391930424534602,0.00017559119697710006,9.461694505396523e-17,0.06612688181832986
hpmcounter8,jump,test_seed_12,-0.2710164208753515,-0.0002450102923862616,-1.2208638071479384e-17,0.06757468861346554
hpmcounter8,jump,test_seed_13,-0.4866104866707003,0.00023291451258320358,4.1204153491242925e-17,0.05784997602082875
hpmcounter8,jump,test_seed_14,-0.12257286553956655,-0.0006936425553756375,-5.493887132165723e-17,0.09448645297939558
hpmcounter8,jump,test_seed_15,-0.6417495265928204,0.00020021796499547105,2.6859003757254644e-16,0.12448008132395838
hpmcounter8,jump,test_seed_16,0.015871257056593018,-0.0001611595936071512,-2.441727614295877e-17,0.23573973432582282
hpmcounter8,jump,test_seed_17,-0.3896965569694433,0.002836123742927121,2.1059900673301938e-16,0.11420078343548583
hpmcounter8,jump,test_seed_18,0.22691631051104502,-0.0008396352940119952,-7.630398794674615e-17,0.08146488639672729
hpmcounter8,jump,test_seed_19,-0.20355953145043745,-0.002425332744049741,-1.0987774264331447e-16,0.14835378031869662
hpmcounter8,jump,test_seed_2,-0.2097037330214456,-0.001760850460388188,-6.981814897127273e-17,0.06363986972256018
hpmcounter8,jump,test_seed_20,-0.31323028384805063,0.0016253944402519205,4.1204153491242925e-17,0.13186107945238715
hpmcounter8,jump,test_seed_3,-0.8712957809430362,0.0007612554923982253,2.5485531974213214e-16,0.11998135911627444
hpmcounter8,jump,test_seed_4,-0.8889717786620787,0.0016803838275489698,1.129299021611843e-16,0.15540918137165133
hpmcounter8,jump,test_seed_5,-0.0857830167159307,-0.0004697324846425213,-9.156478553609538e-18,0.08479050879236882
hpmcounter8,jump,test_seed_6,-0.14314630331935657,0.0006079306403167442,5.9517110598462e-17,0.07958986745024733
hpmcounter8,jump,test_seed_7,0.039088498367057266,0.0006564250848791199,2.7469435660828616e-17,0.19415093627249883
hpmcounter8,jump,test_seed_8,-0.32912489240429094,2.4499206423242896e-05,2.7469435660828616e-17,0.09969276465459963
hpmcounter8,jump,test_seed_9,-0.2111726801998568,0.0011812233616589674,7.55409480672787e-17,0.10058981083374374
hpmcounter8,replay,test_seed_1,-0.24749690490599288,-0.0009326337764234973,-9.156478553609538e-18,0.12204173152766987
hpmcounter8,replay,test_seed_10,-0.3820835813753438,0.0005473118937871404,5.341279156272231e-17,0.07432870408237623
hpmcounter8,replay,test_seed_11,0.4759725400285446,-0.001453990899912923,-2.899551541976354e-17,0.2011432051865631
hpmcounter8,replay,test_seed_12,-0.017053959447763473,-0.0011765183571996317,-5.036063204485246e-17,0.07289816706221686
hpmcounter8,replay,test_seed_13,-0.3781272322603289,0.0012580477321924323,1.648166139649717e-16,0.10279720338467899
hpmcounter8,replay,test_seed_14,-0.8081010302408969,0.0011469016206385658,2.502770804653274e-16,0.13338746071396462
hpmcounter8,replay,test_seed_15,-0.8914694481230039,-0.0004444999888529922,1.510818961345574e-16,0.08720184271398233
hpmcounter8,replay,test_seed_16,-0.25961036856781267,-0.002808993164258374,-9.156478553609538e-17,0.13007781245756966
hpmcounter8,replay,test_seed_17,-0.7105321204248817,0.0004279045554381939,2.617226786573393e-16,0.07437617304012058
hpmcounter8,replay,test_seed_18,-0.3859124609574615,0.00047989564416894305,-1.7549917227751615e-17,0.08725605117853527
hpmcounter8,replay,test_seed_19,-0.8186297526382711,0.000420523558132939,1.9686428890260507e-16,0.13957343632240202
hpmcounter8,replay,test_seed_2,-1.1461380693844707,-0.00323100030462525,-1.0072126408970492e-16,0.19411189690815625
hpmcounter8,replay,test_seed_20,0.19669385350491309,7.259740049880664e-05,-1.8312957107219077e-17,0.06947254038118254
hpmcounter8,replay,test_seed_3,-0.16322255594438226,0.00040835589988086633,7.019966891100646e-17,0.06560576158509504
hpmcounter8,replay,test_seed_4,-0.8295167878035961,0.0014207696644111568,6.104319035739693e-17,0.08402764050700022
hpmcounter8,replay,test_seed_5,-0.44337991392405973,0.0020440274480716964,2.1670332576875907e-16,0.11689671995029681
hpmcounter8,replay,test_seed_6,-0.18615973906430827,0.0002093926296405345,0.0,0.11274086792042581
hpmcounter8,replay,test_seed_7,-0.18615973906430827,0.0002093926296405345,0.0,0.11274086792042581
hpmcounter8,replay,test_seed_8,-0.18615973906430827,0.0002093926296405345,0.0,0.11274086792042581
hpmcounter8,replay,test_seed_9,-0.18615973906430827,0.0002093926296405345,0.0,0.11274086792042581
hpmcounter9,normal,test_seed_1,-0.5516138916156549,0.00012022262452919887,1.3429501878627322e-16,0.09669694072363667
hpmcounter9,normal,test_seed_10,-0.3603723664187619,-0.0001466567460671992,9.099250562649479e-17,0.04851362293952946
hpmcounter9,normal,test_seed_11,3.3301721519068095,-0.010414653876755045,-1.2819069975053354e-15,0.4220404120803965
hpmcounter9,normal,test_seed_12,-0.2457112276994996,0.0012741724180757455,1.0377342360757477e-16,0.11486689937730707
hpmcounter9,normal,test_seed_13,0.0012269309901990425,0.0008707123562408063,7.325182842887631e-17,0.15997274386596733
hpmcounter9,normal,test_seed_14,-0.2849572609884685,0.0005638788374618159,6.409534987526676e-17,0.0822725543609741
hpmcounter9,normal,test_seed_15,-0.8182516590320716,0.00016154146345897456,1.8312957107219076e-16,0.05652488315839551
hpmcounter9,normal,test_seed_16,-0.1867092793915866,-0.0005411226196348975,-2.7469435660828616e-17,0.08821678070294735
hpmcounter9,normal,test_seed_17,0.04749628164266843,-0.0006436286532983324,-3.738895409390562e-17,0.07745820982940449
hpmcounter9,normal,test_seed_18,0.40230437447106,-0.002013482336041363,-1.4955581637562247e-16,0.09733000006064053
hpmcounter9,normal,test_seed_19,-0.7644088712215552,0.00047730822755329345,1.4268845746041532e-16,0.11841196720071813
hpmcounter9,normal,test_seed_2,-1.1013856174683196,0.0009175525934862853,2.441727614295877e-16,0.09394386151300886
hpmcounter9,normal,test_seed_20,-0.43421943497508336,0.002668736144306069,2.2891196384023844e-16,0.12078306981057295
hpmcounter9,normal,test_seed_3,-0.4198976103099292,0.0018180598415016322,5.646495108059215e-17,0.17056407537913906
hpmcounter9,normal,test_seed_4,0.055033041173251904,-0.002085971337829752,-5.493887132165723e-17,0.1904272366411727
hpmcounter9,normal,test_seed_5,2.0269808427195812,0.008994399988048105,4.883455228591754e-16,0.5301137683353178
hpmcounter9,normal,test_seed_6,0.16043307902076498,-0.0027305142434866482,-1.770252520364511e-16,0.1838164896639601
hpmcounter9,normal,test_seed_7,-0.015433564785993182,-1.3558640504414903e-05,9.53799849334327e-19,0.0755420507732985
hpmcounter9,normal,test_seed_8,-0.4714406094522876,0.00034799711213227505,1.0682558312544462e-16,0.11561806401555623
hpmcounter9,normal,test_seed_9,-0.36924530856512416,0.0003750068468233941,-3.3573754696568306e-17,0.09200884523567893
hpmcounter9,drift,test_seed_1,-0.7733316131660908,0.0015056750723137365,7.592246800701242e-17,0.11002988931028161
hpmcounter9,drift,test_seed_10,-0.9875651496697162,0.004679438587619838,4.639282467162166e-16,0.09200860490191036
hpmcounter9,drift,test_seed_11,-0.45908766987026917,0.000267847668158975,1.68631813362309e-16,0.07212171509277807
hpmcounter9,drift,test_seed_12,-0.0151157155890448,-0.00038553916031605856,-1.2208638071479384e-17,0.08231156429297418
hpmcounter9,drift,test_seed_13,-0.18555466061114384,0.0005696516822718158,5.799103083952708e-17,0.10680252683575547
hpmcounter9,drift,test_seed_14,-0.8940747123963576,0.0017986924889060543,2.9605947323337506e-16,0.12479888921278393
hpmcounter9,drift,test_seed_15,-0.8120685314987549,-0.0010359834479961331,-2.586705191394695e-16,0.07741407625056246
hpmcounter9,drift,test_seed_16,0.23403002647996743,-0.00179280382309916,-5.646495108059215e-17,0.17475679471425787
hpmcounter9,drift,test_seed_17,-0.33117567745218374,8.548628635280032e-05,7.859310758514854e-17,0.08386136422615331
hpmcounter9,drift,test_seed_18,-0.6525105664936989,0.0019155530586467881,2.144142061303567e-16,0.05081564130003874
hpmcounter9,drift,test_seed_19,-0.26648565624834036,-0.0002185740457781043,-3.128463505816592e-17,0.06210490878691602
hpmcounter9,drift,test_seed_2,-0.775547715078869,0.0008906475339248538,-1.5260797589349232e-17,0.07405718616883374
hpmcounter9,drift,test_seed_20,0.5257670407998999,-0.0008997332630023513,-2.2280764480449877e-16,0.12109560287093725
hpmcounter9,drift,test_seed_3,-0.5360103569049854,-0.00029151075696219424,6.256927011633185e-17,0.07300974183191354
hpmcounter9,drift,test_seed_4,-0.5423678452659935,-0.001458437491737478,-2.533292399831972e-16,0.11398612527249766
hpmcounter9,drift,test_seed_5,-0.18313515647297324,-0.0001595536723338546,-2.0983596685355192e-17,0.05069990844597517
hpmcounter9,drift,test_seed_6,-0.3882534131375351,0.0004465572668346494,5.799103083952708e-17,0.06285312261333963
hpmcounter9,drift,test_seed_7,-0.294208862432116,-0.0001518423125079543,-7.325182842887631e-17,0.09712709303444556
hpmcounter9,drift,test_seed_8,-0.34913972283191735,0.0008808300646314474,1.8923389010793046e-16,0.11321986439122324
hpmcounter9,drift,test_seed_9,-0.3263467897007334,-0.0006004188987633994,1.0682558312544462e-17,0.11142678303005359
hpmcounter9,jump,test_seed_1,0.15347658376137205,-0.002113781844490905,-1.526079758934923e-16,0.17549287203064917
hpmcounter9,jump,test_seed_10,-0.09871822744169785,0.00029874191433147803,-6.104319035739692e-18,0.14493774925821404
hpmcounter9,jump,test_seed_11,-0.43052607061982423,0.00010910000959903051,6.867358915207154e-18,0.0687531654179987
hpmcounter9,jump,test_seed_12,-0.25523678898782,-0.00029010637675978563,2.2891196384023845e-17,0.06729744044439853
hpmcounter9,jump,test_seed_13,-0.4765104388254092,0.00016858982515153875,9.919518433077e-17,0.06033150469787352
hpmcounter9,jump,test_seed_14,-0.1245853228819774,-0.0007601460363407613,-5.493887132165723e-17,0.09676332557307209
hpmcounter9,jump,test_seed_15,-0.6711876216848783,0.000263750675768999,2.273858840813035e-16,0.13465110692512638
hpmcounter9,jump,test_seed_16,0.015675478702471476,-0.0001982378422694427,-2.1365116625088924e-17,0.23659803743390984
hpmcounter9,jump,test_seed_17,-0.3811444364860163,0.0028262122388497644,2.3349020311704324e-16,0.11552125252360375
hpmcounter9,jump,test_seed_18,0.23616589439742838,-0.0009226448905517094,-5.646495108059215e-17,0.08142490529816852
hpmcounter9,jump,test_seed_19,-0.14619197580650145,-0.002624895106234277,-2.0754684721514954e-16,0.1596946786289079
hpmcounter9,jump,test_seed_2,-0.15976585697313786,-0.0018587663349036864,-6.218775017659812e-17,0.06569862940476129
hpmcounter9,jump,test_seed_20,-0.1822503516801255,0.0012083321676552123,7.172574866994139e-17,0.11368748731049383
hpmcounter9,jump,test_seed_3,-0.8513567376295865,0.0006887954162681182,1.4039933782201292e-16,0.12249819468495192
hpmcounter9,jump,test_seed_4,-0.9374237363250325,0.0018672083546726335,2.655378780546766e-16,0.15028067820345395
hpmcounter9,jump,test_seed_5,-0.07584741831927169,-0.0004694645771933161,-1.5260797589349232e-17,0.08466030529147203
hpmcounter9,jump,test_seed_6,-0.1250412568196679,0.0005299362387608456,6.867358915207154e-17,0.07851608362119221
hpmcounter9,jump,test_seed_7,0.027248196938995103,0.0006907382012188212,3.0521595178698464e-17,0.19880341345926542
hpmcounter9,jump,test_seed_8,-0.3747159799801068,0.00020692664121585303,1.449775770988177e-17,0.09398763762617339
hpmcounter9,jump,test_seed_9,-0.22649579538487963,0.0011775422216131525,1.5337101577295977e-16,0.09929062172315771
hpmcounter9,replay,test_seed_1,-0.2494598367267894,-0.0009687771799166795,-1.5260797589349232e-17,0.11920836760394873
hpmcounter9,replay,test_seed_10,-0.381600109738833,0.0005283118898492279,4.540087282831396e-17,0.07738415664252682
hpmcounter9,replay,test_seed_11,0.482663742516752,-0.0014432216008091348,-6.867358915207154e-17,0.20046203674899205
hpmcounter9,replay,test_seed_12,-0.0069160724641731,-0.0012246590464986332,-7.477790818781124e-17,0.07164358023360937
hpmcounter9,replay,test_seed_13,-0.4365297690285164,0.001439155140765407,1.770252520364511e-16,0.10513637554034068
hpmcounter9,replay,test_seed_14,-0.8520828394933729,0.0011954933799427842,-1.0682558312544462e-17,0.13180527708105355
hpmcounter9,replay,test_seed_15,-0.9301244221715379,-0.00040647382372670314,7.477790818781124e-17,0.08872421805647661
hpmcounter9,replay,test_seed_16,-0.21805354653337372,-0.0029704954030335923,-3.0979419106378937e-16,0.13201004197067345
hpmcounter9,replay,test_seed_17,-0.7069894859817891,0.0003851782848077481,1.9075996986686537e-16,0.07644368955297934
hpmcounter9,replay,test_seed_18,-0.39846149001986303,0.0004873721171295163,1.3734717830414308e-17,0.0887570109060105
hpmcounter9,replay,test_seed_19,-0.7324335036565227,0.00014499948644163113,-7.9356147464616e-17,0.136917676144046
hpmcounter9,replay,test_seed_2,-1.1401455472730373,-0.0032935929186253318,4.150936944302991e-16,0.19735648864047659
hpmcounter9,replay,test_seed_20,0.21421920380638426,5.255555995657315e-05,-2.518031602242623e-17,0.06792275679433306
hpmcounter9,replay,test_seed_3,-0.1498998041629811,0.00031074011959285856,6.104319035739692e-18,0.06031103051597194
hpmcounter9,replay,test_seed_4,-0.8428019029797906,0.0014541379824065481,2.0449468769727968e-16,0.08542057673069343
hpmcounter9,replay,test_seed_5,-0.4650841965148776,0.0021266968854732594,2.4722492094745755e-16,0.11744943242280437
hpmcounter9,replay,test_seed_6,-0.18526110530392428,0.00022636371474977617,5.799103083952708e-17,0.11196442454238707
hpmcounter9,replay,test_seed_7,-0.18526110530392428,0.00022636371474977617,5.799103083952708e-17,0.11196442454238707
hpmcounter9,replay,test_seed_8,-0.18526110530392428,0.00022636371474977617,5.799103083952708e-17,0.11196442454238707
hpmcounter9,replay,test_seed_9,-0.18526110530392428,0.00022636371474977617,5.799103083952708e-17,0.11196442454238707
hpmcounter10,normal,test_seed_1,-0.5456135921616504,9.627773435834486e-05,2.2128156504556385e-16,0.10030943931916834
hpmcounter10,normal,test_seed_10,-0.34484908349573934,-0.00019691122943047185,2.315826034183746e-16,0.050246278035097784
hpmcounter10,normal,test_seed_11,3.3305600135185913,-0.010397693240824497,-1.0987774264331447e-15,0.4224666241165757
hpmcounter10,normal,test_seed_12,-0.2450637047153259,0.0012748606154606443,1.0072126408970492e-16,0.11579294710870908
hpmcounter10,normal,test_seed_13,0.007317036788975016,0.0008693399668421216,4.578239276804769e-17,0.16020459582402036
hpmcounter10,normal,test_seed_14,-0.275409136303132,0.0005354729004594486,6.104319035739693e-17,0.08235825048676804
hpmcounter10,normal,test_seed_15,-0.8352774700592069,0.00021484150895035816,2.2128156504556386e-17,0.05685839693553592
hpmcounter10,normal,test_seed_16,-0.18883092656214473,-0.0005255776846695192,3.052159517869846e-18,0.09005440086828684
hpmcounter10,normal,test_seed_17,0.03799777615832154,-0.0006088150628561341,-1.5260797589349232e-17,0.07608321706028803
hpmcounter10,normal,test_seed_18,0.39806735422114553,-0.002002319711784903,-4.578239276804769e-17,0.09611435837112622
hpmcounter10,normal,test_seed_19,-0.7457550297140806,0.0004239354334797813,1.6786877348284153e-17,0.12333920685389914
hpmcounter10,normal,test_seed_2,-1.1231769494803017,0.0009875600337660873,1.9228604962580032e-16,0.08868373989268956
hpmcounter10,normal,test_seed_20,-0.4135601133920912,0.0025939373448118142,2.762204363672211e-16,0.11413090911432813
hpmcounter10,normal,test_seed_3,-0.418078806810249,0.0017980348313754338,2.6248571853680677e-16,0.16995224257750774
hpmcounter10,normal,test_seed_4,0.052025433150611686,-0.0020803873011777216,-2.6248571853680677e-16,0.19093233775669563
hpmcounter10,normal,test_seed_5,2.0182664474281444,0.009021752160861393,1.9533820914367015e-16,0.5322757703827884
hpmcounter10,normal,test_seed_6,0.166429215122007,-0.002756474686829926,-2.0754684721514954e-16,0.18940513156481348
hpmcounter10,normal,test_seed_7,-0.017217072702705696,-7.308445621836858e-06,2.47987960826925e-18,0.07584226419249142
hpmcounter10,normal,test_seed_8,-0.4734760163683012,0.00034294365759072933,7.630398794674616e-18,0.11607026130622758
hpmcounter10,normal,test_seed_9,-0.3843553746228344,0.00041653117523868455,1.6786877348284153e-17,0.091451513956288
hpmcounter10,drift,test_seed_1,-0.7909849074353124,0.0015653771295702683,2.392130022130492e-16,0.10818456600265812
hpmcounter10,drift,test_seed_10,-0.989038849563332,0.00467838841937462,5.448104739397676e-16,0.09571520303789001
hpmcounter10,drift,test_seed_11,-0.43120689122920997,0.0001591814628623879,7.9356147464616e-17,0.0783321684313216
hpmcounter10,drift,test_seed_12,-0.011599968482714157,-0.00039317347700559005,-2.7469435660828616e-17,0.0813938214853291
hpmcounter10,drift,test_seed_13,-0.17455037327789008,0.0005371211839603998,7.630398794674615e-17,0.10755822752022304
hpmcounter10,drift,test_seed_14,-0.9110640770774876,0.0018463172867681883,3.784677802158609e-16,0.12325900149673023
hpmcounter10,drift,test_seed_15,-0.8127116384060025,-0.0010245554732636534,-4.9597592165385e-17,0.07636180698629756
hpmcounter10,drift,test_seed_16,0.24491435927056857,-0.0018249379914221586,-1.4650365685775261e-16,0.17813331562565451
hpmcounter10,drift,test_seed_17,-0.3254789565189912,6.117828422399697e-05,8.317134686195331e-17,0.09057884411847442
hpmcounter10,drift,test_seed_18,-0.6559920020572457,0.0019190620911358775,3.2619954847233983e-16,0.047271301535889224
hpmcounter10,drift,test_seed_19,-0.24693568267824406,-0.0002754006319529211,1.526079758934923e-18,0.06139281185025333
hpmcounter10,drift,test_seed_2,-0.7658451981853442,0.0008399387732271232,-4.9597592165385e-17,0.07015081071026102
hpmcounter10,drift,test_seed_20,0.535567307120408,-0.0009338792345181163,-6.409534987526676e-17,0.12732465107775345
hpmcounter10,drift,test_seed_3,-0.546545493824117,-0.00026043532283816267,8.9275665897693e-17,0.07266804186666975
hpmcounter10,drift,test_seed_4,-0.5516214704172869,-0.0014264264580037716,1.1140382240224938e-16,0.1149181886633863
hpmcounter10,drift,test_seed_5,-0.19081050665935104,-0.00013513724125256997,3.0521595178698464e-17,0.05129251256205558
hpmcounter10,drift,test_seed_6,-0.40784925768010794,0.0005020971305043923,3.5862874334970694e-17,0.06319387398220849
hpmcounter10,drift,test_seed_7,-0.3025282494657077,-0.00013356303531976467,2.7469435660828616e-17,0.0971503047151414
hpmcounter10,drift,test_seed_8,-0.3489787106596455,0.0008816660143203251,1.3582109854520816e-16,0.11253648403418211
hpmcounter10,drift,test_seed_9,-0.3302149763974964,-0.0006131769895366943,3.509983445550323e-17,0.11669373227217868
hpmcounter10,jump,test_seed_1,0.15159460826397186,-0.0021136790723893274,-1.709209330007114e-16,0.17639022045081015
hpmcounter10,jump,test_seed_10,-0.11185175273583096,0.0003557723955188038,5.493887132165723e-17,0.14755896259335358
hpmcounter10,jump,test_seed_11,-0.43630986896081464,0.0001289289532417671,1.7397309251858123e-16,0.06834277638100138
hpmcounter10,jump,test_seed_12,-0.254348760691911,-0.00029974977793340767,7.019966891100646e-17,0.06868662008896771
hpmcounter10,jump,test_seed_13,-0.46834140454034556,0.00014606112602362717,1.4039933782201292e-16,0.0605099408111735
hpmcounter10,jump,test_seed_14,-0.13150307998165583,-0.0007374015269734432,-3.0521595178698464e-17,0.09656805915521281
hpmcounter10,jump,test_seed_15,-0.675835666905343,0.00026994792211107926,2.0449468769727968e-16,0.12942911541860969
hpmcounter10,jump,test_seed_16,0.014509758072832711,-0.00019382573031639545,-6.104319035739692e-18,0.23581419128005265
hpmcounter10,jump,test_seed_17,-0.3929921435929877,0.002862740827324492,1.4039933782201292e-16,0.11509816002647255
hpmcounter10,jump,test_seed_18,0.22937956987742794,-0.0008898270998834429,-1.2819069975053353e-16,0.08060863162717531
hpmcounter10,jump,test_seed_19,-0.1206353371888375,-0.0026963436210701067,-1.770252520364511e-16,0.1647320450259949
hpmcounter10,jump,test_seed_2,-0.181433730325655,-0.001778733145617206,-1.2857221969026728e-16,0.06495910480549628
hpmcounter10,jump,test_seed_20,-0.11252221773317124,0.0009589181854662155,5.646495108059215e-17,0.10635787207082306
hpmcounter10,jump,test_seed_3,-0.8688440857639252,0.0007379699451199466,2.5485531974213214e-16,0.12181219760093487
hpmcounter10,jump,test_seed_4,-0.9240710703540844,0.0018193830350130653,2.1975548528662893e-16,0.15152432079393596
hpmcounter10,jump,test_seed_5,-0.0899563542219074,-0.0004303340337685255,2.1365116625088924e-17,0.08511763208614051
hpmcounter10,jump,test_seed_6,-0.11390425368215105,0.0004903003186475172,4.425631300911277e-17,0.07959428493732504
hpmcounter10,jump,test_seed_7,0.027440033508627847,0.0006811375672197834,3.6625914214438153e-17,0.19828550580520202
hpmcounter10,jump,test_seed_8,-0.37002565452739017,0.00018440565574989837,-1.2971677950946846e-17,0.0941759346142512
hpmcounter10,jump,test_seed_9,-0.21475575963577695,0.001126054491480455,1.3811021818361054e-16,0.10092184507395556
hpmcounter10,replay,test_seed_1,-0.2517225179651111,-0.0009622393274172072,-7.630398794674615e-17,0.12057870496933017
hpmcounter10,replay,test_seed_10,-0.3817326970266887,0.0005192985024349086,5.9517110598462e-17,0.07478876293337847
hpmcounter10,replay,test_seed_11,0.4758971770951132,-0.001419526873418926,-1.5566013541136214e-16,0.19914516020110398
hpmcounter10,replay,test_seed_12,-0.022877733716618207,-0.0011665654219225462,-1.6786877348284153e-17,0.06928595257711596
hpmcounter10,replay,test_seed_13,-0.40806108718633366,0.0013430163008872006,5.799103083952708e-17,0.10379804086039494
hpmcounter10,replay,test_seed_14,-0.8584721619719161,0.001223767824374151,2.6095963877787186e-16,0.12984997541089208
hpmcounter10,replay,test_seed_15,-0.9275737810572591,-0.00040933493312607974,3.8762425876947047e-16,0.08971621546679555
hpmcounter10,replay,test_seed_16,-0.1805853256925496,-0.0030919597913073573,-2.8385083516189567e-16,0.1364004336243932
hpmcounter10,replay,test_seed_17,-0.7123349541758444,0.00039629752770907413,1.0835166288437954e-16,0.07664491571910043
hpmcounter10,replay,test_seed_18,-0.3906082036174843,0.00046839954398319696,-8.393438674142076e-18,0.08899070347054641
hpmcounter10,replay,test_seed_19,-0.7256217713624392,0.00012319244410371644,-1.4039933782201292e-16,0.1369403680224493
hpmcounter10,replay,test_seed_2,-1.137340835099591,-0.0033107566305676972,-2.0144252817940985e-16,0.19896602356401472
hpmcounter10,replay,test_seed_20,0.21318007746937248,4.4611494383258504e-05,-3.815199397337308e-18,0.0705100984746986
hpmcounter10,replay,test_seed_3,-0.15572186674502692,0.0003466565491599995,5.9517110598462e-17,0.0643402978358087
hpmcounter10,replay,test_seed_4,-0.8610877620857369,0.0015124658820781746,3.677852219033165e-16,0.07870825266821208
hpmcounter10,replay,test_seed_5,-0.4720597300305141,0.0021333901482774257,2.6859003757254644e-16,0.11805573751292432
hpmcounter10,replay,test_seed_6,-0.17820867771698867,0.00019934308255237145,1.0682558312544462e-17,0.11144365560493293
hpmcounter10,replay,test_seed_7,-0.17820867771698867,0.00019934308255237145,1.0682558312544462e-17,0.11144365560493293
hpmcounter10,replay,test_seed_8,-0.17820867771698867,0.00019934308255237145,1.0682558312544462e-17,0.11144365560493293
hpmcounter10,replay,test_seed_9,-0.17820867771698867,0.00019934308255237145,1.0682558312544462e-17,0.11144365560493293
