counter,mode,seed,num_windows,num_flagged_windows,max_D,threshold,trial_exceeds_threshold
hpmcounter10,drift,test_seed_1,291,0,14.788971791238431,183.2070984550081,False
hpmcounter10,drift,test_seed_10,291,0,16.98211896291644,183.2070984550081,False
hpmcounter10,drift,test_seed_11,291,0,13.047660509262425,183.2070984550081,False
hpmcounter10,drift,test_seed_12,291,0,11.267560961870313,183.2070984550081,False
hpmcounter10,drift,test_seed_13,291,0,16.304270581798296,183.2070984550081,False
hpmcounter10,drift,test_seed_14,291,0,15.50876465383996,183.2070984550081,False
hpmcounter10,drift,test_seed_15,291,0,14.599316302902231,183.2070984550081,False
hpmcounter10,drift,test_seed_16,291,0,14.973835313930506,183.2070984550081,False
hpmcounter10,drift,test_seed_17,291,0,14.71402858085221,183.2070984550081,False
hpmcounter10,drift,test_seed_18,291,0,17.065298106336602,183.2070984550081,False
hpmcounter10,drift,test_seed_19,291,0,10.248226246318026,183.2070984550081,False
hpmcounter10,drift,test_seed_2,291,0,11.403195776563802,183.2070984550081,False
hpmcounter10,drift,test_seed_20,291,0,11.349673602731968,183.2070984550081,False
hpmcounter10,drift,test_seed_3,291,0,14.31200065664697,183.2070984550081,False
hpmcounter10,drift,test_seed_4,291,0,13.41113093162278,183.2070984550081,False
hpmcounter10,drift,test_seed_5,291,0,14.655341933296112,183.2070984550081,False
hpmcounter10,drift,test_seed_6,291,0,36.96780681717127,183.2070984550081,False
hpmcounter10,drift,test_seed_7,291,0,10.175197371073113,183.2070984550081,False
hpmcounter10,drift,test_seed_8,291,0,10.274241286471838,183.2070984550081,False
hpmcounter10,drift,test_seed_9,291,0,14.048646685622668,183.2070984550081,False
hpmcounter10,jump,test_seed_1,291,0,17.357794437830115,183.2070984550081,False
hpmcounter10,jump,test_seed_10,291,0,22.79443495916464,183.2070984550081,False
hpmcounter10,jump,test_seed_11,291,0,14.736253087574765,183.2070984550081,False
hpmcounter10,jump,test_seed_12,291,0,17.219080419345726,183.2070984550081,False
hpmcounter10,jump,test_seed_13,291,0,11.145287712681824,183.2070984550081,False
hpmcounter10,jump,test_seed_14,291,0,14.36149065869328,183.2070984550081,False
hpmcounter10,jump,test_seed_15,291,0,12.625866913914969,183.2070984550081,False
hpmcounter10,jump,test_seed_16,291,0,21.680558521218256,183.2070984550081,False
hpmcounter10,jump,test_seed_17,291,0,13.859314863687782,183.2070984550081,False
hpmcounter10,jump,test_seed_18,291,0,16.56300777025205,183.2070984550081,False
hpmcounter10,jump,test_seed_19,291,0,12.579372364933466,183.2070984550081,False
hpmcounter10,jump,test_seed_2,291,0,13.67434278158658,183.2070984550081,False
hpmcounter10,jump,test_seed_20,291,0,17.63109129501054,183.2070984550081,False
hpmcounter10,jump,test_seed_3,291,0,14.709406277963462,183.2070984550081,False
hpmcounter10,jump,test_seed_4,291,0,22.844682161819108,183.2070984550081,False
hpmcounter10,jump,test_seed_5,291,0,16.455669353157607,183.2070984550081,False
hpmcounter10,jump,test_seed_6,291,0,12.490528620501507,183.2070984550081,False
hpmcounter10,jump,test_seed_7,291,0,20.327650939252397,183.2070984550081,False
hpmcounter10,jump,test_seed_8,291,0,21.963102832765653,183.2070984550081,False
hpmcounter10,jump,test_seed_9,291,0,18.030738332585848,183.2070984550081,False
hpmcounter10,normal,test_seed_1,291,0,17.434886400087724,183.2070984550081,False
hpmcounter10,normal,test_seed_10,291,0,11.487857482004292,183.2070984550081,False
hpmcounter10,normal,test_seed_11,291,0,23.270982942316497,183.2070984550081,False
hpmcounter10,normal,test_seed_12,291,0,14.16637121618368,183.2070984550081,False
hpmcounter10,normal,test_seed_13,291,0,15.813287045744586,183.2070984550081,False
hpmcounter10,normal,test_seed_14,291,0,10.355289153288162,183.2070984550081,False
hpmcounter10,normal,test_seed_15,291,0,15.872319372121147,183.2070984550081,False
hpmcounter10,normal,test_seed_16,291,0,15.467131845712371,183.2070984550081,False
hpmcounter10,normal,test_seed_17,291,0,14.012700558192575,183.2070984550081,False
hpmcounter10,normal,test_seed_18,291,0,18.88922604571644,183.2070984550081,False
hpmcounter10,normal,test_seed_19,291,0,13.074230936595242,183.2070984550081,False
hpmcounter10,normal,test_seed_2,291,0,20.80671563715548,183.2070984550081,False
hpmcounter10,normal,test_seed_20,291,0,15.798666459130622,183.2070984550081,False
hpmcounter10,normal,test_seed_3,291,0,46.65350833241038,183.2070984550081,False
hpmcounter10,normal,test_seed_4,291,0,16.091486292023983,183.2070984550081,False
hpmcounter10,normal,test_seed_5,291,0,30.67128567381077,183.2070984550081,False
hpmcounter10,normal,test_seed_6,291,0,16.707414382870937,183.2070984550081,False
hpmcounter10,normal,test_seed_7,291,0,16.967750987733602,183.2070984550081,False
hpmcounter10,normal,test_seed_8,291,0,14.617185594571655,183.2070984550081,False
hpmcounter10,normal,test_seed_9,291,0,22.65273692247168,183.2070984550081,False
hpmcounter10,replay,test_seed_1,291,0,15.486158132070289,183.2070984550081,False
hpmcounter10,replay,test_seed_10,291,0,24.223038350363947,183.2070984550081,False
hpmcounter10,replay,test_seed_11,291,0,17.88498621236641,183.2070984550081,False
hpmcounter10,replay,test_seed_12,291,0,18.77412107416985,183.2070984550081,False
hpmcounter10,replay,test_seed_13,291,0,25.37004467843755,183.2070984550081,False
hpmcounter10,replay,test_seed_14,291,0,22.996987175304223,183.2070984550081,False
hpmcounter10,replay,test_seed_15,291,0,29.611023149952462,183.2070984550081,False
hpmcounter10,replay,test_seed_16,291,0,16.257245318644454,183.2070984550081,False
hpmcounter10,replay,test_seed_17,291,0,13.234946303996004,183.2070984550081,False
hpmcounter10,replay,test_seed_18,291,0,15.424302229257156,183.2070984550081,False
hpmcounter10,replay,test_seed_19,291,0,13.968189491243033,183.2070984550081,False
hpmcounter10,replay,test_seed_2,291,0,17.263415007779496,183.2070984550081,False
hpmcounter10,replay,test_seed_20,291,0,22.51420138236321,183.2070984550081,False
hpmcounter10,replay,test_seed_3,291,0,13.888574210316367,183.2070984550081,False
hpmcounter10,replay,test_seed_4,291,0,16.382458049413486,183.2070984550081,False
hpmcounter10,replay,test_seed_5,291,0,15.590786029607418,183.2070984550081,False
hpmcounter10,replay,test_seed_6,291,0,15.191704306040217,183.2070984550081,False
hpmcounter10,replay,test_seed_7,291,0,15.191704306040217,183.2070984550081,False
hpmcounter10,replay,test_seed_8,291,0,15.191704306040217,183.2070984550081,False
hpmcounter10,replay,test_seed_9,291,0,15.191704306040217,183.2070984550081,False
hpmcounter3,drift,test_seed_1,291,0,20.898486810648752,189.48440654417075,False
hpmcounter3,drift,test_seed_10,291,0,17.442604268360338,189.48440654417075,False
hpmcounter3,drift,test_seed_11,291,0,20.39792043370032,189.48440654417075,False
hpmcounter3,drift,test_seed_12,291,0,18.416424786232785,189.48440654417075,False
hpmcounter3,drift,test_seed_13,291,0,18.81090434218236,189.48440654417075,False
hpmcounter3,drift,test_seed_14,291,0,23.986864117071708,189.48440654417075,False
hpmcounter3,drift,test_seed_15,291,0,19.79239477854615,189.48440654417075,False
hpmcounter3,drift,test_seed_16,291,0,14.751846085511266,189.48440654417075,False
hpmcounter3,drift,test_seed_17,291,0,25.348940532076064,189.48440654417075,False
hpmcounter3,drift,test_seed_18,291,0,25.116409185388065,189.48440654417075,False
hpmcounter3,drift,test_seed_19,291,0,22.307102605501004,189.48440654417075,False
hpmcounter3,drift,test_seed_2,291,0,17.32347044418249,189.48440654417075,False
hpmcounter3,drift,test_seed_20,291,0,14.05171806515522,189.48440654417075,False
hpmcounter3,drift,test_seed_3,291,0,15.511711041154062,189.48440654417075,False
hpmcounter3,drift,test_seed_4,291,0,18.84444936056989,189.48440654417075,False
hpmcounter3,drift,test_seed_5,291,0,16.755003496722193,189.48440654417075,False
hpmcounter3,drift,test_seed_6,291,0,20.099734025356657,189.48440654417075,False
hpmcounter3,drift,test_seed_7,291,0,34.46120962959199,189.48440654417075,False
hpmcounter3,drift,test_seed_8,291,0,11.569636975568615,189.48440654417075,False
hpmcounter3,drift,test_seed_9,291,0,33.25669557419748,189.48440654417075,False
hpmcounter3,jump,test_seed_1,291,0,15.178202510770214,189.48440654417075,False
hpmcounter3,jump,test_seed_10,291,0,14.537477309950798,189.48440654417075,False
hpmcounter3,jump,test_seed_11,291,0,28.301094116493157,189.48440654417075,False
hpmcounter3,jump,test_seed_12,291,0,20.892895925411043,189.48440654417075,False
hpmcounter3,jump,test_seed_13,291,0,12.27777182754957,189.48440654417075,False
hpmcounter3,jump,test_seed_14,291,0,21.51852628330183,189.48440654417075,False
hpmcounter3,jump,test_seed_15,291,0,16.071577345057424,189.48440654417075,False
hpmcounter3,jump,test_seed_16,291,0,15.53100923432262,189.48440654417075,False
hpmcounter3,jump,test_seed_17,291,0,18.768667645300383,189.48440654417075,False
hpmcounter3,jump,test_seed_18,291,0,29.62415468299617,189.48440654417075,False
hpmcounter3,jump,test_seed_19,291,0,20.07147429854701,189.48440654417075,False
hpmcounter3,jump,test_seed_2,291,0,20.910627214445174,189.48440654417075,False
hpmcounter3,jump,test_seed_20,291,0,15.974807266560315,189.48440654417075,False
hpmcounter3,jump,test_seed_3,291,0,18.000424283150547,189.48440654417075,False
hpmcounter3,jump,test_seed_4,291,0,15.653422696164256,189.48440654417075,False
hpmcounter3,jump,test_seed_5,291,0,20.94193430903567,189.48440654417075,False
hpmcounter3,jump,test_seed_6,291,0,18.73857570017011,189.48440654417075,False
hpmcounter3,jump,test_seed_7,291,0,31.04098409032918,189.48440654417075,False
hpmcounter3,jump,test_seed_8,291,0,29.926070037836134,189.48440654417075,False
hpmcounter3,jump,test_seed_9,291,0,19.633044119986494,189.48440654417075,False
hpmcounter3,normal,test_seed_1,291,0,13.62330864779661,189.48440654417075,False
hpmcounter3,normal,test_seed_10,291,0,32.330387394986154,189.48440654417075,False
hpmcounter3,normal,test_seed_11,291,0,16.37678825877448,189.48440654417075,False
hpmcounter3,normal,test_seed_12,291,0,12.844799774113255,189.48440654417075,False
hpmcounter3,normal,test_seed_13,291,0,10.04472851260919,189.48440654417075,False
hpmcounter3,normal,test_seed_14,291,0,24.69477351543828,189.48440654417075,False
hpmcounter3,normal,test_seed_15,291,0,11.188159030685132,189.48440654417075,False
hpmcounter3,normal,test_seed_16,291,0,18.939682975997904,189.48440654417075,False
hpmcounter3,normal,test_seed_17,291,0,16.805840430067498,189.48440654417075,False
hpmcounter3,normal,test_seed_18,291,0,16.997285587053526,189.48440654417075,False
hpmcounter3,normal,test_seed_19,291,0,23.41117543493425,189.48440654417075,False
hpmcounter3,normal,test_seed_2,291,0,27.357382949169462,189.48440654417075,False
hpmcounter3,normal,test_seed_20,291,0,13.810097699919597,189.48440654417075,False
hpmcounter3,normal,test_seed_3,291,0,29.844225806427957,189.48440654417075,False
hpmcounter3,normal,test_seed_4,291,0,20.27581200860928,189.48440654417075,False
hpmcounter3,normal,test_seed_5,291,0,17.899659647925425,189.48440654417075,False
hpmcounter3,normal,test_seed_6,291,0,13.7699164996472,189.48440654417075,False
hpmcounter3,normal,test_seed_7,291,0,23.050360529180733,189.48440654417075,False
hpmcounter3,normal,test_seed_8,291,0,12.169052052071502,189.48440654417075,False
hpmcounter3,normal,test_seed_9,291,0,15.23805307640755,189.48440654417075,False
hpmcounter3,replay,test_seed_1,291,0,24.29350924349964,189.48440654417075,False
hpmcounter3,replay,test_seed_10,291,0,18.84585680059369,189.48440654417075,False
hpmcounter3,replay,test_seed_11,291,0,19.324459164409685,189.48440654417075,False
hpmcounter3,replay,test_seed_12,291,0,11.420116015859652,189.48440654417075,False
hpmcounter3,replay,test_seed_13,291,0,22.514068920945576,189.48440654417075,False
hpmcounter3,replay,test_seed_14,291,0,28.164215920177572,189.48440654417075,False
hpmcounter3,replay,test_seed_15,291,0,12.10997671558906,189.48440654417075,False
hpmcounter3,replay,test_seed_16,291,0,16.852977927936376,189.48440654417075,False
hpmcounter3,replay,test_seed_17,291,0,13.65291405288448,189.48440654417075,False
hpmcounter3,replay,test_seed_18,291,0,18.2837481220802,189.48440654417075,False
hpmcounter3,replay,test_seed_19,291,0,33.98188803772858,189.48440654417075,False
hpmcounter3,replay,test_seed_2,291,0,18.85599322836669,189.48440654417075,False
hpmcounter3,replay,test_seed_20,291,0,31.25747210188444,189.48440654417075,False
hpmcounter3,replay,test_seed_3,291,0,11.582394743529116,189.48440654417075,False
hpmcounter3,replay,test_seed_4,291,0,20.1801382943862,189.48440654417075,False
hpmcounter3,replay,test_seed_5,291,0,22.779157379318764,189.48440654417075,False
hpmcounter3,replay,test_seed_6,291,0,19.79944813314831,189.48440654417075,False
hpmcounter3,replay,test_seed_7,291,0,19.79944813314831,189.48440654417075,False
hpmcounter3,replay,test_seed_8,291,0,19.79944813314831,189.48440654417075,False
hpmcounter3,replay,test_seed_9,291,0,19.79944813314831,189.48440654417075,False
hpmcounter4,drift,test_seed_1,291,0,44.11387702488095,659.7992298804954,False
hpmcounter4,drift,test_seed_10,291,0,35.06880764625273,659.7992298804954,False
hpmcounter4,drift,test_seed_11,291,0,62.87598151193052,659.7992298804954,False
hpmcounter4,drift,test_seed_12,291,0,29.498652810019127,659.7992298804954,False
hpmcounter4,drift,test_seed_13,291,0,51.77902791006587,659.7992298804954,False
hpmcounter4,drift,test_seed_14,291,0,31.43077731982345,659.7992298804954,False
hpmcounter4,drift,test_seed_15,291,0,54.07073104314328,659.7992298804954,False
hpmcounter4,drift,test_seed_16,291,0,46.55237022473885,659.7992298804954,False
hpmcounter4,drift,test_seed_17,291,0,39.17598312507075,659.7992298804954,False
hpmcounter4,drift,test_seed_18,291,0,46.95687258898403,659.7992298804954,False
hpmcounter4,drift,test_seed_19,291,0,94.68200930846824,659.7992298804954,False
hpmcounter4,drift,test_seed_2,291,0,40.02535887498265,659.7992298804954,False
hpmcounter4,drift,test_seed_20,291,0,42.36836185307235,659.7992298804954,False
hpmcounter4,drift,test_seed_3,291,0,70.72720074263299,659.7992298804954,False
hpmcounter4,drift,test_seed_4,291,0,86.4037842434041,659.7992298804954,False
hpmcounter4,drift,test_seed_5,291,0,41.67397936707986,659.7992298804954,False
hpmcounter4,drift,test_seed_6,291,0,30.82047267558803,659.7992298804954,False
hpmcounter4,drift,test_seed_7,291,0,38.97966788439903,659.7992298804954,False
hpmcounter4,drift,test_seed_8,291,0,53.60359081257117,659.7992298804954,False
hpmcounter4,drift,test_seed_9,291,0,50.37714491243525,659.7992298804954,False
hpmcounter4,jump,test_seed_1,291,0,68.46579266582427,659.7992298804954,False
hpmcounter4,jump,test_seed_10,291,0,28.087700155883237,659.7992298804954,False
hpmcounter4,jump,test_seed_11,291,0,47.36683026514575,659.7992298804954,False
hpmcounter4,jump,test_seed_12,291,0,28.941603511480142,659.7992298804954,False
hpmcounter4,jump,test_seed_13,291,0,56.23542718590282,659.7992298804954,False
hpmcounter4,jump,test_seed_14,291,0,15.377576599027805,659.7992298804954,False
hpmcounter4,jump,test_seed_15,291,0,19.624062049778622,659.7992298804954,False
hpmcounter4,jump,test_seed_16,291,0,57.65693718621939,659.7992298804954,False
hpmcounter4,jump,test_seed_17,291,0,18.382846161855312,659.7992298804954,False
hpmcounter4,jump,test_seed_18,291,0,54.28255642480704,659.7992298804954,False
hpmcounter4,jump,test_seed_19,291,0,134.04867127388565,659.7992298804954,False
hpmcounter4,jump,test_seed_2,291,0,42.31062603519957,659.7992298804954,False
hpmcounter4,jump,test_seed_20,291,0,62.59694047047142,659.7992298804954,False
hpmcounter4,jump,test_seed_3,291,0,69.21156027977102,659.7992298804954,False
hpmcounter4,jump,test_seed_4,291,0,101.98555374211482,659.7992298804954,False
hpmcounter4,jump,test_seed_5,291,0,67.59438439855383,659.7992298804954,False
hpmcounter4,jump,test_seed_6,291,0,31.40462451436028,659.7992298804954,False
hpmcounter4,jump,test_seed_7,291,0,30.94555572058537,659.7992298804954,False
hpmcounter4,jump,test_seed_8,291,0,62.46723644193992,659.7992298804954,False
hpmcounter4,jump,test_seed_9,291,0,20.920686377665355,659.7992298804954,False
hpmcounter4,normal,test_seed_1,291,0,88.20844613167318,659.7992298804954,False
hpmcounter4,normal,test_seed_10,291,0,69.34914037437758,659.7992298804954,False
hpmcounter4,normal,test_seed_11,291,0,376.86370183344,659.7992298804954,False
hpmcounter4,normal,test_seed_12,291,0,47.99489284276952,659.7992298804954,False
hpmcounter4,normal,test_seed_13,291,0,62.11216724616417,659.7992298804954,False
hpmcounter4,normal,test_seed_14,291,0,37.83634166788252,659.7992298804954,False
hpmcounter4,normal,test_seed_15,291,0,28.84826824022563,659.7992298804954,False
hpmcounter4,normal,test_seed_16,291,0,44.8049742107314,659.7992298804954,False
hpmcounter4,normal,test_seed_17,291,0,47.28679737339752,659.7992298804954,False
hpmcounter4,normal,test_seed_18,291,0,50.285822592034016,659.7992298804954,False
hpmcounter4,normal,test_seed_19,291,0,36.10807596475928,659.7992298804954,False
hpmcounter4,normal,test_seed_2,291,0,42.57705350235073,659.7992298804954,False
hpmcounter4,normal,test_seed_20,291,0,92.77731224484631,659.7992298804954,False
hpmcounter4,normal,test_seed_3,291,0,60.04859699290274,659.7992298804954,False
hpmcounter4,normal,test_seed_4,291,0,53.12299700337378,659.7992298804954,False
hpmcounter4,normal,test_seed_5,291,0,185.4662714956413,659.7992298804954,False
hpmcounter4,normal,test_seed_6,291,0,48.852138966076446,659.7992298804954,False
hpmcounter4,normal,test_seed_7,291,0,50.53483506970154,659.7992298804954,False
hpmcounter4,normal,test_seed_8,291,0,34.91754797626376,659.7992298804954,False
hpmcounter4,normal,test_seed_9,291,0,51.95339504955399,659.7992298804954,False
hpmcounter4,replay,test_seed_1,291,0,21.963737027486545,659.7992298804954,False
hpmcounter4,replay,test_seed_10,291,0,49.12206979398012,659.7992298804954,False
hpmcounter4,replay,test_seed_11,291,0,38.20095664278439,659.7992298804954,False
hpmcounter4,replay,test_seed_12,291,0,47.78909433764953,659.7992298804954,False
hpmcounter4,replay,test_seed_13,291,0,43.6878731725629,659.7992298804954,False
hpmcounter4,replay,test_seed_14,291,0,24.96050574608101,659.7992298804954,False
hpmcounter4,replay,test_seed_15,291,0,39.09837203690881,659.7992298804954,False
hpmcounter4,replay,test_seed_16,291,0,25.861156127240093,659.7992298804954,False
hpmcounter4,replay,test_seed_17,291,0,70.56825635226475,659.7992298804954,False
hpmcounter4,replay,test_seed_18,291,0,49.40790932493561,659.7992298804954,False
hpmcounter4,replay,test_seed_19,291,0,52.59026943979058,659.7992298804954,False
hpmcounter4,replay,test_seed_2,291,0,63.56705878093975,659.7992298804954,False
hpmcounter4,replay,test_seed_20,291,0,43.93233925979903,659.7992298804954,False
hpmcounter4,replay,test_seed_3,291,0,27.121216479881337,659.7992298804954,False
hpmcounter4,replay,test_seed_4,291,0,70.41357966112551,659.7992298804954,False
hpmcounter4,replay,test_seed_5,291,0,37.5516965608218,659.7992298804954,False
hpmcounter4,replay,test_seed_6,291,0,42.86304930954586,659.7992298804954,False
hpmcounter4,replay,test_seed_7,291,0,42.86304930954586,659.7992298804954,False
hpmcounter4,replay,test_seed_8,291,0,42.86304930954586,659.7992298804954,False
hpmcounter4,replay,test_seed_9,291,0,42.86304930954586,659.7992298804954,False
hpmcounter5,drift,test_seed_1,291,0,10.284819670008474,119.89820685930462,False
hpmcounter5,drift,test_seed_10,291,0,23.3996922806042,119.89820685930462,False
hpmcounter5,drift,test_seed_11,291,0,21.92818962630491,119.89820685930462,False
hpmcounter5,drift,test_seed_12,291,0,10.924977151194518,119.89820685930462,False
hpmcounter5,drift,test_seed_13,291,0,18.65566181811604,119.89820685930462,False
hpmcounter5,drift,test_seed_14,291,0,19.51480990404653,119.89820685930462,False
hpmcounter5,drift,test_seed_15,291,0,28.36666237555585,119.89820685930462,False
hpmcounter5,drift,test_seed_16,291,0,11.384493242026824,119.89820685930462,False
hpmcounter5,drift,test_seed_17,291,0,11.750211288855136,119.89820685930462,False
hpmcounter5,drift,test_seed_18,291,0,10.30726008137636,119.89820685930462,False
hpmcounter5,drift,test_seed_19,291,0,7.835245753694163,119.89820685930462,False
hpmcounter5,drift,test_seed_2,291,0,8.286485938801228,119.89820685930462,False
hpmcounter5,drift,test_seed_20,291,0,9.311739773581758,119.89820685930462,False
hpmcounter5,drift,test_seed_3,291,0,8.287870955877322,119.89820685930462,False
hpmcounter5,drift,test_seed_4,291,0,11.43123466179946,119.89820685930462,False
hpmcounter5,drift,test_seed_5,291,0,9.115190785681186,119.89820685930462,False
hpmcounter5,drift,test_seed_6,291,0,9.917442744645149,119.89820685930462,False
hpmcounter5,drift,test_seed_7,291,0,11.87222077602684,119.89820685930462,False
hpmcounter5,drift,test_seed_8,291,0,7.461496061353953,119.89820685930462,False
hpmcounter5,drift,test_seed_9,291,0,8.890812482333818,119.89820685930462,False
hpmcounter5,jump,test_seed_1,291,0,8.346106730046634,119.89820685930462,False
hpmcounter5,jump,test_seed_10,291,0,16.06391905509744,119.89820685930462,False
hpmcounter5,jump,test_seed_11,291,0,9.876052491996331,119.89820685930462,False
hpmcounter5,jump,test_seed_12,291,0,8.666915633812343,119.89820685930462,False
hpmcounter5,jump,test_seed_13,291,0,13.428588057335794,119.89820685930462,False
hpmcounter5,jump,test_seed_14,291,0,11.156434608959469,119.89820685930462,False
hpmcounter5,jump,test_seed_15,291,0,16.97947277521254,119.89820685930462,False
hpmcounter5,jump,test_seed_16,291,0,17.205884959384765,119.89820685930462,False
hpmcounter5,jump,test_seed_17,291,0,17.608655594084393,119.89820685930462,False
hpmcounter5,jump,test_seed_18,291,0,15.829078373636404,119.89820685930462,False
hpmcounter5,jump,test_seed_19,291,0,14.059331989033618,119.89820685930462,False
hpmcounter5,jump,test_seed_2,291,0,9.544242638274593,119.89820685930462,False
hpmcounter5,jump,test_seed_20,291,0,9.979665690732627,119.89820685930462,False
hpmcounter5,jump,test_seed_3,291,0,9.24737243410912,119.89820685930462,False
hpmcounter5,jump,test_seed_4,291,0,18.783289929083733,119.89820685930462,False
hpmcounter5,jump,test_seed_5,291,0,10.636189331169836,119.89820685930462,False
hpmcounter5,jump,test_seed_6,291,0,15.146707571788824,119.89820685930462,False
hpmcounter5,jump,test_seed_7,291,0,11.819305969094415,119.89820685930462,False
hpmcounter5,jump,test_seed_8,291,0,12.266510847242143,119.89820685930462,False
hpmcounter5,jump,test_seed_9,291,0,16.42888619887057,119.89820685930462,False
hpmcounter5,normal,test_seed_1,291,0,6.97290349070333,119.89820685930462,False
hpmcounter5,normal,test_seed_10,291,0,8.808590069903001,119.89820685930462,False
hpmcounter5,normal,test_seed_11,291,0,34.195215336544415,119.89820685930462,False
hpmcounter5,normal,test_seed_12,291,0,9.59514731976275,119.89820685930462,False
hpmcounter5,normal,test_seed_13,291,0,10.692581266097717,119.89820685930462,False
hpmcounter5,normal,test_seed_14,291,0,11.085392733334062,119.89820685930462,False
hpmcounter5,normal,test_seed_15,291,0,14.80216879970444,119.89820685930462,False
hpmcounter5,normal,test_seed_16,291,0,8.627228029753415,119.89820685930462,False
hpmcounter5,normal,test_seed_17,291,0,14.242152862682188,119.89820685930462,False
hpmcounter5,normal,test_seed_18,291,0,6.775681498622432,119.89820685930462,False
hpmcounter5,normal,test_seed_19,291,0,12.343512534492035,119.89820685930462,False
hpmcounter5,normal,test_seed_2,291,0,15.710699007107111,119.89820685930462,False
hpmcounter5,normal,test_seed_20,291,0,9.480446641094796,119.89820685930462,False
hpmcounter5,normal,test_seed_3,291,0,8.481417937623963,119.89820685930462,False
hpmcounter5,normal,test_seed_4,291,0,7.342402833584429,119.89820685930462,False
hpmcounter5,normal,test_seed_5,291,0,19.85546905927726,119.89820685930462,False
hpmcounter5,normal,test_seed_6,291,0,8.49327736372145,119.89820685930462,False
hpmcounter5,normal,test_seed_7,291,0,14.780006834914522,119.89820685930462,False
hpmcounter5,normal,test_seed_8,291,0,6.811858486366837,119.89820685930462,False
hpmcounter5,normal,test_seed_9,291,0,12.004058082069308,119.89820685930462,False
hpmcounter5,replay,test_seed_1,291,0,8.517266506797794,119.89820685930462,False
hpmcounter5,replay,test_seed_10,291,0,10.434981389096455,119.89820685930462,False
hpmcounter5,replay,test_seed_11,291,0,9.4976698314269,119.89820685930462,False
hpmcounter5,replay,test_seed_12,291,0,6.776642835407813,119.89820685930462,False
hpmcounter5,replay,test_seed_13,291,0,9.61617991484155,119.89820685930462,False
hpmcounter5,replay,test_seed_14,291,0,13.507987772478916,119.89820685930462,False
hpmcounter5,replay,test_seed_15,291,0,13.890806954629149,119.89820685930462,False
hpmcounter5,replay,test_seed_16,291,0,8.23179746183799,119.89820685930462,False
hpmcounter5,replay,test_seed_17,291,0,12.910858528370612,119.89820685930462,False
hpmcounter5,replay,test_seed_18,291,0,15.082055684029529,119.89820685930462,False
hpmcounter5,replay,test_seed_19,291,0,9.964455565343004,119.89820685930462,False
hpmcounter5,replay,test_seed_2,291,0,12.568333971696717,119.89820685930462,False
hpmcounter5,replay,test_seed_20,291,0,6.404411067568301,119.89820685930462,False
hpmcounter5,replay,test_seed_3,291,0,8.798058733495616,119.89820685930462,False
hpmcounter5,replay,test_seed_4,291,0,10.945548007987153,119.89820685930462,False
hpmcounter5,replay,test_seed_5,291,0,9.870504310264538,119.89820685930462,False
hpmcounter5,replay,test_seed_6,291,0,11.687093568699126,119.89820685930462,False
hpmcounter5,replay,test_seed_7,291,0,11.687093568699126,119.89820685930462,False
hpmcounter5,replay,test_seed_8,291,0,11.687093568699126,119.89820685930462,False
hpmcounter5,replay,test_seed_9,291,0,11.687093568699126,119.89820685930462,False
hpmcounter6,drift,test_seed_1,291,0,20.259238474989868,163.2210751778113,False
hpmcounter6,drift,test_seed_10,291,0,18.70394698996785,163.2210751778113,False
hpmcounter6,drift,test_seed_11,291,0,14.27521562089964,163.2210751778113,False
hpmcounter6,drift,test_seed_12,291,0,22.54026851449309,163.2210751778113,False
hpmcounter6,drift,test_seed_13,291,0,52.36431224604732,163.2210751778113,False
hpmcounter6,drift,test_seed_14,291,0,15.25080528976975,163.2210751778113,False
hpmcounter6,drift,test_seed_15,291,0,27.715844638791484,163.2210751778113,False
hpmcounter6,drift,test_seed_16,291,0,24.79658647078761,163.2210751778113,False
hpmcounter6,drift,test_seed_17,291,0,21.792924756706324,163.2210751778113,False
hpmcounter6,drift,test_seed_18,291,0,18.77512737492849,163.2210751778113,False
hpmcounter6,drift,test_seed_19,291,0,23.678080005314182,163.2210751778113,False
hpmcounter6,drift,test_seed_2,291,0,15.197650004415935,163.2210751778113,False
hpmcounter6,drift,test_seed_20,291,0,28.535405366366287,163.2210751778113,False
hpmcounter6,drift,test_seed_3,291,0,19.64943347337549,163.2210751778113,False
hpmcounter6,drift,test_seed_4,291,0,17.77769404593632,163.2210751778113,False
hpmcounter6,drift,test_seed_5,291,0,16.582857175640388,163.2210751778113,False
hpmcounter6,drift,test_seed_6,291,0,18.47925088426106,163.2210751778113,False
hpmcounter6,drift,test_seed_7,291,0,26.35446052486659,163.2210751778113,False
hpmcounter6,drift,test_seed_8,291,0,15.4750043573917,163.2210751778113,False
hpmcounter6,drift,test_seed_9,291,0,26.305071015012945,163.2210751778113,False
hpmcounter6,jump,test_seed_1,291,0,17.081086287074815,163.2210751778113,False
hpmcounter6,jump,test_seed_10,291,0,36.09736463579223,163.2210751778113,False
hpmcounter6,jump,test_seed_11,291,0,17.986391294093806,163.2210751778113,False
hpmcounter6,jump,test_seed_12,291,0,21.47871231886643,163.2210751778113,False
hpmcounter6,jump,test_seed_13,291,0,21.037576195341824,163.2210751778113,False
hpmcounter6,jump,test_seed_14,291,0,24.054865064757205,163.2210751778113,False
hpmcounter6,jump,test_seed_15,291,0,19.108394309914853,163.2210751778113,False
hpmcounter6,jump,test_seed_16,291,0,24.135462125938645,163.2210751778113,False
hpmcounter6,jump,test_seed_17,291,0,17.57340057219211,163.2210751778113,False
hpmcounter6,jump,test_seed_18,291,0,35.37893914105866,163.2210751778113,False
hpmcounter6,jump,test_seed_19,291,0,15.223242392968166,163.2210751778113,False
hpmcounter6,jump,test_seed_2,291,0,20.538508639556916,163.2210751778113,False
hpmcounter6,jump,test_seed_20,291,0,21.42410136332593,163.2210751778113,False
hpmcounter6,jump,test_seed_3,291,0,16.19834284994056,163.2210751778113,False
hpmcounter6,jump,test_seed_4,291,0,22.865138149400188,163.2210751778113,False
hpmcounter6,jump,test_seed_5,291,0,20.36700869996547,163.2210751778113,False
hpmcounter6,jump,test_seed_6,291,0,19.747269915211024,163.2210751778113,False
hpmcounter6,jump,test_seed_7,291,0,25.790942178646887,163.2210751778113,False
hpmcounter6,jump,test_seed_8,291,0,32.573952567419,163.2210751778113,False
hpmcounter6,jump,test_seed_9,291,0,22.03971814346594,163.2210751778113,False
hpmcounter6,normal,test_seed_1,291,0,24.523837419898268,163.2210751778113,False
hpmcounter6,normal,test_seed_10,291,0,17.103663313287658,163.2210751778113,False
hpmcounter6,normal,test_seed_11,291,0,37.61283622613588,163.2210751778113,False
hpmcounter6,normal,test_seed_12,291,0,27.33003004515542,163.2210751778113,False
hpmcounter6,normal,test_seed_13,291,0,18.4983099079391,163.2210751778113,False
hpmcounter6,normal,test_seed_14,291,0,18.397318857636357,163.2210751778113,False
hpmcounter6,normal,test_seed_15,291,0,38.96737757684908,163.2210751778113,False
hpmcounter6,normal,test_seed_16,291,0,15.577844350725432,163.2210751778113,False
hpmcounter6,normal,test_seed_17,291,0,16.529086631386097,163.2210751778113,False
hpmcounter6,normal,test_seed_18,291,0,25.18440780395025,163.2210751778113,False
hpmcounter6,normal,test_seed_19,291,0,24.076066368905654,163.2210751778113,False
hpmcounter6,normal,test_seed_2,291,0,19.5367708821734,163.2210751778113,False
hpmcounter6,normal,test_seed_20,291,0,24.26458108141148,163.2210751778113,False
hpmcounter6,normal,test_seed_3,291,0,24.899569525971224,163.2210751778113,False
hpmcounter6,normal,test_seed_4,291,0,24.66968506438561,163.2210751778113,False
hpmcounter6,normal,test_seed_5,291,0,47.09689315841563,163.2210751778113,False
hpmcounter6,normal,test_seed_6,291,0,30.04363478344679,163.2210751778113,False
hpmcounter6,normal,test_seed_7,291,0,27.75573788274321,163.2210751778113,False
hpmcounter6,normal,test_seed_8,291,0,19.652733520132564,163.2210751778113,False
hpmcounter6,normal,test_seed_9,291,0,17.22148921190936,163.2210751778113,False
hpmcounter6,replay,test_seed_1,291,0,23.575981480442763,163.2210751778113,False
hpmcounter6,replay,test_seed_10,291,0,15.05276829955161,163.2210751778113,False
hpmcounter6,replay,test_seed_11,291,0,15.525592584809283,163.2210751778113,False
hpmcounter6,replay,test_seed_12,291,0,23.067976105162145,163.2210751778113,False
hpmcounter6,replay,test_seed_13,291,0,17.065898243348336,163.2210751778113,False
hpmcounter6,replay,test_seed_14,291,0,60.58009849143279,163.2210751778113,False
hpmcounter6,replay,test_seed_15,291,0,25.481415532309423,163.2210751778113,False
hpmcounter6,replay,test_seed_16,291,0,17.48521081652449,163.2210751778113,False
hpmcounter6,replay,test_seed_17,291,0,31.90851226003171,163.2210751778113,False
hpmcounter6,replay,test_seed_18,291,0,13.790212830228976,163.2210751778113,False
hpmcounter6,replay,test_seed_19,291,0,18.280277258485576,163.2210751778113,False
hpmcounter6,replay,test_seed_2,291,0,37.92430669104953,163.2210751778113,False
hpmcounter6,replay,test_seed_20,291,0,22.87014792159441,163.2210751778113,False
hpmcounter6,replay,test_seed_3,291,0,21.27666158466317,163.2210751778113,False
hpmcounter6,replay,test_seed_4,291,0,27.834876579153065,163.2210751778113,False
hpmcounter6,replay,test_seed_5,291,0,15.919278351196086,163.2210751778113,False
hpmcounter6,replay,test_seed_6,291,0,19.53998542527529,163.2210751778113,False
hpmcounter6,replay,test_seed_7,291,0,19.53998542527529,163.2210751778113,False
hpmcounter6,replay,test_seed_8,291,0,19.53998542527529,163.2210751778113,False
hpmcounter6,replay,test_seed_9,291,0,19.53998542527529,163.2210751778113,False
hpmcounter7,drift,test_seed_1,291,0,12.451992611433267,139.97544633174778,False
hpmcounter7,drift,test_seed_10,291,0,10.67958731441962,139.97544633174778,False
hpmcounter7,drift,test_seed_11,291,0,14.494144071939129,139.97544633174778,False
hpmcounter7,drift,test_seed_12,291,0,9.810409051154217,139.97544633174778,False
hpmcounter7,drift,test_seed_13,291,0,15.163998582557712,139.97544633174778,False
hpmcounter7,drift,test_seed_14,291,0,10.30959553218138,139.97544633174778,False
hpmcounter7,drift,test_seed_15,291,0,15.98282454663842,139.97544633174778,False
hpmcounter7,drift,test_seed_16,291,0,12.333438420844889,139.97544633174778,False
hpmcounter7,drift,test_seed_17,291,0,9.22509319807028,139.97544633174778,False
hpmcounter7,drift,test_seed_18,291,0,13.686318390682422,139.97544633174778,False
hpmcounter7,drift,test_seed_19,291,0,8.811233344483782,139.97544633174778,False
hpmcounter7,drift,test_seed_2,291,0,6.197399744458382,139.97544633174778,False
hpmcounter7,drift,test_seed_20,291,0,7.770943811174209,139.97544633174778,False
hpmcounter7,drift,test_seed_3,291,0,12.128335362512928,139.97544633174778,False
hpmcounter7,drift,test_seed_4,291,0,11.168155154249751,139.97544633174778,False
hpmcounter7,drift,test_seed_5,291,0,11.641759756467003,139.97544633174778,False
hpmcounter7,drift,test_seed_6,291,0,12.261213110909372,139.97544633174778,False
hpmcounter7,drift,test_seed_7,291,0,14.474720588727555,139.97544633174778,False
hpmcounter7,drift,test_seed_8,291,0,7.370508267285334,139.97544633174778,False
hpmcounter7,drift,test_seed_9,291,0,7.706428369831468,139.97544633174778,False
hpmcounter7,jump,test_seed_1,291,0,13.482311995103544,139.97544633174778,False
hpmcounter7,jump,test_seed_10,291,0,13.291167721475912,139.97544633174778,False
hpmcounter7,jump,test_seed_11,291,0,10.078952045594129,139.97544633174778,False
hpmcounter7,jump,test_seed_12,291,0,11.04924680049708,139.97544633174778,False
hpmcounter7,jump,test_seed_13,291,0,15.294996088578843,139.97544633174778,False
hpmcounter7,jump,test_seed_14,291,0,18.10805707176884,139.97544633174778,False
hpmcounter7,jump,test_seed_15,291,0,16.043444511461615,139.97544633174778,False
hpmcounter7,jump,test_seed_16,291,0,10.502560666916976,139.97544633174778,False
hpmcounter7,jump,test_seed_17,291,0,18.615066971401944,139.97544633174778,False
hpmcounter7,jump,test_seed_18,291,0,11.023421623387517,139.97544633174778,False
hpmcounter7,jump,test_seed_19,291,0,8.882266218829402,139.97544633174778,False
hpmcounter7,jump,test_seed_2,291,0,10.292368109612235,139.97544633174778,False
hpmcounter7,jump,test_seed_20,291,0,13.083407414283744,139.97544633174778,False
hpmcounter7,jump,test_seed_3,291,0,16.621727155000425,139.97544633174778,False
hpmcounter7,jump,test_seed_4,291,0,10.256417217405035,139.97544633174778,False
hpmcounter7,jump,test_seed_5,291,0,14.43787171616561,139.97544633174778,False
hpmcounter7,jump,test_seed_6,291,0,10.327000511715127,139.97544633174778,False
hpmcounter7,jump,test_seed_7,291,0,14.154895087635456,139.97544633174778,False
hpmcounter7,jump,test_seed_8,291,0,22.499265901548053,139.97544633174778,False
hpmcounter7,jump,test_seed_9,291,0,23.881931040710622,139.97544633174778,False
hpmcounter7,normal,test_seed_1,291,0,7.305458756437593,139.97544633174778,False
hpmcounter7,normal,test_seed_10,291,0,14.605071027864394,139.97544633174778,False
hpmcounter7,normal,test_seed_11,291,0,12.438340925447129,139.97544633174778,False
hpmcounter7,normal,test_seed_12,291,0,13.08682948023286,139.97544633174778,False
hpmcounter7,normal,test_seed_13,291,0,11.793894715100004,139.97544633174778,False
hpmcounter7,normal,test_seed_14,291,0,12.901480442710032,139.97544633174778,False
hpmcounter7,normal,test_seed_15,291,0,12.68848652452742,139.97544633174778,False
hpmcounter7,normal,test_seed_16,291,0,12.174676454538917,139.97544633174778,False
hpmcounter7,normal,test_seed_17,291,0,15.75810516445232,139.97544633174778,False
hpmcounter7,normal,test_seed_18,291,0,24.311403177177432,139.97544633174778,False
hpmcounter7,normal,test_seed_19,291,0,9.0876413931464,139.97544633174778,False
hpmcounter7,normal,test_seed_2,291,0,18.190198471335304,139.97544633174778,False
hpmcounter7,normal,test_seed_20,291,0,8.45409872973048,139.97544633174778,False
hpmcounter7,normal,test_seed_3,291,0,9.896064649292422,139.97544633174778,False
hpmcounter7,normal,test_seed_4,291,0,13.294678789102218,139.97544633174778,False
hpmcounter7,normal,test_seed_5,291,0,15.429434990114428,139.97544633174778,False
hpmcounter7,normal,test_seed_6,291,0,15.719552396961896,139.97544633174778,False
hpmcounter7,normal,test_seed_7,291,0,14.410836669151855,139.97544633174778,False
hpmcounter7,normal,test_seed_8,291,0,11.364768549526753,139.97544633174778,False
hpmcounter7,normal,test_seed_9,291,0,14.038483623190777,139.97544633174778,False
hpmcounter7,replay,test_seed_1,291,0,13.280010509639023,139.97544633174778,False
hpmcounter7,replay,test_seed_10,291,0,13.275819609396253,139.97544633174778,False
hpmcounter7,replay,test_seed_11,291,0,10.65634630828259,139.97544633174778,False
hpmcounter7,replay,test_seed_12,291,0,17.528394883392735,139.97544633174778,False
hpmcounter7,replay,test_seed_13,291,0,10.813404656707885,139.97544633174778,False
hpmcounter7,replay,test_seed_14,291,0,19.44137878999442,139.97544633174778,False
hpmcounter7,replay,test_seed_15,291,0,16.874217406595957,139.97544633174778,False
hpmcounter7,replay,test_seed_16,291,0,11.992157566008691,139.97544633174778,False
hpmcounter7,replay,test_seed_17,291,0,15.272156109535144,139.97544633174778,False
hpmcounter7,replay,test_seed_18,291,0,10.21895393203145,139.97544633174778,False
hpmcounter7,replay,test_seed_19,291,0,8.470096022870775,139.97544633174778,False
hpmcounter7,replay,test_seed_2,291,0,12.881622877209484,139.97544633174778,False
hpmcounter7,replay,test_seed_20,291,0,5.090349644071077,139.97544633174778,False
hpmcounter7,replay,test_seed_3,291,0,17.337851034074355,139.97544633174778,False
hpmcounter7,replay,test_seed_4,291,0,13.423560321171474,139.97544633174778,False
hpmcounter7,replay,test_seed_5,291,0,7.255721530341222,139.97544633174778,False
hpmcounter7,replay,test_seed_6,291,0,14.96168931640296,139.97544633174778,False
hpmcounter7,replay,test_seed_7,291,0,14.96168931640296,139.97544633174778,False
hpmcounter7,replay,test_seed_8,291,0,14.96168931640296,139.97544633174778,False
hpmcounter7,replay,test_seed_9,291,0,14.96168931640296,139.97544633174778,False
hpmcounter8,drift,test_seed_1,291,0,17.90673237995099,210.3186740895653,False
hpmcounter8,drift,test_seed_10,291,0,18.86384695579718,210.3186740895653,False
hpmcounter8,drift,test_seed_11,291,0,16.721378264113376,210.3186740895653,False
hpmcounter8,drift,test_seed_12,291,0,17.203455785966128,210.3186740895653,False
hpmcounter8,drift,test_seed_13,291,0,21.235825253275788,210.3186740895653,False
hpmcounter8,drift,test_seed_14,291,0,15.02218614758518,210.3186740895653,False
hpmcounter8,drift,test_seed_15,291,0,19.62314360378389,210.3186740895653,False
hpmcounter8,drift,test_seed_16,291,0,20.046341482882436,210.3186740895653,False
hpmcounter8,drift,test_seed_17,291,0,20.34436105610617,210.3186740895653,False
hpmcounter8,drift,test_seed_18,291,0,13.281251118976252,210.3186740895653,False
hpmcounter8,drift,test_seed_19,291,0,14.42079772723204,210.3186740895653,False
hpmcounter8,drift,test_seed_2,291,0,13.767605343372953,210.3186740895653,False
hpmcounter8,drift,test_seed_20,291,0,16.46589746377327,210.3186740895653,False
hpmcounter8,drift,test_seed_3,291,0,21.76938352236592,210.3186740895653,False
hpmcounter8,drift,test_seed_4,291,0,18.60870103738976,210.3186740895653,False
hpmcounter8,drift,test_seed_5,291,0,18.526723580895357,210.3186740895653,False
hpmcounter8,drift,test_seed_6,291,0,24.534230704090454,210.3186740895653,False
hpmcounter8,drift,test_seed_7,291,0,15.50500621527882,210.3186740895653,False
hpmcounter8,drift,test_seed_8,291,0,13.593359422022091,210.3186740895653,False
hpmcounter8,drift,test_seed_9,291,0,19.728616145996376,210.3186740895653,False
hpmcounter8,jump,test_seed_1,291,0,20.85354357492149,210.3186740895653,False
hpmcounter8,jump,test_seed_10,291,0,31.50412376699541,210.3186740895653,False
hpmcounter8,jump,test_seed_11,291,0,14.620782974741052,210.3186740895653,False
hpmcounter8,jump,test_seed_12,291,0,23.176809325165607,210.3186740895653,False
hpmcounter8,jump,test_seed_13,291,0,15.75577614730605,210.3186740895653,False
hpmcounter8,jump,test_seed_14,291,0,17.975982727291516,210.3186740895653,False
hpmcounter8,jump,test_seed_15,291,0,16.90914339628364,210.3186740895653,False
hpmcounter8,jump,test_seed_16,291,0,23.407169223603827,210.3186740895653,False
hpmcounter8,jump,test_seed_17,291,0,17.73477998685142,210.3186740895653,False
hpmcounter8,jump,test_seed_18,291,0,23.90715620607541,210.3186740895653,False
hpmcounter8,jump,test_seed_19,291,0,15.309802202078814,210.3186740895653,False
hpmcounter8,jump,test_seed_2,291,0,20.73808118195653,210.3186740895653,False
hpmcounter8,jump,test_seed_20,291,0,21.661623268278287,210.3186740895653,False
hpmcounter8,jump,test_seed_3,291,0,24.077524762716184,210.3186740895653,False
hpmcounter8,jump,test_seed_4,291,0,26.564361852228195,210.3186740895653,False
hpmcounter8,jump,test_seed_5,291,0,19.75523665611127,210.3186740895653,False
hpmcounter8,jump,test_seed_6,291,0,17.695004931890683,210.3186740895653,False
hpmcounter8,jump,test_seed_7,291,0,22.69402769965,210.3186740895653,False
hpmcounter8,jump,test_seed_8,291,0,30.253672435730337,210.3186740895653,False
hpmcounter8,jump,test_seed_9,291,0,20.753413980950494,210.3186740895653,False
hpmcounter8,normal,test_seed_1,291,0,19.525056219303973,210.3186740895653,False
hpmcounter8,normal,test_seed_10,291,0,16.566140384845447,210.3186740895653,False
hpmcounter8,normal,test_seed_11,291,0,34.00618544461025,210.3186740895653,False
hpmcounter8,normal,test_seed_12,291,0,15.272292887030074,210.3186740895653,False
hpmcounter8,normal,test_seed_13,291,0,17.44592410325581,210.3186740895653,False
hpmcounter8,normal,test_seed_14,291,0,26.48013257807422,210.3186740895653,False
hpmcounter8,normal,test_seed_15,291,0,27.4904863647115,210.3186740895653,False
hpmcounter8,normal,test_seed_16,291,0,27.596651235532036,210.3186740895653,False
hpmcounter8,normal,test_seed_17,291,0,15.120081720752692,210.3186740895653,False
hpmcounter8,normal,test_seed_18,291,0,22.782267791794467,210.3186740895653,False
hpmcounter8,normal,test_seed_19,291,0,17.218568901134365,210.3186740895653,False
hpmcounter8,normal,test_seed_2,291,0,24.419396243006062,210.3186740895653,False
hpmcounter8,normal,test_seed_20,291,0,19.70586366654044,210.3186740895653,False
hpmcounter8,normal,test_seed_3,291,0,31.94552563964221,210.3186740895653,False
hpmcounter8,normal,test_seed_4,291,0,27.175750350594903,210.3186740895653,False
hpmcounter8,normal,test_seed_5,291,0,45.30123226828642,210.3186740895653,False
hpmcounter8,normal,test_seed_6,291,0,24.53042869966214,210.3186740895653,False
hpmcounter8,normal,test_seed_7,291,0,30.17290131606517,210.3186740895653,False
hpmcounter8,normal,test_seed_8,291,0,20.644234770908312,210.3186740895653,False
hpmcounter8,normal,test_seed_9,291,0,22.3107589585132,210.3186740895653,False
hpmcounter8,replay,test_seed_1,291,0,21.68676601628508,210.3186740895653,False
hpmcounter8,replay,test_seed_10,291,0,17.31646912158061,210.3186740895653,False
hpmcounter8,replay,test_seed_11,291,0,18.047318339830507,210.3186740895653,False
hpmcounter8,replay,test_seed_12,291,0,22.81747886465377,210.3186740895653,False
hpmcounter8,replay,test_seed_13,291,0,24.969745616616716,210.3186740895653,False
hpmcounter8,replay,test_seed_14,291,0,55.020758511901846,210.3186740895653,False
hpmcounter8,replay,test_seed_15,291,0,26.94567985982692,210.3186740895653,False
hpmcounter8,replay,test_seed_16,291,0,17.33555218937893,210.3186740895653,False
hpmcounter8,replay,test_seed_17,291,0,23.878547996705088,210.3186740895653,False
hpmcounter8,replay,test_seed_18,291,0,14.462681407292216,210.3186740895653,False
hpmcounter8,replay,test_seed_19,291,0,21.622524884769003,210.3186740895653,False
hpmcounter8,replay,test_seed_2,291,0,43.49178734081133,210.3186740895653,False
hpmcounter8,replay,test_seed_20,291,0,25.837163767429026,210.3186740895653,False
hpmcounter8,replay,test_seed_3,291,0,27.490082666946023,210.3186740895653,False
hpmcounter8,replay,test_seed_4,291,0,18.47196090540759,210.3186740895653,False
hpmcounter8,replay,test_seed_5,291,0,30.277489635548367,210.3186740895653,False
hpmcounter8,replay,test_seed_6,291,0,24.165633641971457,210.3186740895653,False
hpmcounter8,replay,test_seed_7,291,0,24.165633641971457,210.3186740895653,False
hpmcounter8,replay,test_seed_8,291,0,24.165633641971457,210.3186740895653,False
hpmcounter8,replay,test_seed_9,291,0,24.165633641971457,210.3186740895653,False
hpmcounter9,drift,test_seed_1,291,0,16.65647092205055,165.14037238157442,False
hpmcounter9,drift,test_seed_10,291,0,11.291352241780652,165.14037238157442,False
hpmcounter9,drift,test_seed_11,291,0,8.66629254504256,165.14037238157442,False
hpmcounter9,drift,test_seed_12,291,0,8.562951307171904,165.14037238157442,False
hpmcounter9,drift,test_seed_13,291,0,10.770688247346175,165.14037238157442,False
hpmcounter9,drift,test_seed_14,291,0,13.193723128642072,165.14037238157442,False
hpmcounter9,drift,test_seed_15,291,0,14.596238861401517,165.14037238157442,False
hpmcounter9,drift,test_seed_16,291,0,12.99929914592773,165.14037238157442,False
hpmcounter9,drift,test_seed_17,291,0,15.682563129482418,165.14037238157442,False
hpmcounter9,drift,test_seed_18,291,0,9.668925850044428,165.14037238157442,False
hpmcounter9,drift,test_seed_19,291,0,12.568529027805708,165.14037238157442,False
hpmcounter9,drift,test_seed_2,291,0,7.875481138458536,165.14037238157442,False
hpmcounter9,drift,test_seed_20,291,0,12.34064126889942,165.14037238157442,False
hpmcounter9,drift,test_seed_3,291,0,10.788520684928269,165.14037238157442,False
hpmcounter9,drift,test_seed_4,291,0,13.590115735591937,165.14037238157442,False
hpmcounter9,drift,test_seed_5,291,0,12.892853962084653,165.14037238157442,False
hpmcounter9,drift,test_seed_6,291,0,12.40835865878576,165.14037238157442,False
hpmcounter9,drift,test_seed_7,291,0,12.88546461953729,165.14037238157442,False
hpmcounter9,drift,test_seed_8,291,0,8.932107265350734,165.14037238157442,False
hpmcounter9,drift,test_seed_9,291,0,8.9838058637652,165.14037238157442,False
hpmcounter9,jump,test_seed_1,291,0,14.928888884615786,165.14037238157442,False
hpmcounter9,jump,test_seed_10,291,0,14.08011368389384,165.14037238157442,False
hpmcounter9,jump,test_seed_11,291,0,14.383483760908875,165.14037238157442,False
hpmcounter9,jump,test_seed_12,291,0,12.635731146907546,165.14037238157442,False
hpmcounter9,jump,test_seed_13,291,0,12.394323575466004,165.14037238157442,False
hpmcounter9,jump,test_seed_14,291,0,16.052203530534726,165.14037238157442,False
hpmcounter9,jump,test_seed_15,291,0,9.025478119135416,165.14037238157442,False
hpmcounter9,jump,test_seed_16,291,0,13.631809353589988,165.14037238157442,False
hpmcounter9,jump,test_seed_17,291,0,17.313055719413622,165.14037238157442,False
hpmcounter9,jump,test_seed_18,291,0,14.077457449118269,165.14037238157442,False
hpmcounter9,jump,test_seed_19,291,0,15.553254487680826,165.14037238157442,False
hpmcounter9,jump,test_seed_2,291,0,9.24422100746006,165.14037238157442,False
hpmcounter9,jump,test_seed_20,291,0,15.242898529233306,165.14037238157442,False
hpmcounter9,jump,test_seed_3,291,0,15.49409374409175,165.14037238157442,False
hpmcounter9,jump,test_seed_4,291,0,8.423160494520289,165.14037238157442,False
hpmcounter9,jump,test_seed_5,291,0,10.162327209166524,165.14037238157442,False
hpmcounter9,jump,test_seed_6,291,0,8.99480787416751,165.14037238157442,False
hpmcounter9,jump,test_seed_7,291,0,10.83172954923628,165.14037238157442,False
hpmcounter9,jump,test_seed_8,291,0,11.98833351022336,165.14037238157442,False
hpmcounter9,jump,test_seed_9,291,0,17.80580061073946,165.14037238157442,False
hpmcounter9,normal,test_seed_1,291,0,13.514272122277514,165.14037238157442,False
hpmcounter9,normal,test_seed_10,291,0,9.123483524196368,165.14037238157442,False
hpmcounter9,normal,test_seed_11,291,0,22.04185458953672,165.14037238157442,False
hpmcounter9,normal,test_seed_12,291,0,9.511232231416503,165.14037238157442,False
hpmcounter9,normal,test_seed_13,291,0,13.144081606457062,165.14037238157442,False
hpmcounter9,normal,test_seed_14,291,0,12.663760529527025,165.14037238157442,False
hpmcounter9,normal,test_seed_15,291,0,14.123841905173109,165.14037238157442,False
hpmcounter9,normal,test_seed_16,291,0,8.614761390730724,165.14037238157442,False
hpmcounter9,normal,test_seed_17,291,0,9.061577128210876,165.14037238157442,False
hpmcounter9,normal,test_seed_18,291,0,10.635872351157444,165.14037238157442,False
hpmcounter9,normal,test_seed_19,291,0,9.318972978133846,165.14037238157442,False
hpmcounter9,normal,test_seed_2,291,0,10.630070568351652,165.14037238157442,False
hpmcounter9,normal,test_seed_20,291,0,9.948789541133165,165.14037238157442,False
hpmcounter9,normal,test_seed_3,291,0,17.467892978623592,165.14037238157442,False
hpmcounter9,normal,test_seed_4,291,0,15.032673786673378,165.14037238157442,False
hpmcounter9,normal,test_seed_5,291,0,23.929729035835106,165.14037238157442,False
hpmcounter9,normal,test_seed_6,291,0,12.37164896920734,165.14037238157442,False
hpmcounter9,normal,test_seed_7,291,0,16.381206015622602,165.14037238157442,False
hpmcounter9,normal,test_seed_8,291,0,13.022993526760304,165.14037238157442,False
hpmcounter9,normal,test_seed_9,291,0,10.545084639007136,165.14037238157442,False
hpmcounter9,replay,test_seed_1,291,0,11.809147703100829,165.14037238157442,False
hpmcounter9,replay,test_seed_10,291,0,7.871098499887775,165.14037238157442,False
hpmcounter9,replay,test_seed_11,291,0,15.216084215510406,165.14037238157442,False
hpmcounter9,replay,test_seed_12,291,0,12.544977303776191,165.14037238157442,False
hpmcounter9,replay,test_seed_13,291,0,15.084894769737891,165.14037238157442,False
hpmcounter9,replay,test_seed_14,291,0,23.20238391426653,165.14037238157442,False
hpmcounter9,replay,test_seed_15,291,0,16.255341584274348,165.14037238157442,False
hpmcounter9,replay,test_seed_16,291,0,11.752275008956731,165.14037238157442,False
hpmcounter9,replay,test_seed_17,291,0,13.35366031422589,165.14037238157442,False
hpmcounter9,replay,test_seed_18,291,0,8.958381722064118,165.14037238157442,False
hpmcounter9,replay,test_seed_19,291,0,10.983718693539688,165.14037238157442,False
hpmcounter9,replay,test_seed_2,291,0,13.431531357482855,165.14037238157442,False
hpmcounter9,replay,test_seed_20,291,0,6.947860233591013,165.14037238157442,False
hpmcounter9,replay,test_seed_3,291,0,8.83765920693808,165.14037238157442,False
hpmcounter9,replay,test_seed_4,291,0,21.905299487701893,165.14037238157442,False
hpmcounter9,replay,test_seed_5,291,0,13.942082777883549,165.14037238157442,False
hpmcounter9,replay,test_seed_6,291,0,12.143024557641562,165.14037238157442,False
hpmcounter9,replay,test_seed_7,291,0,12.143024557641562,165.14037238157442,False
hpmcounter9,replay,test_seed_8,291,0,12.143024557641562,165.14037238157442,False
hpmcounter9,replay,test_seed_9,291,0,12.143024557641562,165.14037238157442,False
