counter,seed,max_D,num_windows
hpmcounter10,test_seed_1,64.27921302170215,282
hpmcounter10,test_seed_10,81.89492660138782,282
hpmcounter10,test_seed_11,161.12730553810127,282
hpmcounter10,test_seed_12,116.74321959152606,282
hpmcounter10,test_seed_13,103.65031402559326,282
hpmcounter10,test_seed_14,84.45504309681337,282
hpmcounter10,test_seed_15,64.02100310525776,282
hpmcounter10,test_seed_16,75.54458850357807,282
hpmcounter10,test_seed_17,90.00898814037777,282
hpmcounter10,test_seed_18,55.90389154895037,282
hpmcounter10,test_seed_19,180.4120323291258,282
hpmcounter10,test_seed_2,122.26007677265368,282
hpmcounter10,test_seed_20,67.15483676083146,282
hpmcounter10,test_seed_3,133.58917238657648,282
hpmcounter10,test_seed_4,64.82361389090927,282
hpmcounter10,test_seed_5,236.31335484677146,282
hpmcounter10,test_seed_6,105.10956019594094,282
hpmcounter10,test_seed_7,63.06427939784758,282
hpmcounter10,test_seed_8,96.27667520024576,282
hpmcounter10,test_seed_9,59.575938312105436,282
hpmcounter3,test_seed_1,89.8358491746622,282
hpmcounter3,test_seed_10,83.12138662177094,282
hpmcounter3,test_seed_11,78.42762332718084,282
hpmcounter3,test_seed_12,63.75882687386777,282
hpmcounter3,test_seed_13,54.40154445957827,282
hpmcounter3,test_seed_14,87.10009974508469,282
hpmcounter3,test_seed_15,87.53115087657547,282
hpmcounter3,test_seed_16,95.97571544504724,282
hpmcounter3,test_seed_17,76.11689881475174,282
hpmcounter3,test_seed_18,188.01253183420465,282
hpmcounter3,test_seed_19,178.63847718723852,282
hpmcounter3,test_seed_2,120.57185788858737,282
hpmcounter3,test_seed_20,97.52701501048756,282
hpmcounter3,test_seed_3,217.45002603352606,282
hpmcounter3,test_seed_4,129.31032396735012,282
hpmcounter3,test_seed_5,72.8272058852116,282
hpmcounter3,test_seed_6,78.41020160375786,282
hpmcounter3,test_seed_7,62.94653797247398,282
hpmcounter3,test_seed_8,149.8360806467223,282
hpmcounter3,test_seed_9,173.89841655574935,282
hpmcounter4,test_seed_1,153.83238684596023,282
hpmcounter4,test_seed_10,262.40093823884064,282
hpmcounter4,test_seed_11,989.9654125550804,282
hpmcounter4,test_seed_12,157.82508729200075,282
hpmcounter4,test_seed_13,179.39058706731865,282
hpmcounter4,test_seed_14,310.7588748341473,282
hpmcounter4,test_seed_15,156.83102265893086,282
hpmcounter4,test_seed_16,76.40195796573849,282
hpmcounter4,test_seed_17,114.26692917635245,282
hpmcounter4,test_seed_18,164.6124105883035,282
hpmcounter4,test_seed_19,350.5276173562264,282
hpmcounter4,test_seed_2,156.36789450244032,282
hpmcounter4,test_seed_20,211.9959947103135,282
hpmcounter4,test_seed_3,144.60337001297296,282
hpmcounter4,test_seed_4,154.43922694076068,282
hpmcounter4,test_seed_5,642.4220623713065,282
hpmcounter4,test_seed_6,139.9606979226175,282
hpmcounter4,test_seed_7,214.7656914647626,282
hpmcounter4,test_seed_8,126.9499535607974,282
hpmcounter4,test_seed_9,303.59391289743536,282
hpmcounter5,test_seed_1,52.17971677153355,282
hpmcounter5,test_seed_10,87.48924769653105,282
hpmcounter5,test_seed_11,51.00085774417023,282
hpmcounter5,test_seed_12,50.02545944204551,282
hpmcounter5,test_seed_13,54.184354605929194,282
hpmcounter5,test_seed_14,40.711323515302496,282
hpmcounter5,test_seed_15,60.18284038419123,282
hpmcounter5,test_seed_16,48.39794468383608,282
hpmcounter5,test_seed_17,41.91214700111405,282
hpmcounter5,test_seed_18,46.360527590537046,282
hpmcounter5,test_seed_19,75.34447371843767,282
hpmcounter5,test_seed_2,58.48295490123217,282
hpmcounter5,test_seed_20,169.90422757172468,282
hpmcounter5,test_seed_3,33.96245472337095,282
hpmcounter5,test_seed_4,38.63982501473161,282
hpmcounter5,test_seed_5,117.26631103233511,282
hpmcounter5,test_seed_6,52.623306536128105,282
hpmcounter5,test_seed_7,95.60815192335386,282
hpmcounter5,test_seed_8,44.11744802087948,282
hpmcounter5,test_seed_9,50.23957179473919,282
hpmcounter6,test_seed_1,98.41453350293342,282
hpmcounter6,test_seed_10,70.92495570170712,282
hpmcounter6,test_seed_11,162.371293635598,282
hpmcounter6,test_seed_12,126.07849346453354,282
hpmcounter6,test_seed_13,69.0932175941085,282
hpmcounter6,test_seed_14,89.36100044347752,282
hpmcounter6,test_seed_15,84.99742579486461,282
hpmcounter6,test_seed_16,143.34168667215238,282
hpmcounter6,test_seed_17,68.88264800609085,282
hpmcounter6,test_seed_18,80.71699754220774,282
hpmcounter6,test_seed_19,179.36692447986348,282
hpmcounter6,test_seed_2,136.4244161846413,282
hpmcounter6,test_seed_20,119.11669351356487,282
hpmcounter6,test_seed_3,125.45292256494264,282
hpmcounter6,test_seed_4,68.62513491212796,282
hpmcounter6,test_seed_5,149.87765089058175,282
hpmcounter6,test_seed_6,69.6586528342527,282
hpmcounter6,test_seed_7,111.5325058043706,282
hpmcounter6,test_seed_8,101.27091101946546,282
hpmcounter6,test_seed_9,51.84451920980561,282
hpmcounter7,test_seed_1,60.12035050718538,282
hpmcounter7,test_seed_10,55.183077755562834,282
hpmcounter7,test_seed_11,137.99970697025364,282
hpmcounter7,test_seed_12,40.483658359624954,282
hpmcounter7,test_seed_13,55.88648760525296,282
hpmcounter7,test_seed_14,81.21198707175088,282
hpmcounter7,test_seed_15,43.137224223939505,282
hpmcounter7,test_seed_16,45.80371716854809,282
hpmcounter7,test_seed_17,29.265044328488404,282
hpmcounter7,test_seed_18,136.63711466426685,282
hpmcounter7,test_seed_19,53.46885244550145,282
hpmcounter7,test_seed_2,47.887575238592326,282
hpmcounter7,test_seed_20,71.34251349187416,282
hpmcounter7,test_seed_3,44.721497139462045,282
hpmcounter7,test_seed_4,49.62584315504726,282
hpmcounter7,test_seed_5,177.51449420013554,282
hpmcounter7,test_seed_6,65.34011555109976,282
hpmcounter7,test_seed_7,126.91103414824569,282
hpmcounter7,test_seed_8,96.77365554358859,282
hpmcounter7,test_seed_9,46.41876602271958,282
hpmcounter8,test_seed_1,77.84081002701498,282
hpmcounter8,test_seed_10,87.0959634402209,282
hpmcounter8,test_seed_11,157.54778936742179,282
hpmcounter8,test_seed_12,118.75476132656439,282
hpmcounter8,test_seed_13,116.78409520880703,282
hpmcounter8,test_seed_14,120.40492390627598,282
hpmcounter8,test_seed_15,74.4587492267787,282
hpmcounter8,test_seed_16,99.64265725672799,282
hpmcounter8,test_seed_17,94.08280958835789,282
hpmcounter8,test_seed_18,83.33126790514314,282
hpmcounter8,test_seed_19,213.9448156893411,282
hpmcounter8,test_seed_2,111.78236794872284,282
hpmcounter8,test_seed_20,96.37444728450234,282
hpmcounter8,test_seed_3,164.29600944231368,282
hpmcounter8,test_seed_4,73.71232695757189,282
hpmcounter8,test_seed_5,210.1278245316823,282
hpmcounter8,test_seed_6,94.9747934795883,282
hpmcounter8,test_seed_7,126.98296312312313,282
hpmcounter8,test_seed_8,95.65324296771735,282
hpmcounter8,test_seed_9,45.3824373746247,282
hpmcounter9,test_seed_1,103.16982040580449,282
hpmcounter9,test_seed_10,52.406036735898546,282
hpmcounter9,test_seed_11,179.08798520052494,282
hpmcounter9,test_seed_12,70.79810285564741,282
hpmcounter9,test_seed_13,63.11843887531429,282
hpmcounter9,test_seed_14,74.25859770794291,282
hpmcounter9,test_seed_15,50.539803410954804,282
hpmcounter9,test_seed_16,61.605761079889284,282
hpmcounter9,test_seed_17,58.576390325996066,282
hpmcounter9,test_seed_18,61.01134582902333,282
hpmcounter9,test_seed_19,84.46385168825202,282
hpmcounter9,test_seed_2,103.72833477420333,282
hpmcounter9,test_seed_20,75.57440909837041,282
hpmcounter9,test_seed_3,99.91057973649598,282
hpmcounter9,test_seed_4,45.18070743998461,282
hpmcounter9,test_seed_5,164.4062874963665,282
hpmcounter9,test_seed_6,97.31453751664111,282
hpmcounter9,test_seed_7,68.74172405257025,282
hpmcounter9,test_seed_8,90.99860978616493,282
hpmcounter9,test_seed_9,95.38705294612183,282
