t,attack_active,innovation_norm,nis,anis,nis_alarm,anis_alarm,p_trace,invert_ok,filt_x,filt_y,filt_z,true_x,true_y,true_z,spoof_error
1,0,13.946923,0.000000,0.000000,0,0,63.640557,1,4180484.6164,851792.3960,4725997.2451,4180483.8852,851790.4574,4726000.1391,14.6480
2,0,9.735797,0.000000,0.000000,0,0,73.262077,1,4180482.6879,851789.6140,4725994.3205,4180483.1551,851790.3086,4726000.8072,11.5716
3,0,7.248823,0.000000,0.000000,0,0,75.251973,1,4180479.8435,851788.1743,4725994.8005,4180482.4250,851790.1598,4726001.4754,5.7089
4,0,5.877736,0.000000,0.000000,0,0,71.458623,1,4180477.7164,851789.6957,4725994.8743,4180481.6948,851790.0111,4726002.1435,7.4149
5,0,13.633310,0.000000,0.000000,0,0,65.644287,1,4180470.9157,851792.3707,4725995.9244,4180480.9647,851789.8623,4726002.8117,17.5057
6,0,13.477555,0.000000,0.000000,0,0,59.749003,1,4180471.5538,851792.0699,4725999.2155,4180480.2346,851789.7135,4726003.4798,4.5720
7,0,14.213714,0.000000,0.000000,0,0,54.435752,1,4180473.3197,851789.6633,4726001.6607,4180479.5045,851789.5648,4726004.1480,4.6898
8,0,12.386788,0.000000,0.000000,0,0,49.837005,1,4180471.5767,851791.9606,4725999.1089,4180478.7744,851789.4160,4726004.8161,16.4725
9,0,11.279907,0.000000,0.000000,0,0,45.907336,1,4180472.2946,851791.2586,4726001.6665,4180478.0442,851789.2672,4726005.4843,2.4226
10,0,32.682828,0.000000,0.000000,0,0,42.555987,1,4180472.5925,851791.3871,4725993.4794,4180477.3141,851789.1185,4726006.1525,36.4480
11,0,9.904907,0.000000,0.000000,0,0,39.691521,1,4180472.6701,851790.3579,4725994.9944,4180476.5840,851788.9697,4726006.8206,5.9349
12,0,16.891062,0.000000,0.000000,0,0,37.234593,1,4180474.7276,851788.4447,4725997.1718,4180475.8539,851788.8209,4726007.4888,9.1765
13,0,11.952496,0.000000,0.000000,0,0,35.119808,1,4180471.7383,851788.4657,4725995.6476,4180475.1237,851788.6722,4726008.1569,20.6824
14,0,22.910547,0.000000,0.000000,0,0,33.294196,1,4180469.7360,851790.9498,4725999.4385,4180474.3936,851788.5234,4726008.8251,15.2079
15,0,7.627251,0.000000,0.000000,0,0,31.714948,1,4180469.7583,851790.4454,4725998.3973,4180473.6635,851788.3746,4726009.4932,15.8598
16,0,11.179781,0.000000,0.000000,0,0,30.347273,1,4180468.5042,851790.2740,4725996.3518,4180472.9334,851788.2259,4726010.1614,23.5236
17,0,19.313677,0.000000,0.000000,0,0,29.162617,1,4180468.7556,851787.7883,4725998.8605,4180472.2032,851788.0771,4726010.8295,9.4638
18,0,23.382572,0.000000,0.000000,0,0,28.137250,1,4180467.4218,851789.2899,4726002.7020,4180471.4731,851787.9283,4726011.4977,13.7077
19,0,11.689040,0.000000,0.000000,0,0,27.251173,1,4180466.7819,851786.8535,4726003.0309,4180470.7430,851787.7796,4726012.1658,14.2075
20,0,12.316573,0.000000,0.000000,0,0,26.487297,1,4180466.5916,851785.6232,4726005.1841,4180470.0129,851787.6308,4726012.8340,5.9810
21,0,8.177168,0.000000,0.000000,0,0,25.830822,1,4180467.3582,851785.4634,4726006.0037,4180469.2828,851787.4820,4726013.5021,7.2591
22,0,15.806424,0.000000,0.000000,0,0,25.268773,1,4180467.7376,851785.0903,4726008.8220,4180468.5526,851787.3333,4726014.1703,8.3067
23,0,10.244688,0.000000,0.000000,0,0,24.789667,1,4180466.9255,851786.5839,4726009.6743,4180467.8225,851787.1845,4726014.8384,8.9046
24,0,5.956708,0.000000,0.000000,0,0,24.383269,1,4180465.4062,851786.4703,4726009.9772,4180467.0924,851787.0357,4726015.5066,9.8098
25,0,12.482639,0.000000,0.000000,0,0,24.040413,1,4180464.0740,851786.1479,4726012.3510,4180466.3623,851786.8870,4726016.1747,8.4241
26,0,9.422061,0.000000,0.000000,0,0,23.752877,1,4180461.6586,851785.9256,4726013.2526,4180465.6321,851786.7382,4726016.8429,12.0012
27,0,12.187257,0.000000,0.000000,0,0,23.513285,1,4180461.2942,851786.5050,4726012.4830,4180464.9020,851786.5895,4726017.5110,15.0076
28,0,8.257021,0.000000,0.000000,0,0,23.315038,1,4180461.6516,851786.0591,4726013.8408,4180464.1719,851786.4407,4726018.1792,3.2612
29,0,3.043639,0.000000,0.000000,0,0,23.152247,1,4180461.0907,851785.5513,4726014.2543,4180463.4418,851786.2919,4726018.8473,7.1495
30,0,18.217126,0.000000,0.000000,0,0,23.019684,1,4180461.0977,851787.3321,4726016.8761,4180462.7116,851786.1432,4726019.5155,13.9748
31,0,6.377979,0.000000,0.000000,0,0,22.912730,1,4180461.4384,851787.5019,4726017.2410,4180461.9815,851785.9944,4726020.1836,7.4009
32,0,14.284511,0.000000,0.000000,0,0,22.827326,1,4180461.4389,851789.0279,4726016.5327,4180461.2514,851785.8456,4726020.8518,17.4346
33,0,7.072967,0.000000,0.000000,0,0,22.759925,1,4180461.5607,851789.4034,4726018.0560,4180460.5213,851785.6969,4726021.5199,6.2330
34,0,25.167266,0.000000,0.000000,0,0,22.707448,1,4180461.5440,851790.0532,4726022.1314,4180459.7911,851785.5481,4726022.1881,22.8257
35,0,5.610381,0.000000,0.000000,0,0,22.667235,1,4180461.9132,851790.8482,4726023.4231,4180459.0610,851785.3993,4726022.8563,10.4198
36,0,5.572329,0.000000,0.000000,0,0,22.637007,1,4180461.7120,851790.1625,4726024.6106,4180458.3309,851785.2506,4726023.5244,4.4611
37,0,14.338791,0.000000,0.000000,0,0,22.614819,1,4180460.2430,851789.9645,4726027.2946,4180457.6008,851785.1018,4726024.1926,14.6156
38,0,6.231713,0.000000,0.000000,0,0,22.599026,1,4180459.0973,851789.3584,4726028.7148,4180456.8706,851784.9530,4726024.8607,5.9089
39,0,3.497201,0.000000,0.000000,0,0,22.588247,1,4180458.1365,851789.4073,4726029.5722,4180456.1405,851784.8043,4726025.5289,4.9353
40,0,13.466424,0.000000,0.000000,0,0,22.581332,1,4180456.0916,851787.6168,4726031.0193,4180455.4104,851784.6555,4726026.1970,10.7275
41,0,4.563060,0.000000,0.000000,0,0,22.577332,1,4180455.8169,851787.9324,4726031.7533,4180454.6803,851784.5067,4726026.8652,6.4674
42,0,14.360647,0.000000,0.000000,0,0,22.575473,1,4180455.1050,851785.7465,4726033.9824,4180453.9501,851784.3580,4726027.5333,15.9750
43,0,20.198175,0.000000,0.000000,0,0,22.575131,1,4180453.3555,851786.1584,4726032.6999,4180453.2200,851784.2092,4726028.2015,13.8072
44,0,10.245378,0.000000,0.000000,0,0,22.575809,1,4180451.9409,851785.7153,4726032.4781,4180452.4899,851784.0604,4726028.8696,5.8528
45,0,4.909783,0.000000,0.000000,0,0,22.577119,1,4180450.5656,851785.9882,4726033.7669,4180451.7598,851783.9117,4726029.5378,8.6723
46,0,14.058300,0.000000,0.000000,0,0,22.578766,1,4180450.2663,851785.0987,4726033.0018,4180451.0296,851783.7629,4726030.2059,8.9893
47,0,5.573428,0.000000,0.000000,0,0,22.580527,1,4180449.1408,851784.1183,4726033.3851,4180450.2995,851783.6141,4726030.8740,3.7981
48,0,12.032014,0.000000,0.000000,0,0,22.582243,1,4180449.2026,851783.5566,4726032.7643,4180449.5694,851783.4654,4726031.5422,9.0689
49,0,7.053151,0.000000,0.000000,0,0,22.583807,1,4180447.9307,851784.3773,4726033.4977,4180448.8393,851783.3166,4726032.2103,7.2653
50,0,4.936740,0.000000,0.000000,0,0,22.585148,1,4180447.4967,851784.2065,4726034.7982,4180448.1091,851783.1678,4726032.8785,6.0441
51,0,7.875620,0.000000,0.000000,0,0,22.586231,1,4180446.9554,851784.8659,4726036.3481,4180447.3790,851783.0191,4726033.5466,9.9666
52,0,30.111351,0.000000,0.000000,0,0,22.587040,1,4180443.6934,851784.2560,4726040.6680,4180446.6489,851782.8703,4726034.2148,32.8358
53,0,5.169951,0.000000,0.000000,0,0,22.587581,1,4180442.1015,851783.9339,4726042.2453,4180445.9187,851782.7215,4726034.8829,12.5974
54,0,21.669666,0.000000,0.000000,0,0,22.587869,1,4180441.7879,851784.7364,4726040.6283,4180445.1886,851782.5728,4726035.5511,14.4038
55,0,13.420951,0.000000,0.000000,0,0,22.587929,1,4180440.3215,851784.0602,4726039.8464,4180444.4585,851782.4240,4726036.2192,9.8146
56,0,1.878406,0.000000,0.000000,0,0,22.587793,1,4180439.1127,851784.1234,4726040.4906,4180443.7284,851782.2752,4726036.8874,6.6761
57,0,6.414263,0.000000,0.000000,0,0,22.587491,1,4180438.9644,851783.2814,4726041.1224,4180442.9982,851782.1265,4726037.5555,3.3315
58,0,6.178119,0.000000,0.000000,0,0,22.587057,1,4180438.6666,851782.2130,4726042.0797,4180442.2681,851781.9777,4726038.2237,6.3318
59,0,6.376202,0.000000,0.000000,0,0,22.586521,1,4180438.7917,851781.9782,4726043.2514,4180441.5380,851781.8289,4726038.8918,7.2093
60,0,10.150658,0.000000,0.000000,0,0,22.585914,1,4180437.5041,851781.5584,4726042.7702,4180440.8079,851781.6802,4726039.5600,7.6682
61,0,20.748122,0.000000,0.000000,0,0,22.585261,1,4180438.4896,851781.7698,4726045.8482,4180440.0777,851781.5314,4726040.2281,22.3405
62,0,19.327805,0.000000,0.000000,0,0,22.584586,1,4180439.5305,851781.1599,4726044.5155,4180439.3476,851781.3826,4726040.8963,13.6058
63,0,5.722659,0.000000,0.000000,0,0,22.583908,1,4180439.4028,851780.6838,4726044.5467,4180438.6175,851781.2339,4726041.5644,3.2195
64,0,7.459717,0.000000,0.000000,0,0,22.583243,1,4180437.7943,851781.0529,4726045.0733,4180437.8873,851781.0851,4726042.2326,6.3783
65,0,12.143863,0.000000,0.000000,0,0,22.582603,1,4180437.5783,851781.1194,4726044.1727,4180437.1572,851780.9363,4726042.9007,9.3831
66,0,14.078833,0.000000,0.000000,0,0,22.582000,1,4180434.9032,851780.6443,4726043.7362,4180436.4271,851780.7876,4726043.5689,12.9454
67,0,5.239124,0.000000,0.000000,0,0,22.581439,1,4180433.9555,851781.3224,4726044.0914,4180435.6970,851780.6388,4726044.2370,5.5700
68,0,11.794495,0.000000,0.000000,0,0,22.580924,1,4180434.8789,851781.2199,4726045.5187,4180434.9668,851780.4900,4726044.9052,10.2519
69,0,13.709664,0.000000,0.000000,0,0,22.580460,1,4180434.7322,851781.6776,4726044.3369,4180434.2367,851780.3413,4726045.5733,13.4560
70,0,9.601496,0.000000,0.000000,0,0,22.580045,1,4180435.0452,851781.4420,4726043.6655,4180433.5066,851780.1925,4726046.2414,11.1974
71,0,15.831544,0.000000,0.000000,0,0,22.579679,1,4180434.8080,851781.4247,4726046.0898,4180432.7764,851780.0437,4726046.9096,13.3479
72,0,15.392117,0.000000,0.000000,0,0,22.579361,1,4180434.6070,851781.4081,4726044.5588,4180432.0463,851779.8950,4726047.5777,16.8304
73,0,13.703308,0.000000,0.000000,0,0,22.579087,1,4180435.1860,851782.3893,4726046.3705,4180431.3162,851779.7462,4726048.2459,13.6278
74,0,7.609529,0.000000,0.000000,0,0,22.578854,1,4180434.5082,851783.0082,4726045.9537,4180430.5861,851779.5974,4726048.9140,10.8453
75,0,7.689922,0.000000,0.000000,0,0,22.578659,1,4180434.0093,851782.4534,4726045.4489,4180429.8559,851779.4487,4726049.5822,10.6198
76,0,21.727557,0.000000,0.000000,0,0,22.578498,1,4180433.1543,851782.2192,4726048.6132,4180429.1258,851779.2999,4726050.2503,17.2308
77,0,21.009878,0.000000,0.000000,0,0,22.578366,1,4180432.8047,851780.2068,4726046.7868,4180428.3957,851779.1511,4726050.9185,21.7180
78,0,7.393109,0.000000,0.000000,0,0,22.578261,1,4180431.4647,851779.6315,4726046.4984,4180427.6655,851779.0024,4726051.5866,9.4291
79,0,12.960689,0.000000,0.000000,0,0,22.578178,1,4180428.9091,851779.1165,4726046.0042,4180426.9354,851778.8536,4726052.2548,13.7163
80,0,11.354739,0.000000,0.000000,0,0,22.578114,1,4180427.2117,851779.6032,4726047.4551,4180426.2053,851778.7048,4726052.9229,6.0188
81,0,8.909588,0.000000,0.000000,0,0,22.578065,1,4180425.5516,851778.2363,4726048.3142,4180425.4752,851778.5561,4726053.5911,7.0242
82,0,24.579114,0.000000,0.000000,0,0,22.578030,1,4180426.2456,851777.5533,4726051.7095,4180424.7450,851778.4073,4726054.2592,19.5234
83,0,11.008209,0.000000,0.000000,0,0,22.578006,1,4180424.5264,851777.2059,4726053.5640,4180424.0149,851778.2585,4726054.9273,8.0548
84,0,13.013343,0.000000,0.000000,0,0,22.577989,1,4180422.9188,851777.1345,4726052.6366,4180423.2848,851778.1098,4726055.5955,14.0903
85,0,8.649764,0.000000,0.000000,0,0,22.577980,1,4180422.7077,851778.0717,4726052.7502,4180422.5546,851777.9610,4726056.2636,9.3131
86,0,18.082641,0.000000,0.000000,0,0,22.577975,1,4180422.0280,851777.4947,4726050.9200,4180421.8245,851777.8122,4726056.9318,21.7001
87,0,20.258100,0.000000,0.000000,0,0,22.577974,1,4180423.6715,851777.9045,4726053.2105,4180421.0944,851777.6635,4726057.5999,16.3256
88,0,28.274480,0.000000,0.000000,0,0,22.577975,1,4180422.9502,851777.8526,4726057.4408,4180420.3642,851777.5147,4726058.2681,23.7973
89,0,12.501372,0.000000,0.000000,0,0,22.577978,1,4180420.2086,851777.3519,4726057.7495,4180419.6341,851777.3659,4726058.9362,10.1765
90,0,7.218165,0.000000,0.000000,0,0,22.577982,1,4180419.1225,851777.8011,4726057.6796,4180418.9040,851777.2172,4726059.6044,8.0835
91,0,11.258576,0.000000,0.000000,0,0,22.577986,1,4180417.0633,851776.5402,4726059.2125,4180418.1739,851777.0684,4726060.2725,9.8421
92,0,18.610655,0.000000,0.000000,0,0,22.577990,1,4180417.2107,851777.1442,4726062.1872,4180417.4437,851776.9196,4726060.9406,17.1428
93,0,7.512140,0.000000,0.000000,0,0,22.577994,1,4180415.9566,851777.8479,4726063.7922,4180416.7136,851776.7709,4726061.6088,8.8464
94,0,8.008493,0.000000,0.000000,0,0,22.577998,1,4180415.0840,851776.8856,4726065.5719,4180415.9835,851776.6221,4726062.2769,9.5893
95,0,13.687295,0.000000,0.000000,0,0,22.578000,1,4180413.7714,851776.4132,4726064.8138,4180415.2533,851776.4733,4726062.9451,10.4243
96,0,12.598984,0.000000,0.000000,0,0,22.578003,1,4180414.7306,851776.1926,4726064.7597,4180414.5232,851776.3246,4726063.6132,10.0711
97,0,1.781811,0.000000,0.000000,0,0,22.578005,1,4180413.7291,851775.8246,4726065.5202,4180413.7931,851776.1758,4726064.2814,1.9039
98,0,10.675025,0.000000,0.000000,0,0,22.578006,1,4180411.4330,851774.6341,4726066.8159,4180413.0629,851776.0270,4726064.9495,11.5047
99,0,8.090496,0.000000,0.000000,0,0,22.578006,1,4180411.8248,851773.6889,4726067.5394,4180412.3328,851775.8783,4726065.6176,7.4956
100,0,10.636481,0.000000,0.000000,0,0,22.578007,1,4180410.6158,851771.6901,4726067.6877,4180411.6027,851775.7295,4726066.2858,12.1556
101,0,10.451665,0.000000,0.000000,0,0,22.578006,1,4180408.9976,851772.7467,4726067.9953,4180410.8725,851775.5807,4726066.9539,7.2790
102,0,4.659411,0.000000,0.000000,0,0,22.578006,1,4180408.4245,851771.5977,4726068.7885,4180410.1424,851775.4320,4726067.6221,7.4665
103,0,15.683740,0.000000,0.000000,0,0,22.578005,1,4180406.1198,851772.0924,4726071.1948,4180409.4123,851775.2832,4726068.2902,16.9014
104,0,13.582680,0.000000,0.000000,0,0,22.578004,1,4180404.6501,851773.1217,4726073.5107,4180408.6821,851775.1344,4726068.9584,15.8858
105,0,9.286900,0.000000,0.000000,0,0,22.578003,1,4180404.1949,851774.2899,4726073.9525,4180407.9520,851774.9857,4726069.6265,5.7230
106,0,18.129420,0.000000,0.000000,0,0,22.578002,1,4180403.4739,851772.4986,4726072.8586,4180407.2219,851774.8369,4726070.2946,14.9732
107,0,14.759197,0.000000,0.000000,0,0,22.578000,1,4180401.8734,851774.8476,4726073.6374,4180406.4917,851774.6881,4726070.9628,14.2780
108,0,16.564914,0.000000,0.000000,0,0,22.577999,1,4180401.5701,851773.5705,4726076.3313,4180405.7616,851774.5394,4726071.6309,18.5192
109,0,10.325849,0.000000,0.000000,0,0,22.577998,1,4180400.3529,851774.9659,4726078.0356,4180405.0315,851774.3906,4726072.2991,14.3795
110,0,9.340471,0.000000,0.000000,0,0,22.577997,1,4180400.3235,851774.2586,4726078.1564,4180404.3014,851774.2418,4726072.9672,3.3703
111,0,12.090204,0.000000,0.000000,0,0,22.577996,1,4180398.9777,851774.7816,4726080.5824,4180403.5712,851774.0931,4726073.6354,18.4009
112,0,17.606499,0.000000,0.000000,0,0,22.577995,1,4180399.7179,851775.5916,4726079.7221,4180402.8411,851773.9443,4726074.3035,9.8239
113,0,13.221875,0.000000,0.000000,0,0,22.577994,1,4180399.7985,851774.4118,4726079.2750,4180402.1110,851773.7955,4726074.9716,7.0132
114,0,13.713314,0.000000,0.000000,0,0,22.577993,1,4180400.1837,851776.5164,4726079.5819,4180401.3808,851773.6468,4726075.6398,13.0660
115,0,12.948210,0.000000,0.000000,0,0,22.577992,1,4180399.8257,851774.3965,4726080.0437,4180400.6507,851773.4980,4726076.3079,9.6471
116,0,20.753070,0.000000,0.000000,0,0,22.577992,1,4180398.5601,851772.8911,4726078.3165,4180399.9206,851773.3492,4726076.9761,17.1153
117,0,6.070235,0.000000,0.000000,0,0,22.577991,1,4180398.2884,851772.4240,4726079.6165,4180399.1904,851773.2004,4726077.6442,7.1107
118,0,12.794102,0.000000,0.000000,0,0,22.577991,1,4180397.6208,851772.3518,4726081.9197,4180398.4603,851773.0517,4726078.3123,14.7324
119,0,12.915253,0.000000,0.000000,0,0,22.577990,1,4180397.8793,851772.9782,4726084.1229,4180397.7302,851772.9029,4726078.9805,15.7921
120,0,14.259439,0.000000,0.000000,0,0,22.577990,1,4180397.4970,851771.9345,4726083.2107,4180397.0000,851772.7541,4726079.6486,9.4740
121,0,11.801931,0.000000,0.000000,0,0,22.577990,1,4180395.4434,851772.1996,4726082.9177,4180396.2699,851772.6054,4726080.3168,9.0036
122,0,12.140151,0.000000,0.000000,0,0,22.577990,1,4180395.3880,851772.8666,4726082.1495,4180395.5398,851772.4566,4726080.9849,9.5135
123,0,5.974163,0.000000,0.000000,0,0,22.577989,1,4180394.9622,851773.8508,4726082.6690,4180394.8096,851772.3078,4726081.6530,6.4904
124,0,11.627354,0.000000,0.000000,0,0,22.577989,1,4180395.1755,851773.3835,4726081.8387,4180394.0795,851772.1591,4726082.3212,10.6674
125,0,13.568210,0.000000,0.000000,0,0,22.577989,1,4180394.2249,851771.3972,4726083.3172,4180393.3493,851772.0103,4726082.9893,11.8944
126,0,15.044262,0.000000,0.000000,0,0,22.577989,1,4180393.0170,851772.5235,4726082.1826,4180392.6192,851771.8615,4726083.6575,14.3333
127,0,1.045654,0.000000,0.000000,0,0,22.577989,1,4180392.4270,851772.6160,4726082.5468,4180391.8891,851771.7128,4726084.3256,2.7409
128,0,10.063608,0.000000,0.000000,0,0,22.577989,1,4180392.0463,851771.6791,4726081.7922,4180391.1589,851771.5640,4726084.9937,11.6181
129,0,9.815589,0.000000,0.000000,0,0,22.577989,1,4180389.9885,851770.9868,4726081.4975,4180390.4288,851771.4152,4726085.6619,11.2121
130,0,3.000152,0.000000,0.000000,0,0,22.577989,1,4180389.5518,851770.5286,4726081.4953,4180389.6987,851771.2665,4726086.3300,7.0226
131,0,9.581379,0.000000,0.000000,0,0,22.577989,1,4180388.1993,851768.7072,4726081.9541,4180388.9685,851771.1177,4726086.9982,10.9180
132,0,5.744937,0.000000,0.000000,0,0,22.577989,1,4180387.9554,851767.5766,4726082.5997,4180388.2384,851770.9689,4726087.6663,7.5040
133,0,8.221281,0.000000,0.000000,0,0,22.577989,1,4180387.9048,851767.1471,4726083.8666,4180387.5083,851770.8202,4726088.3344,5.2468
134,0,25.118877,0.000000,0.000000,0,0,22.577989,1,4180386.7770,851769.6530,4726086.7197,4180386.7781,851770.6714,4726089.0026,18.8882
135,0,11.024206,0.000000,0.000000,0,0,22.577989,1,4180387.1574,851769.0480,4726088.4432,4180386.0480,851770.5226,4726089.6707,9.5188
136,0,6.028345,0.000000,0.000000,0,0,22.577989,1,4180386.1896,851769.4468,4726088.4682,4180385.3179,851770.3739,4726090.3389,6.1564
137,0,5.739600,0.000000,0.000000,0,0,22.577989,1,4180385.5303,851768.7617,4726089.6993,4180384.5877,851770.2251,4726091.0070,4.9477
138,0,15.335801,0.000000,0.000000,0,0,22.577989,1,4180386.3240,851767.5755,4726088.7450,4180383.8576,851770.0763,4726091.6751,17.4806
139,0,6.710062,0.000000,0.000000,0,0,22.577989,1,4180385.8063,851768.4833,4726089.1666,4180383.1275,851769.9276,4726092.3433,6.0881
140,0,9.632369,0.000000,0.000000,0,0,22.577989,1,4180385.3276,851768.9615,4726090.8529,4180382.3973,851769.7788,4726093.0114,6.6916
141,0,10.023507,0.000000,0.000000,0,0,22.577989,1,4180385.5309,851768.3920,4726092.6220,4180381.6672,851769.6300,4726093.6796,10.2207
142,0,7.259931,0.000000,0.000000,0,0,22.577989,1,4180384.5382,851767.8243,4726094.1078,4180380.9370,851769.4813,4726094.3477,6.2600
143,0,16.327354,0.000000,0.000000,0,0,22.577989,1,4180382.1645,851766.5659,4726096.3047,4180380.2069,851769.3325,4726095.0158,14.8271
144,0,16.550162,0.000000,0.000000,0,0,22.577989,1,4180380.1116,851768.3468,4726098.3419,4180379.4768,851769.1837,4726095.6840,14.7298
145,0,26.042700,0.000000,0.000000,0,0,22.577989,1,4180378.7239,851767.5777,4726095.8904,4180378.7466,851769.0349,4726096.3521,23.2578
146,0,17.779996,0.000000,0.000000,0,0,22.577989,1,4180377.8180,851766.1701,4726098.7369,4180378.0165,851768.8862,4726097.0202,18.0041
147,0,30.969104,0.000000,0.000000,0,0,22.577989,1,4180375.4575,851766.4548,4726095.6580,4180377.2864,851768.7374,4726097.6884,29.0943
148,0,9.433119,0.000000,0.000000,0,0,22.577989,1,4180374.4972,851767.8739,4726095.8961,4180376.5562,851768.5886,4726098.3565,8.3455
149,0,6.895487,0.000000,0.000000,0,0,22.577989,1,4180373.1483,851767.4774,4726097.2749,4180375.8261,851768.4399,4726099.0247,6.1694
150,1,20.539669,0.000000,0.000000,0,0,22.577989,1,4180373.4634,851767.3207,4726095.3500,4180375.0960,851768.2911,4726099.6928,21.4547
151,1,28.835717,0.000000,0.000000,0,0,22.577989,1,4180373.1632,851768.2796,4726099.4647,4180374.3658,851768.1423,4726100.3609,24.0040
152,1,5.198266,0.000000,0.000000,0,0,22.577989,1,4180372.7051,851768.3831,4726099.5245,4180373.6357,851767.9936,4726101.0291,5.7084
153,1,13.060985,0.000000,0.000000,0,0,22.577989,1,4180372.7680,851769.9268,4726099.0108,4180372.9055,851767.8448,4726101.6972,14.1645
154,1,8.859698,0.000000,0.000000,0,0,22.577989,1,4180372.1397,851768.6887,4726098.9997,4180372.1754,851767.6960,4726102.3653,8.8835
155,1,5.339891,0.000000,0.000000,0,0,22.577989,1,4180371.2535,851768.9529,4726098.8436,4180371.4453,851767.5473,4726103.0335,9.0094
156,1,10.981146,0.000000,0.000000,0,0,22.577989,1,4180370.2790,851769.9717,4726100.5623,4180370.7151,851767.3985,4726103.7016,8.7633
157,1,4.278480,0.000000,0.000000,0,0,22.577989,1,4180370.2491,851769.9592,4726101.2829,4180369.9850,851767.2497,4726104.3698,4.5281
158,1,3.625708,0.000000,0.000000,0,0,22.577989,1,4180369.8943,851770.0244,4726102.2620,4180369.2549,851767.1010,4726105.0379,3.3813
159,1,13.218031,0.000000,0.000000,0,0,22.577989,1,4180370.0608,851769.5671,4726104.4418,4180368.5247,851766.9522,4726105.7060,10.5447
160,1,6.019927,0.000000,0.000000,0,0,22.577989,1,4180369.1998,851769.7907,4726104.3940,4180367.7946,851766.8034,4726106.3742,7.8818
161,1,17.514669,0.000000,0.000000,0,0,22.577989,1,4180367.7980,851768.2085,4726106.9271,4180367.0644,851766.6547,4726107.0423,13.9277
162,1,6.546718,0.000000,0.000000,0,0,22.577989,1,4180367.4458,851768.0211,4726108.5415,4180366.3343,851766.5059,4726107.7104,6.8663
163,1,8.382442,0.000000,0.000000,0,0,22.577989,1,4180365.8095,851767.7284,4726108.5618,4180365.6042,851766.3571,4726108.3786,6.7859
164,1,13.753056,0.000000,0.000000,0,0,22.577989,1,4180363.2977,851767.1065,4726108.1247,4180364.8740,851766.2083,4726109.0467,13.1924
165,1,11.599821,0.000000,0.000000,0,0,22.577989,1,4180364.0159,851766.0827,4726108.0984,4180364.1439,851766.0596,4726109.7148,10.4290
166,1,13.128213,0.000000,0.000000,0,0,22.577989,1,4180364.1915,851765.8307,4726107.1551,4180363.4138,851765.9108,4726110.3830,14.5931
167,1,21.099733,0.000000,0.000000,0,0,22.577989,1,4180363.5812,851764.9077,4726110.4313,4180362.6836,851765.7620,4726111.0511,17.8760
168,1,28.437644,0.000000,0.000000,0,0,22.577989,1,4180361.7596,851764.0806,4726107.5271,4180361.9535,851765.6133,4726111.7192,28.8969
169,1,12.159512,0.000000,0.000000,0,0,22.577989,1,4180360.3979,851765.7624,4726108.4036,4180361.2233,851765.4645,4726112.3874,10.2615
170,1,4.326113,0.000000,0.000000,0,0,22.577989,1,4180358.8370,851765.8096,4726109.0526,4180360.4932,851765.3157,4726113.0555,5.9798
171,1,27.632885,0.000000,0.000000,0,0,22.577989,1,4180358.2200,851767.8810,4726112.8270,4180359.7631,851765.1670,4726113.7236,24.1894
172,1,14.241415,0.000000,0.000000,0,0,22.577989,1,4180359.1272,851768.9645,4726112.4269,4180359.0329,851765.0182,4726114.3918,15.1196
173,1,11.794315,0.000000,0.000000,0,0,22.577989,1,4180356.5857,851769.0528,4726113.8753,4180358.3028,851764.8694,4726115.0599,11.4448
174,1,10.097409,0.000000,0.000000,0,0,22.577989,1,4180356.0776,851768.2906,4726115.7066,4180357.5726,851764.7207,4726115.7281,7.3384
175,1,7.079193,0.000000,0.000000,0,0,22.577989,1,4180356.0442,851767.9161,4726117.1472,4180356.8425,851764.5719,4726116.3962,5.9047
176,1,14.393595,0.000000,0.000000,0,0,22.577989,1,4180355.2385,851766.9600,4726119.7460,4180356.1124,851764.4231,4726117.0643,14.4144
177,1,8.386090,0.000000,0.000000,0,0,22.577989,1,4180354.4017,851768.2635,4726121.1874,4180355.3822,851764.2744,4726117.7325,12.1925
178,1,9.107451,0.000000,0.000000,0,0,22.577989,1,4180353.8675,851768.6076,4726121.0158,4180354.6521,851764.1256,4726118.4006,7.6678
179,1,7.116606,0.000000,0.000000,0,0,22.577989,1,4180353.0836,851767.5279,4726121.5488,4180353.9219,851763.9768,4726119.0687,2.0208
180,1,8.617057,0.000000,0.000000,0,0,22.577989,1,4180353.1175,851768.7694,4726122.7840,4180353.1918,851763.8280,4726119.7369,12.3982
181,1,24.427428,0.000000,0.000000,0,0,22.577989,1,4180351.4538,851767.1647,4726120.8150,4180352.4617,851763.6793,4726120.4050,19.8173
182,1,5.658505,0.000000,0.000000,0,0,22.577989,1,4180351.5428,851767.2653,4726121.9099,4180351.7315,851763.5305,4726121.0731,6.7240
183,1,4.126498,0.000000,0.000000,0,0,22.577989,1,4180351.2134,851767.0076,4726123.1002,4180351.0014,851763.3817,4726121.7413,5.4199
184,1,12.239324,0.000000,0.000000,0,0,22.577989,1,4180351.1046,851766.4732,4726122.3419,4180350.2712,851763.2330,4726122.4094,10.7072
185,1,17.533753,0.000000,0.000000,0,0,22.577989,1,4180351.2028,851767.0019,4726120.7968,4180349.5411,851763.0842,4726123.0775,18.7683
186,1,12.814190,0.000000,0.000000,0,0,22.577989,1,4180350.1183,851765.1667,4726122.3069,4180348.8110,851762.9354,4726123.7457,7.8817
187,1,14.171517,0.000000,0.000000,0,0,22.577989,1,4180349.0014,851765.8659,4726124.5823,4180348.0808,851762.7867,4726124.4138,13.5640
188,1,9.010887,0.000000,0.000000,0,0,22.577989,1,4180347.7459,851764.7224,4726124.4584,4180347.3507,851762.6379,4726125.0819,6.9369
189,1,8.850755,0.000000,0.000000,0,0,22.577989,1,4180347.5002,851763.2545,4726125.7697,4180346.6205,851762.4891,4726125.7501,7.1628
190,1,10.585283,0.000000,0.000000,0,0,22.577989,1,4180345.3733,851763.7614,4726127.0901,4180345.8904,851762.3404,4726126.4182,10.1683
191,1,7.590673,0.000000,0.000000,0,0,22.577989,1,4180343.5996,851762.5220,4726127.9079,4180345.1603,851762.1916,4726127.0863,7.3246
192,1,15.136796,0.000000,0.000000,0,0,22.577989,1,4180343.2720,851759.4761,4726128.7967,4180344.4301,851762.0428,4726127.7545,14.8616
193,1,17.532622,0.000000,0.000000,0,0,22.577989,1,4180344.0613,851758.9747,4726127.5624,4180343.7000,851761.8940,4726128.4226,16.0766
194,1,7.946255,0.000000,0.000000,0,0,22.577989,1,4180344.4351,851759.1858,4726128.5491,4180342.9698,851761.7453,4726129.0907,6.6279
195,1,7.335711,0.000000,0.000000,0,0,22.577989,1,4180344.1368,851758.0363,4726128.3474,4180342.2397,851761.5965,4726129.7589,9.8758
196,1,8.298605,0.000000,0.000000,0,0,22.577989,1,4180342.1613,851757.1044,4726128.6823,4180341.5095,851761.4477,4726130.4270,8.8803
197,1,15.994437,0.000000,0.000000,0,0,22.577989,1,4180340.3632,851758.8348,4726130.1563,4180340.7794,851761.2990,4726131.0951,11.0836
198,1,7.574906,0.000000,0.000000,0,0,22.577989,1,4180340.4151,851757.3850,4726130.6091,4180340.0493,851761.1502,4726131.7632,9.7681
199,1,7.641025,0.000000,0.000000,0,0,22.577989,1,4180339.4854,851757.7734,4726131.9754,4180339.3191,851761.0014,4726132.4314,4.6553
200,1,11.099632,0.000000,0.000000,0,0,22.577989,1,4180337.9736,851757.1362,4726133.9807,4180338.5890,851760.8527,4726133.0995,11.5551
201,1,19.442191,0.000000,0.000000,0,0,22.577989,1,4180339.3728,851759.3490,4726134.2220,4180337.8588,851760.7039,4726133.7676,15.9292
202,1,7.479109,0.000000,0.000000,0,0,22.577989,1,4180337.7475,851759.5963,4726135.5059,4180337.1287,851760.5551,4726134.4358,6.3211
203,1,12.172631,0.000000,0.000000,0,0,22.577989,1,4180338.5671,851759.4150,4726135.1019,4180336.3986,851760.4064,4726135.1039,11.9037
204,1,9.728564,0.000000,0.000000,0,0,22.577989,1,4180338.5579,851758.7807,4726134.6145,4180335.6684,851760.2576,4726135.7720,10.9660
205,1,9.628562,0.000000,0.000000,0,0,22.577989,1,4180337.9897,851758.6856,4726133.9451,4180334.9383,851760.1088,4726136.4402,11.2127
206,1,4.721436,0.000000,0.000000,0,0,22.577989,1,4180336.6464,851758.3833,4726134.4929,4180334.2081,851759.9600,4726137.1083,3.4704
207,1,7.905792,0.000000,0.000000,0,0,22.577989,1,4180334.9045,851759.0203,4726134.8808,4180333.4780,851759.8113,4726137.7764,6.0715
208,1,10.008370,0.000000,0.000000,0,0,22.577989,1,4180333.3791,851760.0256,4726134.5306,4180332.7478,851759.6625,4726138.4446,11.3720
209,1,4.200597,0.000000,0.000000,0,0,22.577989,1,4180333.1852,851760.4759,4726135.1113,4180332.0177,851759.5137,4726139.1127,5.7421
210,1,11.025558,0.000000,0.000000,0,0,22.577989,1,4180332.4432,851758.9349,4726136.4435,4180331.2876,851759.3650,4726139.7808,8.0712
211,1,9.754588,0.000000,0.000000,0,0,22.577989,1,4180330.5462,851758.0950,4726137.7604,4180330.5574,851759.2162,4726140.4489,7.3790
212,1,8.026149,0.000000,0.000000,0,0,22.577989,1,4180329.0419,851758.2382,4726139.2430,4180329.8273,851759.0674,4726141.1171,5.6341
213,1,14.201345,0.000000,0.000000,0,0,22.577989,1,4180329.2690,851758.6017,4726141.5171,4180329.0971,851758.9187,4726141.7852,11.9485
214,1,7.972985,0.000000,0.000000,0,0,22.577989,1,4180327.7564,851758.2047,4726143.1542,4180328.3670,851758.7699,4726142.4533,7.8244
215,1,9.638041,0.000000,0.000000,0,0,22.577989,1,4180328.1099,851758.5852,4726143.1363,4180327.6368,851758.6211,4726143.1215,8.4076
216,1,13.630791,0.000000,0.000000,0,0,22.577989,1,4180326.2893,851757.6180,4726145.3741,4180326.9067,851758.4723,4726143.7896,13.5096
217,1,6.284225,0.000000,0.000000,0,0,22.577989,1,4180324.6630,851757.3901,4726146.8397,4180326.1766,851758.3236,4726144.4577,8.1965
218,1,18.160067,0.000000,0.000000,0,0,22.577989,1,4180324.4410,851756.7378,4726150.0548,4180325.4464,851758.1748,4726145.1259,20.5900
219,1,4.523052,0.000000,0.000000,0,0,22.577989,1,4180323.9332,851757.0434,4726151.5003,4180324.7163,851758.0260,4726145.7940,8.3623
220,1,8.869621,0.000000,0.000000,0,0,22.577989,1,4180322.9761,851757.6895,4726151.5889,4180323.9861,851757.8773,4726146.4621,4.1201
221,1,6.063093,0.000000,0.000000,0,0,22.577989,1,4180321.5221,851756.7457,4726152.3894,4180323.2560,851757.7285,4726147.1302,7.6468
222,1,10.534898,0.000000,0.000000,0,0,22.577989,1,4180321.0556,851756.6053,4726152.0424,4180322.5258,851757.5797,4726147.7984,4.7611
223,1,8.277847,0.000000,0.000000,0,0,22.577989,1,4180320.2578,851757.3411,4726153.8225,4180321.7957,851757.4310,4726148.4665,11.8497
224,1,24.550525,0.000000,0.000000,0,0,22.577989,1,4180319.4729,851757.4996,4726151.5617,4180321.0655,851757.2822,4726149.1346,18.9419
225,1,13.048766,0.000000,0.000000,0,0,22.577989,1,4180317.8816,851756.7389,4726150.7556,4180320.3354,851757.1334,4726149.8028,11.5059
226,1,12.544298,0.000000,0.000000,0,0,22.577989,1,4180318.0753,851754.7658,4726151.9150,4180319.6053,851756.9846,4726150.4709,12.1578
227,1,15.798005,0.000000,0.000000,0,0,22.577989,1,4180318.1817,851756.9049,4726151.7349,4180318.8751,851756.8359,4726151.1390,12.6782
228,1,11.872407,0.000000,0.000000,0,0,22.577989,1,4180318.0012,851758.1640,4726153.5169,4180318.1450,851756.6871,4726151.8071,12.2276
229,1,14.592719,0.000000,0.000000,0,0,22.577989,1,4180316.4916,851757.5975,4726152.4467,4180317.4148,851756.5383,4726152.4753,12.7001
230,1,14.061569,0.000000,0.000000,0,0,22.577989,1,4180315.9754,851758.0059,4726154.8390,4180316.6847,851756.3896,4726153.1434,14.1276
231,1,9.957250,0.000000,0.000000,0,0,22.577989,1,4180315.8877,851758.5372,4726156.7135,4180315.9545,851756.2408,4726153.8115,11.8942
232,1,8.000744,0.000000,0.000000,0,0,22.577989,1,4180314.4745,851758.7824,4726158.3895,4180315.2244,851756.0920,4726154.4797,11.1672
233,1,8.180835,0.000000,0.000000,0,0,22.577989,1,4180313.7091,851757.4811,4726158.8985,4180314.4942,851755.9433,4726155.1478,5.1509
234,1,22.090868,0.000000,0.000000,0,0,22.577989,1,4180313.2548,851757.7786,4726156.8231,4180313.7641,851755.7945,4726155.8159,18.4044
235,1,14.541594,0.000000,0.000000,0,0,22.577989,1,4180312.2934,851759.2353,4726159.0269,4180313.0339,851755.6457,4726156.4840,16.6070
236,1,7.543189,0.000000,0.000000,0,0,22.577989,1,4180311.5557,851758.4086,4726159.0556,4180312.3038,851755.4969,4726157.1522,3.1721
237,1,7.193868,0.000000,0.000000,0,0,22.577989,1,4180310.0717,851757.4771,4726159.4259,4180311.5737,851755.3482,4726157.8203,5.4133
238,1,5.285522,0.000000,0.000000,0,0,22.577989,1,4180308.4526,851756.9529,4726160.2247,4180310.8435,851755.1994,4726158.4884,6.6199
239,1,18.266659,0.000000,0.000000,0,0,22.577989,1,4180306.8537,851756.1154,4726158.6010,4180310.1134,851755.0506,4726159.1565,17.0690
240,1,5.819054,0.000000,0.000000,0,0,22.577989,1,4180306.5615,851755.9554,4726158.5131,4180309.3832,851754.9019,4726159.8247,5.3339
241,1,9.175548,0.000000,0.000000,0,0,22.577989,1,4180306.2722,851756.1006,4726160.0798,4180308.6531,851754.7531,4726160.4928,7.3983
242,1,14.883364,0.000000,0.000000,0,0,22.577989,1,4180304.6698,851755.4221,4726158.7810,4180307.9229,851754.6043,4726161.1609,16.0578
243,1,12.708316,0.000000,0.000000,0,0,22.577989,1,4180302.6576,851756.0175,4726160.5482,4180307.1928,851754.4556,4726161.8291,13.2315
244,1,11.985653,0.000000,0.000000,0,0,22.577989,1,4180303.6662,851756.3132,4726160.5759,4180306.4626,851754.3068,4726162.4972,9.0112
245,1,16.946767,0.000000,0.000000,0,0,22.577989,1,4180303.5617,851755.3684,4726163.1281,4180305.7325,851754.1580,4726163.1653,13.9587
246,1,11.153307,0.000000,0.000000,0,0,22.577989,1,4180301.0631,851755.3562,4726163.0214,4180305.0023,851754.0092,4726163.8334,13.2589
247,1,10.563003,0.000000,0.000000,0,0,22.577989,1,4180301.5424,851756.0598,4726162.8689,4180304.2722,851753.8605,4726164.5016,9.4894
248,1,17.357232,0.000000,0.000000,0,0,22.577989,1,4180302.5061,851756.5737,4726161.5287,4180303.5420,851753.7117,4726165.1697,18.1267
249,1,16.619515,0.000000,0.000000,0,0,22.577989,1,4180303.7288,851754.9486,4726160.6354,4180302.8119,851753.5629,4726165.8378,17.4736
250,1,9.910386,0.000000,0.000000,0,0,22.577989,1,4180303.9408,851753.8777,4726161.9605,4180302.0817,851753.4142,4726166.5059,6.3691
251,1,21.770030,0.000000,0.000000,0,0,22.577989,1,4180303.1334,851752.6278,4726165.0885,4180301.3516,851753.2654,4726167.1741,16.8783
252,1,18.859791,0.000000,0.000000,0,0,22.577989,1,4180303.6981,851752.4959,4726168.0315,4180300.6215,851753.1166,4726167.8422,17.5240
253,1,5.272012,0.000000,0.000000,0,0,22.577989,1,4180302.7477,851752.5439,4726168.3285,4180299.8913,851752.9679,4726168.5103,3.3080
254,1,13.690224,0.000000,0.000000,0,0,22.577989,1,4180300.5886,851752.0412,4726167.7852,4180299.1612,851752.8191,4726169.1784,11.7853
255,1,4.659204,0.000000,0.000000,0,0,22.577989,1,4180300.1185,851752.0333,4726167.8292,4180298.4310,851752.6703,4726169.8466,6.1658
256,1,21.104213,0.000000,0.000000,0,0,22.577989,1,4180300.4027,851752.2278,4726171.0969,4180297.7009,851752.5215,4726170.5147,19.5102
257,1,9.592395,0.000000,0.000000,0,0,22.577989,1,4180299.0483,851751.7087,4726170.7948,4180296.9707,851752.3728,4726171.1828,7.8988
258,1,1.307150,0.000000,0.000000,0,0,22.577989,1,4180298.3033,851751.4383,4726171.5806,4180296.2406,851752.2240,4726171.8509,1.4803
259,1,10.166685,0.000000,0.000000,0,0,22.577989,1,4180298.9271,851752.0626,4726171.4849,4180295.5104,851752.0752,4726172.5191,11.5115
260,1,2.894205,0.000000,0.000000,0,0,22.577989,1,4180298.1765,851751.6560,4726171.8595,4180294.7803,851751.9265,4726173.1872,3.9103
261,1,9.164853,0.000000,0.000000,0,0,22.577989,1,4180296.8413,851751.5760,4726173.5126,4180294.0501,851751.7777,4726173.8553,6.5518
262,1,8.105073,0.000000,0.000000,0,0,22.577989,1,4180296.6633,851751.4684,4726173.1766,4180293.3200,851751.6289,4726174.5234,9.5900
263,1,3.851082,0.000000,0.000000,0,0,22.577989,1,4180295.4926,851751.1511,4726173.6284,4180292.5898,851751.4801,4726175.1916,2.8388
264,1,18.935868,0.000000,0.000000,0,0,22.577989,1,4180293.2465,851750.9041,4726172.0496,4180291.8597,851751.3314,4726175.8597,19.2120
265,1,13.261934,0.000000,0.000000,0,0,22.577989,1,4180293.3935,851751.4611,4726174.0285,4180291.1295,851751.1826,4726176.5278,10.5209
266,1,16.990615,0.000000,0.000000,0,0,22.577989,1,4180291.4576,851751.5014,4726176.6283,4180290.3994,851751.0338,4726177.1959,13.7256
267,1,6.245480,0.000000,0.000000,0,0,22.577989,1,4180290.2900,851750.3313,4726177.2579,4180289.6692,851750.8851,4726177.8641,5.5731
268,1,13.918035,0.000000,0.000000,0,0,22.577989,1,4180287.3089,851751.0825,4726178.6130,4180288.9391,851750.7363,4726178.5322,13.0411
269,1,12.715941,0.000000,0.000000,0,0,22.577989,1,4180285.3694,851751.5341,4726180.8490,4180288.2089,851750.5875,4726179.2003,13.8136
270,1,15.267446,0.000000,0.000000,0,0,22.577989,1,4180285.4082,851751.8928,4726183.4988,4180287.4788,851750.4388,4726179.8684,16.1496
271,1,8.803912,0.000000,0.000000,0,0,22.577989,1,4180285.0226,851752.8661,4726183.6927,4180286.7486,851750.2900,4726180.5365,7.4222
272,1,14.624861,0.000000,0.000000,0,0,22.577989,1,4180283.7989,851752.1461,4726182.7881,4180286.0185,851750.1412,4726181.2047,11.1189
273,1,7.466999,0.000000,0.000000,0,0,22.577989,1,4180283.6243,851751.1207,4726183.8431,4180285.2883,851749.9924,4726181.8728,5.4591
274,1,17.458773,0.000000,0.000000,0,0,22.577989,1,4180283.3453,851752.2887,4726186.7158,4180284.5582,851749.8437,4726182.5409,19.5956
275,1,7.170868,0.000000,0.000000,0,0,22.577989,1,4180282.2513,851751.6833,4726186.8683,4180283.8280,851749.6949,4726183.2090,3.3018
276,1,11.090024,0.000000,0.000000,0,0,22.577989,1,4180281.1379,851752.9074,4726188.8936,4180283.0979,851749.5461,4726183.8772,15.6766
277,1,15.776160,0.000000,0.000000,0,0,22.577989,1,4180280.4382,851751.0904,4726188.3288,4180282.3677,851749.3974,4726184.5453,9.4742
278,1,18.032118,0.000000,0.000000,0,0,22.577989,1,4180279.9691,851752.1031,4726186.9841,4180281.6376,851749.2486,4726185.2134,15.0530
279,1,13.715464,0.000000,0.000000,0,0,22.577989,1,4180280.7769,851750.2672,4726187.9229,4180280.9074,851749.0998,4726185.8815,10.7940
280,1,26.849185,0.000000,0.000000,0,0,22.577989,1,4180279.0703,851749.4984,4726185.2218,4180280.1773,851748.9510,4726186.5496,24.7061
281,1,9.844193,0.000000,0.000000,0,0,22.577989,1,4180279.0519,851749.2089,4726184.5335,4180279.4471,851748.8023,4726187.2178,10.8543
282,1,10.676220,0.000000,0.000000,0,0,22.577989,1,4180276.4871,851748.8466,4726185.2914,4180278.7170,851748.6535,4726187.8859,10.6836
283,1,5.635095,0.000000,0.000000,0,0,22.577989,1,4180274.7183,851749.0157,4726185.9267,4180277.9868,851748.5047,4726188.5540,7.7696
284,1,22.376549,0.000000,0.000000,0,0,22.577989,1,4180273.3487,851747.9918,4726183.4950,4180277.2567,851748.3560,4726189.2221,25.6343
285,1,10.339340,0.000000,0.000000,0,0,22.577989,1,4180273.7528,851748.6756,4726184.2816,4180276.5265,851748.2072,4726189.8903,6.3941
286,1,7.561152,0.000000,0.000000,0,0,22.577989,1,4180272.2617,851747.3745,4726184.9366,4180275.7964,851748.0584,4726190.5584,9.0832
287,1,3.693941,0.000000,0.000000,0,0,22.577989,1,4180271.1961,851747.4727,4726184.8662,4180275.0662,851747.9096,4726191.2265,10.0053
288,1,10.724508,0.000000,0.000000,0,0,22.577989,1,4180271.8003,851748.3769,4726185.2365,4180274.3361,851747.7609,4726191.8946,9.5590
289,1,17.162619,0.000000,0.000000,0,0,22.577989,1,4180270.7320,851745.4237,4726186.4795,4180273.6059,851747.6121,4726192.5627,15.4254
290,1,18.237544,0.000000,0.000000,0,0,22.577989,1,4180270.7816,851744.5777,4726189.1340,4180272.8758,851747.4633,4726193.2309,12.1740
291,1,12.737553,0.000000,0.000000,0,0,22.577989,1,4180269.8097,851743.6083,4726191.2809,4180272.1456,851747.3146,4726193.8990,10.6376
292,1,9.007115,0.000000,0.000000,0,0,22.577989,1,4180269.8866,851741.9412,4726191.3232,4180271.4155,851747.1658,4726194.5671,12.8081
293,1,8.425554,0.000000,0.000000,0,0,22.577989,1,4180268.3013,851742.1312,4726192.5718,4180270.6853,851747.0170,4726195.2352,6.8199
294,1,13.020528,0.000000,0.000000,0,0,22.577989,1,4180267.5475,851742.6635,4726194.7336,4180269.9552,851746.8682,4726195.9033,9.2066
295,1,9.107446,0.000000,0.000000,0,0,22.577989,1,4180266.9223,851741.8716,4726194.3080,4180269.2250,851746.7195,4726196.5715,11.9728
296,1,15.145704,0.000000,0.000000,0,0,22.577989,1,4180267.3385,851743.8785,4726195.0218,4180268.4949,851746.5707,4726197.2396,9.6517
297,1,4.898532,0.000000,0.000000,0,0,22.577989,1,4180267.2281,851743.4063,4726195.1950,4180267.7647,851746.4219,4726197.9077,7.4580
298,1,6.738887,0.000000,0.000000,0,0,22.577989,1,4180267.5767,851743.2394,4726196.3991,4180267.0346,851746.2732,4726198.5758,5.6540
299,1,9.886138,0.000000,0.000000,0,0,22.577989,1,4180267.0447,851744.5992,4726197.6486,4180266.3044,851746.1244,4726199.2439,6.1621
