iter,mcycle,minstret,pc,hpmcounter3,hpmcounter5
0,0x118548,0x9a9a2,0x800066a4,0x50,0x196
1,0x12fc60,0xb1a05,0x800066a4,0x90,0x24c
2,0x14726d,0xc8ac2,0x800066a4,0x94,0x2ee
3,0x15e84e,0xdfaa9,0x800066a4,0x97,0x393
4,0x175e32,0xf6ad1,0x800066a4,0x9b,0x436
5,0x18d3e5,0x10db10,0x800066a4,0x9e,0x4ce
6,0x1a4a28,0x124ba3,0x800066a4,0xa1,0x576
7,0x1bc071,0x13bbfb,0x800066a4,0xa4,0x628
8,0x1d36fb,0x152c90,0x800066a4,0xa7,0x6dc
9,0x1ead17,0x169d78,0x800066a4,0xab,0x778
10,0x2023c7,0x180e29,0x800066a4,0xae,0x826
11,0x2199da,0x197e9b,0x800066a4,0xb1,0x8cb
12,0x231050,0x1aef5f,0x800066a4,0xb4,0x975
13,0x2486b1,0x1c603a,0x800066a4,0xba,0xa16
14,0x25fcf3,0x1dd059,0x800066a4,0xbe,0xac4
15,0x27730b,0x1f4102,0x800066a4,0xc1,0xb6b
16,0x28e98f,0x20b22d,0x800066a4,0xc5,0xc12
17,0x2a5fa8,0x22229f,0x800066a4,0xc9,0xcb6
18,0x2bd5c3,0x239277,0x800066a4,0xcc,0xd5a
19,0x2d4c16,0x25028b,0x800066a4,0xd0,0xe11
20,0x2ec276,0x2672fd,0x800066a4,0xd5,0xebb
21,0x303968,0x27e3ab,0x800066a4,0xd9,0xf79
22,0x31af66,0x2953d2,0x800066a4,0xdc,0x101b
23,0x3325cf,0x2ac49a,0x800066a4,0xdf,0x10c4
24,0x349bfb,0x2c354b,0x800066a4,0xe2,0x1157
25,0x3611c5,0x2da523,0x800066a4,0xe6,0x11ea
26,0x378781,0x2f1599,0x800066a4,0xe9,0x1281
27,0x38fd49,0x308592,0x800066a4,0xec,0x131d
28,0x3a73a6,0x31f5ec,0x800066a4,0xef,0x13be
29,0x3be98d,0x3365c7,0x800066a4,0xf2,0x144e
30,0x3d600c,0x34d6a0,0x800066a4,0xf5,0x14f8
31,0x3ed5e0,0x364696,0x800066a4,0xf8,0x15a1
32,0x404c8e,0x37b724,0x800066a4,0xfb,0x164d
33,0x41c2d4,0x3927e1,0x800066a4,0xff,0x16e9
34,0x4338d0,0x3a984d,0x800066a4,0x102,0x178b
35,0x44aeef,0x3c08a3,0x800066a4,0x106,0x182d
36,0x4624d2,0x3d78be,0x800066a4,0x109,0x18c4
37,0x479a65,0x3ee8f1,0x800066a4,0x10c,0x1950
38,0x49101f,0x405949,0x800066a4,0x10f,0x19e1
39,0x4a85ee,0x41c9bd,0x800066a4,0x112,0x1a7d
40,0x4bfba4,0x433a50,0x800066a4,0x115,0x1aff
41,0x4d7162,0x44aae7,0x800066a4,0x118,0x1b8d
42,0x4ee781,0x461be4,0x800066a4,0x11b,0x1c2b
43,0x505d53,0x478c61,0x800066a4,0x11e,0x1cca
44,0x51d381,0x48fce8,0x800066a4,0x121,0x1d76
45,0x5349c3,0x4a6d5c,0x800066a4,0x124,0x1e1d
46,0x54bf60,0x4bdd67,0x800066a4,0x127,0x1ebd
47,0x5635e4,0x4d4ddf,0x800066a4,0x12a,0x1f68
48,0x57abae,0x4ebe3d,0x800066a4,0x12d,0x2001
49,0x5921cd,0x502e84,0x800066a4,0x130,0x209e
50,0x5a9770,0x519f43,0x800066a4,0x132,0x213c
51,0x5c0cb6,0x530f78,0x800066a4,0x134,0x21c7
52,0x5d82b4,0x547ff9,0x800066a4,0x136,0x2263
53,0x5ef8e6,0x55f0bd,0x800066a4,0x138,0x2307
54,0x606ed9,0x576134,0x800066a4,0x13b,0x23ab
55,0x61e4c5,0x58d14e,0x800066a4,0x13d,0x2448
56,0x635ae5,0x5a41a2,0x800066a4,0x141,0x24dd
57,0x64d0ed,0x5bb21d,0x800066a4,0x143,0x2584
58,0x664766,0x5d229c,0x800066a4,0x146,0x2629
59,0x67bdfc,0x5e930f,0x800066a4,0x148,0x26d7
60,0x6933ee,0x60032f,0x800066a4,0x14a,0x2771
61,0x6aa9f8,0x617364,0x800066a4,0x14d,0x2809
62,0x6c1f58,0x62e3c2,0x800066a4,0x150,0x2894
63,0x6d956b,0x645450,0x800066a4,0x152,0x292f
64,0x6f0b6c,0x65c531,0x800066a4,0x156,0x29c4
65,0x708123,0x6735b5,0x800066a4,0x15a,0x2a5d
66,0x71f6fd,0x68a62f,0x800066a4,0x15c,0x2aed
67,0x736cbd,0x6a16a0,0x800066a4,0x15e,0x2b7f
68,0x74e2ae,0x6b86fe,0x800066a4,0x162,0x2c13
69,0x7658f1,0x6cf7c6,0x800066a4,0x165,0x2cb2
70,0x77ceef,0x6e6879,0x800066a4,0x168,0x2d3a
71,0x7944c3,0x6fd92b,0x800066a4,0x16b,0x2dc9
72,0x7aba94,0x714992,0x800066a4,0x16e,0x2e52
73,0x7c306d,0x72b9db,0x800066a4,0x171,0x2ee6
74,0x7da603,0x742a43,0x800066a4,0x175,0x2f72
75,0x7f1b78,0x759aaf,0x800066a4,0x178,0x2ff2
76,0x809108,0x770ada,0x800066a4,0x17f,0x306f
77,0x820684,0x787af8,0x800066a4,0x183,0x30fc
78,0x837c07,0x79eb65,0x800066a4,0x186,0x318b
79,0x84f215,0x7b5c10,0x800066a4,0x189,0x322f
80,0x86681f,0x7cccb1,0x800066a4,0x18c,0x32cd
81,0x87ddd0,0x7e3d4b,0x800066a4,0x18f,0x335f
82,0x8953d4,0x7fadec,0x800066a4,0x192,0x33fc
83,0x8ac944,0x811eb5,0x800066a4,0x194,0x347e
84,0x8c3efd,0x828f46,0x800066a4,0x196,0x3511
85,0x8db497,0x83ffaf,0x800066a4,0x199,0x35a4
86,0x8f29ea,0x857015,0x800066a4,0x19d,0x3626
87,0x909f4d,0x86e0ac,0x800066a4,0x19f,0x36a0
88,0x921444,0x885107,0x800066a4,0x1a1,0x3718
89,0x938a0a,0x89c1a8,0x800066a4,0x1a3,0x37a0
90,0x94ff8c,0x8b3279,0x800066a4,0x1a6,0x3825
91,0x967586,0x8ca2f5,0x800066a4,0x1a8,0x38b5
92,0x97eb73,0x8e132b,0x800066a4,0x1aa,0x3947
93,0x99617e,0x8f83aa,0x800066a4,0x1ad,0x39d3
94,0x9ad746,0x90f41d,0x800066a4,0x1b0,0x3a62
95,0x9c4d19,0x9264d8,0x800066a4,0x1b2,0x3aef
96,0x9dc2ca,0x93d53e,0x800066a4,0x1b4,0x3b8c
97,0x9f3834,0x9545ac,0x800066a4,0x1b6,0x3c0d
98,0xa0ae21,0x96b627,0x800066a4,0x1b9,0x3c98
99,0xa2237b,0x98264e,0x800066a4,0x1bb,0x3d21
100,0xa3989d,0x99968c,0x800066a4,0x1c1,0x3d99
101,0xa50e0c,0x9b06ba,0x800066a4,0x1c5,0x3e1a
102,0xa683b4,0x9c775a,0x800066a4,0x1c8,0x3e9e
103,0xa7f8bf,0x9de7bd,0x800066a4,0x1ca,0x3f16
104,0xa96ec7,0x9f58cd,0x800066a4,0x1cc,0x3fa5
105,0xaae460,0xa0c952,0x800066a4,0x1cf,0x4030
106,0xac5a18,0xa23a01,0x800066a4,0x1d1,0x40b9
107,0xadcfd5,0xa3aaa4,0x800066a4,0x1d4,0x413a
108,0xaf4582,0xa51aee,0x800066a4,0x1d6,0x41c3
109,0xb0bab3,0xa68b2b,0x800066a4,0x1d8,0x4241
110,0xb2307b,0xa7fbb0,0x800066a4,0x1db,0x42d7
111,0xb3a643,0xa96c8f,0x800066a4,0x1de,0x4359
112,0xb51ba6,0xaadcd2,0x800066a4,0x1e1,0x43d1
113,0xb69116,0xac4cde,0x800066a4,0x1e5,0x4457
114,0xb8064c,0xadbcef,0x800066a4,0x1e8,0x44d8
115,0xb97b89,0xaf2d6d,0x800066a4,0x1eb,0x4554
116,0xbaf18f,0xb09deb,0x800066a4,0x1ee,0x45e3
117,0xbc676c,0xb20e41,0x800066a4,0x1f1,0x4670
118,0xbddd59,0xb37ef8,0x800066a4,0x1f5,0x46fb
119,0xbf52ba,0xb4ef08,0x800066a4,0x1f8,0x4781
120,0xc0c87c,0xb65f53,0x800066a4,0x1fb,0x480c
121,0xc23e16,0xb7cfcb,0x800066a4,0x1fe,0x488e
122,0xc3b37b,0xb94021,0x800066a4,0x201,0x490c
123,0xc52903,0xbab04d,0x800066a4,0x205,0x4993
124,0xc69e9e,0xbc208c,0x800066a4,0x208,0x4a19
125,0xc813b0,0xbd9095,0x800066a4,0x20b,0x4a8d
126,0xc98939,0xbf0135,0x800066a4,0x20e,0x4b0d
127,0xcafe09,0xc070fd,0x800066a4,0x211,0x4b7c
128,0xcc7365,0xc1e107,0x800066a4,0x214,0x4bfe
129,0xcde8f7,0xc35183,0x800066a4,0x217,0x4c85
130,0xcf5e3c,0xc4c1e4,0x800066a4,0x21a,0x4cf9
131,0xd0d3dc,0xc63261,0x800066a4,0x21d,0x4d83
132,0xd2495c,0xc7a2c2,0x800066a4,0x220,0x4e08
133,0xd3bee0,0xc912d2,0x800066a4,0x223,0x4e8e
134,0xd53448,0xca8318,0x800066a4,0x227,0x4f09
135,0xd6a994,0xcbf355,0x800066a4,0x22b,0x4f85
136,0xd81ec8,0xcd63c1,0x800066a4,0x22f,0x4ffe
137,0xd993f5,0xced416,0x800066a4,0x232,0x5072
138,0xdb08d4,0xd04403,0x800066a4,0x236,0x50ed
139,0xdc7db6,0xd1b3fa,0x800066a4,0x239,0x5163
140,0xddf3cf,0xd324a2,0x800066a4,0x23f,0x51ee
141,0xdf699e,0xd49517,0x800066a4,0x243,0x527f
142,0xe0df3c,0xd60563,0x800066a4,0x247,0x5309
143,0xe254a9,0xd775b9,0x800066a4,0x24a,0x538d
144,0xe3ca41,0xd8e62e,0x800066a4,0x24e,0x540a
145,0xe54001,0xda56b0,0x800066a4,0x255,0x5491
146,0xe6b566,0xdbc73e,0x800066a4,0x258,0x5509
147,0xe82aeb,0xdd37b5,0x800066a4,0x25c,0x5592
148,0xe9a037,0xdea807,0x800066a4,0x25f,0x560b
149,0xeb1580,0xe01839,0x800066a4,0x262,0x5683
150,0xec8a6f,0xe18874,0x800066a4,0x265,0x56f8
151,0xedffe4,0xe2f8d5,0x800066a4,0x268,0x5776
152,0xef7537,0xe46975,0x800066a4,0x26b,0x57ee
153,0xf0ea92,0xe5d9b6,0x800066a4,0x26e,0x5869
154,0xf26027,0xe749e4,0x800066a4,0x271,0x58f0
155,0xf3d663,0xe8ba84,0x800066a4,0x274,0x5980
156,0xf54ba9,0xea2a83,0x800066a4,0x278,0x59f7
157,0xf6c177,0xeb9ada,0x800066a4,0x27c,0x5a7c
158,0xf83719,0xed0b07,0x800066a4,0x27f,0x5b08
159,0xf9ac1e,0xee7b43,0x800066a4,0x283,0x5b7b
160,0xfb2164,0xefebac,0x800066a4,0x287,0x5bf2
161,0xfc96a9,0xf15bfe,0x800066a4,0x28a,0x5c6a
162,0xfe0c33,0xf2cc99,0x800066a4,0x28e,0x5cda
163,0xff815a,0xf43d1d,0x800066a4,0x291,0x5d3e
164,0x100f6e4,0xf5ada5,0x800066a4,0x294,0x5dba
165,0x1026c5c,0xf71e01,0x800066a4,0x298,0x5e2f
166,0x103e238,0xf88e7e,0x800066a4,0x29f,0x5eac
167,0x10557a6,0xf9fef4,0x800066a4,0x2a3,0x5f1d
168,0x106cd2e,0xfb6fb1,0x800066a4,0x2a6,0x5f82
169,0x10842cb,0xfce06d,0x800066a4,0x2a9,0x5ffb
170,0x109b839,0xfe50e9,0x800066a4,0x2ac,0x606d
171,0x10b2de7,0xffc148,0x800066a4,0x2af,0x60e9
172,0x10ca34e,0x101317c,0x800066a4,0x2b2,0x6162
173,0x10e1860,0x102a1ad,0x800066a4,0x2b5,0x61ce
174,0x10f8d0a,0x10411cf,0x800066a4,0x2b8,0x6231
175,0x11102d6,0x1058282,0x800066a4,0x2bc,0x62b2
176,0x112783d,0x106f2f1,0x800066a4,0x2bf,0x6323
177,0x113ede6,0x108632d,0x800066a4,0x2c2,0x63a5
178,0x1156380,0x109d37d,0x800066a4,0x2c5,0x6425
179,0x116d8fe,0x10b441b,0x800066a4,0x2c8,0x649a
180,0x1184e90,0x10cb4a4,0x800066a4,0x2cb,0x651b
181,0x119c3d5,0x10e2553,0x800066a4,0x2ce,0x6594
182,0x11b395d,0x10f95c5,0x800066a4,0x2d1,0x660c
183,0x11caeba,0x111060f,0x800066a4,0x2d4,0x667b
184,0x11e2357,0x112761c,0x800066a4,0x2d7,0x66d9
185,0x11f9835,0x113e62a,0x800066a4,0x2da,0x673f
186,0x1210cca,0x11556b6,0x800066a4,0x2dc,0x6795
187,0x12281c8,0x116c706,0x800066a4,0x2de,0x67fc
188,0x123f711,0x11837c4,0x800066a4,0x2e0,0x6867
189,0x1256c1d,0x119a81e,0x800066a4,0x2e2,0x68d0
190,0x126e191,0x11b187b,0x800066a4,0x2e5,0x6951
191,0x1285732,0x11c88d5,0x800066a4,0x2e7,0x69cf
192,0x129ccc6,0x11df973,0x800066a4,0x2ea,0x6a41
193,0x12b423b,0x11f69d9,0x800066a4,0x2ec,0x6abd
194,0x12cb76e,0x120da5d,0x800066a4,0x2ef,0x6b2e
195,0x12e2ca1,0x1224abe,0x800066a4,0x2f3,0x6ba2
196,0x12fa17c,0x123bb0d,0x800066a4,0x2f6,0x6c01
197,0x13115f6,0x1252b41,0x800066a4,0x2f8,0x6c59
198,0x1328b33,0x1269bd5,0x800066a4,0x2fb,0x6ccd
199,0x1340078,0x1280c36,0x800066a4,0x2ff,0x6d3a
200,0x13575e2,0x1297c88,0x800066a4,0x303,0x6db7
201,0x136eb3a,0x12aed4c,0x800066a4,0x307,0x6e26
202,0x13860a0,0x12c5dbb,0x800066a4,0x30b,0x6e9c
203,0x139d5d0,0x12dce07,0x800066a4,0x30e,0x6f09
204,0x13b4b3b,0x12f3ebb,0x800066a4,0x311,0x6f77
205,0x13cc02f,0x130aecc,0x800066a4,0x314,0x6fee
206,0x13e3571,0x1321f56,0x800066a4,0x317,0x7065
207,0x13fa9df,0x1338fcf,0x800066a4,0x31c,0x70ba
208,0x1411ed6,0x135000f,0x800066a4,0x320,0x7128
209,0x142934b,0x136705d,0x800066a4,0x323,0x7188
210,0x1440800,0x137e0c2,0x800066a4,0x326,0x71eb
211,0x1457c76,0x1395114,0x800066a4,0x329,0x7249
212,0x146f195,0x13ac14f,0x800066a4,0x32e,0x72b0
213,0x14866cc,0x13c31f4,0x800066a4,0x332,0x731b
214,0x149dc16,0x13da257,0x800066a4,0x336,0x738c
215,0x14b516f,0x13f1291,0x800066a4,0x339,0x7403
216,0x14cc6c5,0x1408303,0x800066a4,0x33d,0x7479
217,0x14e3c1b,0x141f371,0x800066a4,0x340,0x74e6
218,0x14fb18a,0x1436382,0x800066a4,0x347,0x7555
219,0x1512603,0x144d3c0,0x800066a4,0x34a,0x75a9
220,0x1529ad8,0x1464406,0x800066a4,0x34d,0x7613
221,0x1540f84,0x147b495,0x800066a4,0x350,0x7675
222,0x155842a,0x14924bf,0x800066a4,0x353,0x76d8
223,0x156f89b,0x14a94d8,0x800066a4,0x356,0x7739
224,0x1586dab,0x14c0523,0x800066a4,0x359,0x77a5
225,0x159e2bb,0x14d7581,0x800066a4,0x35c,0x7813
226,0x15b57c8,0x14ee600,0x800066a4,0x35f,0x7882
227,0x15cccf2,0x1505617,0x800066a4,0x363,0x78f2
228,0x15e4236,0x151c661,0x800066a4,0x366,0x7963
229,0x15fb78f,0x15336dc,0x800066a4,0x369,0x79d7
230,0x1612cef,0x154a74b,0x800066a4,0x36d,0x7a4d
231,0x162a1c1,0x1561787,0x800066a4,0x370,0x7aad
232,0x164161b,0x15787d4,0x800066a4,0x373,0x7b02
233,0x1658aef,0x158f850,0x800066a4,0x376,0x7b69
234,0x166ff95,0x15a68b2,0x800066a4,0x37a,0x7bc2
235,0x1687472,0x15bd90e,0x800066a4,0x37d,0x7c21
236,0x169e962,0x15d495a,0x800066a4,0x381,0x7c8b
237,0x16b5e59,0x15eb9bf,0x800066a4,0x384,0x7ced
238,0x16cd3b6,0x1602a50,0x800066a4,0x388,0x7d63
239,0x16e48df,0x1619a72,0x800066a4,0x38c,0x7dd5
240,0x16fbdf1,0x1630ac2,0x800066a4,0x391,0x7e3a
241,0x17132c7,0x1647b32,0x800066a4,0x394,0x7ea0
242,0x172a7aa,0x165ebb8,0x800066a4,0x397,0x7f0d
243,0x1741c37,0x1675c2d,0x800066a4,0x39b,0x7f63
244,0x17590cd,0x168cc50,0x800066a4,0x39e,0x7fbc
245,0x17705b2,0x16a3cb6,0x800066a4,0x3a1,0x8026
246,0x1787a45,0x16bad18,0x800066a4,0x3a4,0x807f
247,0x179ef27,0x16d1d5a,0x800066a4,0x3a8,0x80dd
248,0x17b641d,0x16e8def,0x800066a4,0x3ac,0x813f
249,0x17cd91d,0x16ffe50,0x800066a4,0x3af,0x81ad
250,0x17e4e05,0x1716ea8,0x800066a4,0x3b2,0x8212
251,0x17fc311,0x172df08,0x800066a4,0x3b5,0x827f
252,0x181385b,0x1744f47,0x800066a4,0x3bb,0x82f4
253,0x182ad70,0x175bfd4,0x800066a4,0x3bf,0x8369
254,0x18421c4,0x177302f,0x800066a4,0x3c3,0x83b8
255,0x185968b,0x178a092,0x800066a4,0x3c6,0x8413
256,0x1870b62,0x17a10d4,0x800066a4,0x3cb,0x8474
257,0x1888004,0x17b812f,0x800066a4,0x3ce,0x84dc
258,0x189f4d1,0x17cf18b,0x800066a4,0x3d1,0x853a
259,0x18b69fa,0x17e61c0,0x800066a4,0x3d4,0x85a6
260,0x18cdf18,0x17fd245,0x800066a4,0x3d7,0x8613
261,0x18e5450,0x18142b5,0x800066a4,0x3db,0x8683
262,0x18fc964,0x182b334,0x800066a4,0x3df,0x86f2
263,0x1913e7c,0x184237e,0x800066a4,0x3e3,0x8765
264,0x192b386,0x18593c8,0x800066a4,0x3e7,0x87d4
265,0x1942839,0x1870445,0x800066a4,0x3ec,0x882e
266,0x1959d17,0x18874ec,0x800066a4,0x3f1,0x8893
267,0x19711bc,0x189e53c,0x800066a4,0x3f8,0x88ea
268,0x198861d,0x18b5586,0x800066a4,0x3fd,0x8939
269,0x199fa3a,0x18cc5db,0x800066a4,0x401,0x898e
270,0x19b6fc7,0x18e365d,0x800066a4,0x409,0x89fb
271,0x19ce4de,0x18fa6fa,0x800066a4,0x40d,0x8a5d
272,0x19e59ea,0x1911757,0x800066a4,0x410,0x8ac4
273,0x19fcedf,0x19287c0,0x800066a4,0x416,0x8b26
274,0x1a1440b,0x193f7de,0x800066a4,0x41a,0x8b98
275,0x1a2b87f,0x1956857,0x800066a4,0x41f,0x8bf5
276,0x1a42db6,0x196d861,0x800066a4,0x423,0x8c61
277,0x1a5a24e,0x19848bc,0x800066a4,0x427,0x8cc1
278,0x1a716c2,0x199b905,0x800066a4,0x42b,0x8d16
279,0x1a88b45,0x19b2998,0x800066a4,0x42e,0x8d6a
280,0x1a9ffca,0x19c99be,0x800066a4,0x432,0x8dc5
281,0x1ab7463,0x19e0a47,0x800066a4,0x436,0x8e21
282,0x1ace940,0x19f7a8c,0x800066a4,0x439,0x8e91
283,0x1ae5e69,0x1a0eadf,0x800066a4,0x43f,0x8ef9
284,0x1afd3aa,0x1a25b5f,0x800066a4,0x443,0x8f68
285,0x1b148c5,0x1a3cbb8,0x800066a4,0x447,0x8fcc
286,0x1b2bdc5,0x1a53c07,0x800066a4,0x44a,0x903d
287,0x1b43285,0x1a6ac02,0x800066a4,0x44e,0x90a6
288,0x1b5a76e,0x1a81c73,0x800066a4,0x451,0x9112
289,0x1b71bbf,0x1a98c90,0x800066a4,0x455,0x916c
290,0x1b89046,0x1aafce2,0x800066a4,0x459,0x91c5
291,0x1ba04d0,0x1ac6d16,0x800066a4,0x45e,0x9224
292,0x1bb796f,0x1addd52,0x800066a4,0x461,0x927e
293,0x1bcee98,0x1af4db5,0x800066a4,0x464,0x92e7
294,0x1be63cf,0x1b0be13,0x800066a4,0x467,0x934d
295,0x1bfd8b4,0x1b22e3e,0x800066a4,0x46c,0x93bc
296,0x1c14df4,0x1b39ebe,0x800066a4,0x46f,0x942a
297,0x1c2c31f,0x1b50f13,0x800066a4,0x473,0x949e
298,0x1c4385a,0x1b67f6d,0x800066a4,0x477,0x9517
